{"X0_POWER_VCCAUX": [1.33188,1.56525,1.13863,1.56525,1.52113,1.56531,1.56525,1.05331,2.76,1.69331],"X0_POWER_+1.8V": [1.56525,1.18131,1.06131,2.256,2.768,2.768,2.268,1.28763,1.43731,1.69331],"+12_SCALED": [0.931357,0.2,0.2,0.491429,1.0685,0.931143,0.2,0.2,0.423929,1.37],"ARTIX_MGTAVCC": [1.56525,1.18131,1.33163,1.52788,1.47981,1.56531,1.26663,1.56531,1.56531,2.416],"SERVICES+1.0V": [0.950625,1.27088,1.56531,1.56525,1.13863,1.27063,1.33594,1.56525,1.56525,1.33188],"SERVICES+1.5V": [1.21331,1.56525,1.13863,1.21331,1.9065,1.56531,1.56525,1.56525,1.27063,1.56531],"X1_POWER_MGTAVTT_N": [0.413312,0.2,0.2,0.2,0.541313,0.536,0.2,0.2,0.22,0.541313],"X1_POWER_VCCINT": [0.2,0.2,0.218438,0.541313,0.311938,0.2,0.2,0.536,0.370625,0.232688],"X1_POWER_VCCAUX": [0.514625,0.2,0.2,0.2,0.421313,0.445312,0.2,0.2,0.2,0.311687],"X1_POWER_+1.8V": [0.541313,0.2,0.2,0.2,0.328313,0.413312,0.221313,0.2,0.2,0.54],"X0_POWER_VCCINT": [1.56525,2.256,1.56531,1.56525,1.30931,1.28688,2.768,1.35194,1.14269,1.33594],"X0_POWER_MGTAVTT_S": [1.56525,1.33194,1.27169,1.18131,1.56525,1.56531,1.56531,1.21581,2.76,1.56531],"X1_POWER_MGTVCCAUX_N": [0.2,0.413312,0.541313,0.2,0.2,0.54,0.541313,0.2,0.2,0.413312],"X1_POWER_MGTAVCC_S": [0.322625,0.2,0.2,0.457313,0.498625,0.2,0.2,0.2,0.54,0.541313],"X1_POWER_MGTAVCC_N": [0.54,0.2,0.2,0.317313,0.453313,0.317313,0.2,0.2,0.307438,0.445312],"X1_POWER_MGTVCCAUC_S": [0.2,0.2,0.317313,0.541313,0.536,0.2,0.2,0.245313,0.541313,0.472],"X1_POWER_MGTAVTT_S": [0.445312,0.2,0.2,0.285313,0.455938,0.2,0.2,0.2,0.541,0.54],"SERVICES_POWER_STANDBY_+3.3V": [1.27063,1.56525,1.18131,2.256,1.56531,1.33194,1.18131,1.27163,1.46931,1.52663],"SERVICES+1.8V": [1.33188,1.20263,1.13863,1.27063,1.46931,1.27063,1.18131,1.56531,1.46931,1.56531],"X0_POWER_MGTAVTT_N": [1.28763,1.26663,1.56525,1.33594,1.46931,1.56525,1.56525,1.9065,1.35194,1.14269],"X1_POWER_+3.3V": [0.455938,0.258625,0.2,0.2,0.297312,0.453313,0.305813,0.2,0.2,0.277313],"X0_POWER_+3.3V": [2.384,1.906,1.13863,1.56525,1.56531,1.28763,1.18131,1.21331,1.46931,1.20669],"X0_POWER_MGTAVCC_S": [1.52263,1.08531,1.56525,1.33594,1.46931,1.56525,1.56525,1.56531,1.33188,1.565],"SERVICES+3.3V": [0.2,0.2,0.445312,0.37,0.2,0.2,0.2,0.54125,0.415812,0.2],"5V_SCALED": [0.2,0.2,0.687143,0.551161,0.230446,0.2,0.2,0.685714,0.44375,0.216607],"Not Used": [1.56531,1.28769,1.56531,1.56531,1.69331,1.59731,1.56531,1.56531,1.56731,1.69531],"X0_POWER_+1.8V_ANALOGUE": [1.56525,1.09531,1.26663,1.56531,2.384,1.27063,1.56525,1.14263,1.47131,1.56531],"X0_POWER_MGTAVCC_N": [1.565,1.56531,1.27063,1.13863,1.56525,1.56531,2.768,1.21863,2.76,1.56531],"X0_POWER_MGTVCCAUC_N": [1.13863,1.05331,1.906,2.77,2.77,1.27063,1.21331,1.43731,1.52769,1.56531],"X1_POWER_+1.8V_ANALOGUE": [0.202063,0.2,0.202813,0.445312,0.54,0.2,0.2,0.201312,0.54125,0.54],"X0_POWER_MGTVCCAUC_S": [1.56525,1.565,1.18131,1.56531,1.33188,1.18131,1.22381,1.56531,1.56531,1.13863],"ARTIX_MGTAVTT": [1.18131,1.56525,1.56531,1.33594,1.906,1.18131,1.27063,1.43731,1.56531,1.27063],}