{"X0_POWER_VCCAUX": [1.14263,1.56531,1.22381,1.18931,1.28763,1.56531,1.35194,1.21581,1.56531,1.47981],"X0_POWER_+1.8V": [1.56525,1.46931,1.56531,1.56525,1.22381,1.46931,1.47981,1.56531,1.22331,1.56531],"+12_SCALED": [1.37021,1.37,0.2,0.2,0.2,1.36914,1.04107,0.2,0.2,0.2],"ARTIX_MGTAVCC": [1.08531,1.13863,1.33188,1.33188,1.56525,1.18131,1.56531,1.47981,1.27063,1.27063],"SERVICES+1.0V": [1.565,1.56525,2.768,1.56531,1.56531,1.56525,1.56531,1.52663,1.56531,1.18131],"SERVICES+1.5V": [1.565,1.56525,1.28763,2.256,2.384,2.24863,1.43731,1.56531,1.56531,1.27063],"X1_POWER_MGTAVTT_N": [0.2,0.2,0.279625,0.370625,0.207938,0.2,0.2,0.349313,0.541313,0.257313],"X1_POWER_VCCINT": [0.2,0.284,0.423937,0.229313,0.2,0.229313,0.505313,0.249313,0.2,0.28],"X1_POWER_VCCAUX": [0.2,0.2,0.265938,0.541313,0.349313,0.2,0.2,0.2,0.413312,0.536],"X1_POWER_+1.8V": [0.2,0.2,0.536,0.521313,0.285313,0.2,0.2,0.457313,0.421313,0.2],"X0_POWER_VCCINT": [1.56531,1.20669,1.18131,1.565,1.56531,1.56531,1.56531,1.56525,1.56525,1.56525],"X0_POWER_MGTAVTT_S": [1.906,1.56531,1.18131,1.56525,1.33594,1.56531,1.56525,1.06131,1.56531,1.47181],"X1_POWER_MGTVCCAUX_N": [0.2,0.2,0.307438,0.455438,0.307938,0.2,0.2,0.2,0.445312,0.456],"X1_POWER_MGTAVCC_S": [0.2,0.244625,0.445312,0.229313,0.2,0.226625,0.455938,0.261313,0.2,0.2],"X1_POWER_MGTAVCC_N": [0.541313,0.317313,0.2,0.2,0.541313,0.536,0.2,0.2,0.453313,0.322875],"X1_POWER_MGTVCCAUC_S": [0.488625,0.54125,0.2,0.2,0.203313,0.54125,0.336,0.2,0.2,0.206125],"X1_POWER_MGTAVTT_S": [0.2,0.2,0.221313,0.370625,0.413312,0.2,0.2,0.215687,0.445312,0.54],"SERVICES_POWER_STANDBY_+3.3V": [1.565,1.56525,1.18131,1.56525,1.56525,1.56531,1.46931,1.43731,1.56525,1.14263],"SERVICES+1.8V": [1.56525,1.33188,1.56531,1.26663,1.21331,1.33188,2.258,1.52663,1.56531,1.56525],"X0_POWER_MGTAVTT_N": [1.33188,1.56525,1.565,1.30931,1.35194,2.768,2.77,2.24925,1.47131,1.69331],"X1_POWER_+3.3V": [0.2,0.296625,0.541313,0.41325,0.2,0.2,0.239938,0.541313,0.349313,0.2],"X0_POWER_+3.3V": [1.56525,2.256,1.33594,1.27063,1.43731,1.56531,1.47181,1.33163,2.76,2.77],"X0_POWER_MGTAVCC_S": [1.56531,1.56531,1.56525,1.18131,1.56531,1.52144,2.768,1.56531,1.906,1.43731],"SERVICES+3.3V": [0.2,0.72,0.541313,0.222625,0.2,0.2,0.541313,0.218438,0.2,0.2],"5V_SCALED": [0.687589,0.6875,0.2,0.2,0.685714,0.535179,0.2,0.2,0.504732,0.550446],"Not Used": [1.35194,1.47981,1.65063,2.896,2.896,1.72531,2.896,2.07725,1.47931,1.69331],"X0_POWER_+1.8V_ANALOGUE": [1.56531,1.56531,1.56525,1.56525,1.56531,1.56531,1.56525,1.18931,1.56525,1.56531],"X0_POWER_MGTAVCC_N": [1.56531,2.256,1.56525,1.28763,1.47931,1.69331,1.56531,1.56525,1.27063,1.46931],"X0_POWER_MGTVCCAUC_N": [1.18331,1.35194,1.56531,1.56525,2.256,2.77,1.56531,1.27063,1.18931,1.56525],"X1_POWER_+1.8V_ANALOGUE": [0.457313,0.541313,0.2,0.2,0.2,0.413312,0.457313,0.2,0.2,0.2],"X0_POWER_MGTVCCAUC_S": [2.256,1.56531,1.13863,1.21331,1.56531,1.56531,1.56531,1.56525,1.56525,1.56531],"ARTIX_MGTAVTT": [1.27063,2.384,1.28769,1.20263,1.43731,1.56531,1.22381,1.56525,1.28763,1.56531],}