{"X0_POWER_VCCAUX": [1.33188,1.27063,1.13863,1.27169,2.416,1.56531,1.56525,1.56531,1.56531,1.906,1.56525,1.56525,1.56531,1.18131,1.18131,1.33163,1.46931,1.56531,1.18131,1.56531,1.56531,1.56525,1.18131,2.76,1.56531,2.76,1.56525,2.896,1.56531,1.27063,1.56525,1.35194,1.56531,1.906,1.27063,1.56531,1.56531,1.56525,1.56525,1.33188,2.768,1.27063,1.27063,1.35194,1.56531,1.26663,1.18131,1.39463,1.56531,1.56525],"X0_POWER_+1.8V": [1.05331,1.56531,2.256,1.27063,1.56525,1.27169,1.56531,1.43731,1.21531,1.56525,1.46931,2.77,1.39463,1.56525,1.56531,1.56531,1.56531,1.27063,2.256,2.76,2.768,1.69331,1.56531,1.33594,1.47131,2.77,1.69331,1.47131,1.27063,1.56531,1.69331,2.77,1.47131,1.44531,2.589,2.07731,1.67331,1.33163,1.56525,1.56531,2.768,1.69331,1.43731,1.46931,1.56731,1.52663,1.56531,1.27063,1.56531,1.59731],"+12_SCALED": [1.18957,0.2,0.2,0.2,1.04107,0.6215,0.2,0.2,0.931143,1.37021,0.350429,0.2,0.2,0.637571,1.04107,0.2,0.2,0.2,0.931357,0.931357,0.2,0.2,0.2,0.931357,1.36571,0.2,0.2,0.254214,1.11414,1.352,0.2,0.2,0.3575,1.37021,0.711929,0.2,0.2,0.372929,1.37,1.07879,0.2,0.2,0.423929,0.931357,0.570071,0.2,0.2,1.37,0.931143,0.2],"ARTIX_MGTAVCC": [1.565,1.18131,1.56531,2.768,1.33163,1.906,2.384,1.56531,1.69331,1.33594,1.56525,2.768,1.72531,1.59931,1.56531,1.56531,1.56531,2.77,2.768,1.28763,2.768,2.77,2.896,1.69331,1.43731,1.56531,1.67331,1.59931,2.256,1.56525,1.56531,1.46931,2.768,1.56531,1.56525,1.27169,1.56531,1.56531,1.56525,1.18131,2.76,1.69331,1.69331,1.46931,1.22381,1.56531,1.67331,2.768,1.33163,1.13863],"SERVICES+1.0V": [1.56531,1.13863,1.13863,1.22381,1.52663,1.56531,1.27063,1.56525,1.56525,1.46931,1.52663,1.56525,1.56525,1.56531,1.56531,1.08731,1.56525,1.43731,1.52663,1.27169,1.27063,1.56531,1.56531,1.18331,1.56525,1.56531,2.416,1.56531,1.22381,1.56531,1.56531,1.56525,1.56525,1.56531,1.56531,1.22381,1.56525,1.46931,1.35194,1.22381,1.56525,1.46931,1.56525,1.08731,1.56531,2.77,1.56531,1.18131,1.56531,1.56531],"SERVICES+1.5V": [1.56525,1.18131,1.39463,1.56531,1.56531,2.384,1.28763,1.56525,1.28788,1.56531,1.56531,1.56525,1.27063,1.56531,2.768,1.56531,1.27063,1.27169,1.56531,1.35194,1.46931,1.56531,1.33163,2.384,1.56531,1.56531,1.56531,1.56525,2.76,1.56531,1.33594,1.21331,1.28763,1.56531,1.56531,1.906,1.14369,1.33188,1.56531,1.56531,2.76,2.768,1.56531,1.56531,1.39863,1.56531,1.33163,1.43731,1.35194,1.52663],"X1_POWER_MGTAVTT_N": [0.455938,0.200625,0.2,0.2,0.349313,0.413312,0.2,0.2,0.274625,0.453313,0.536,0.2,0.2,0.277313,0.453813,0.285313,0.2,0.2,0.349313,0.455938,0.278625,0.2,0.2,0.413312,0.754,0.2,0.2,0.2,0.413312,0.488625,0.2,0.2,0.2,0.541,0.2,0.2,0.536,0.413312,0.2,0.2,0.536,0.541313,0.317313,0.2,0.2,0.310625,0.498625,0.283938,0.2,0.2],"X1_POWER_VCCINT": [0.541313,0.455938,0.2,0.2,0.413312,0.498625,0.2,0.2,0.310688,0.54125,0.2,0.2,0.413312,0.377313,0.2,0.2,0.456,0.541313,0.2,0.2,0.321313,0.457313,0.2,0.2,0.54,0.421313,0.2,0.2,0.541,0.445312,0.2,0.2,0.413312,0.541313,0.2,0.2,0.2,0.370625,0.274625,0.2,0.2,0.445312,0.326937,0.2,0.2,0.541313,0.2,0.2,0.54,0.54125],"X1_POWER_VCCAUX": [0.2,0.455938,0.315437,0.2,0.2,0.221313,0.54125,0.466625,0.2,0.2,0.305313,0.2,0.2,0.413312,0.445312,0.2,0.2,0.2,0.413312,0.54125,0.2,0.2,0.2,0.541,0.370625,0.2,0.2,0.2,0.413312,0.445312,0.2,0.2,0.370625,0.541313,0.2,0.2,0.336,0.541313,0.2,0.2,0.349313,0.453313,0.2,0.2,0.413312,0.413312,0.2,0.2,0.370625,0.541],"X1_POWER_+1.8V": [0.2,0.2,0.274625,0.541313,0.2,0.2,0.285,0.541313,0.2,0.2,0.285313,0.541313,0.2,0.2,0.258625,0.413312,0.204625,0.2,0.258625,0.455438,0.456313,0.2,0.2,0.2,0.54125,0.413312,0.2,0.2,0.232625,0.370625,0.2,0.2,0.2,0.54125,0.541,0.2,0.2,0.221313,0.413312,0.54,0.2,0.2,0.218313,0.370625,0.456313,0.2,0.2,0.217312,0.370625,0.413312],"X0_POWER_VCCINT": [1.27063,1.56525,1.22381,1.46931,1.56531,2.256,1.27169,1.43731,1.59731,1.47981,1.56525,1.56525,1.35194,1.56531,1.56525,1.18131,1.56531,2.416,1.27169,1.56525,1.46931,1.56531,2.256,2.76,1.47981,1.69331,1.67331,1.56531,1.39463,1.46931,1.56531,1.33188,1.18131,1.33163,1.46931,2.77,1.27063,1.46931,2.248,1.56525,1.56525,1.56531,2.77,1.28763,1.56531,1.56531,1.56531,1.56525,1.18331,1.46931],"X0_POWER_MGTAVTT_S": [1.56531,1.43731,1.906,1.18131,1.46931,1.56531,1.56525,1.56525,1.33594,1.46931,1.27063,1.56525,1.56531,2.768,1.20263,1.27063,1.61063,1.52663,1.28763,1.56525,1.56531,1.56531,1.26663,1.56525,1.33188,2.768,1.67331,1.56525,1.906,2.248,1.59931,1.56531,2.76,1.27169,1.56531,2.77,1.69331,1.56531,2.76,1.69331,2.77,1.67331,1.28763,1.67331,1.69331,1.56531,1.18131,1.46931,1.56531,2.76],"X1_POWER_MGTVCCAUX_N": [0.2,0.2,0.285313,0.445312,0.2,0.2,0.2,0.447313,0.305813,0.2,0.2,0.455813,0.321313,0.2,0.2,0.2,0.541313,0.36,0.2,0.2,0.219938,0.541313,0.413312,0.2,0.2,0.209438,0.541313,0.54,0.2,0.2,0.22,0.457313,0.54,0.2,0.2,0.2,0.541,0.54,0.2,0.2,0.2,0.54125,0.2,0.2,0.2,0.541313,0.317313,0.2,0.2,0.616],"X1_POWER_MGTAVCC_S": [0.421313,0.447313,0.2,0.2,0.36,0.541313,0.2,0.2,0.244625,0.541313,0.221313,0.2,0.28,0.541313,0.2,0.2,0.536,0.541313,0.2,0.2,0.317313,0.445312,0.2,0.2,0.455938,0.2,0.2,0.206125,0.445312,0.2,0.2,0.2,0.453313,0.277313,0.2,0.297312,0.498625,0.2,0.2,0.285313,0.455938,0.2,0.2,0.279938,0.370625,0.2,0.2,0.277313,0.455938,0.2],"X1_POWER_MGTAVCC_N": [0.2,0.2,0.421313,0.445312,0.2,0.2,0.456,0.541313,0.317313,0.2,0.2,0.317313,0.541313,0.305313,0.2,0.2,0.317313,0.453313,0.305313,0.2,0.2,0.54,0.541313,0.2,0.2,0.2,0.54,0.493313,0.222625,0.2,0.2,0.305313,0.541313,0.264,0.2,0.2,0.521313,0.311312,0.2,0.232625,0.445312,0.54125,0.541313,0.2,0.2,0.413312,0.541313,0.2,0.2,0.54],"X1_POWER_MGTVCCAUC_S": [0.28,0.2,0.2,0.541313,0.28525,0.2,0.2,0.447313,0.365313,0.2,0.2,0.54125,0.224,0.2,0.2,0.370625,0.2,0.2,0.2,0.541313,0.309313,0.2,0.2,0.54,0.54125,0.2,0.2,0.2,0.368,0.488625,0.202625,0.2,0.2,0.54,0.54125,0.2,0.2,0.2,0.54,0.447313,0.202625,0.2,0.2,0.413312,0.453313,0.223312,0.2,0.2,0.413312,0.455312],"X1_POWER_MGTAVTT_S": [0.413312,0.2,0.2,0.269938,0.541313,0.472,0.2,0.2,0.36,0.54125,0.536,0.2,0.2,0.2,0.445312,0.456313,0.2,0.2,0.349313,0.247938,0.2,0.2,0.445312,0.28525,0.2,0.2,0.541313,0.306625,0.2,0.2,0.541313,0.297312,0.2,0.2,0.541313,0.285313,0.2,0.2,0.54,0.541313,0.2,0.322625,0.541313,0.221313,0.2,0.2,0.541313,0.2,0.2,0.226625],"SERVICES_POWER_STANDBY_+3.3V": [1.565,1.904,2.384,1.56531,1.56525,1.22394,1.46931,1.56531,1.56531,1.565,1.22381,1.47981,1.69331,1.56531,1.56525,1.56525,2.896,1.56731,2.768,1.56531,1.56531,1.52769,1.56531,1.56531,1.27063,1.47181,2.768,1.56531,1.27063,1.56531,1.56531,1.27063,1.56525,2.896,1.47981,1.56525,1.21331,1.56531,2.76,1.56525,1.56525,2.77,1.56531,1.27063,1.56531,1.46931,1.22381,1.56525,1.90663,1.47181],"SERVICES+1.8V": [1.08531,1.56525,1.46931,1.56531,1.56531,1.56525,1.46931,1.52663,1.43731,1.906,1.46931,1.56531,1.56525,1.56525,1.56531,1.47131,1.33188,1.13863,1.56531,1.56531,1.52663,1.56531,1.22381,1.56531,1.67331,1.56531,2.77,1.56531,1.56531,1.56531,1.52663,1.56531,1.39463,1.33594,1.68938,1.69331,1.47131,2.416,1.56531,1.59731,1.52769,2.76,1.27169,1.35194,1.69331,2.77,2.896,1.47131,1.56531,1.59731],"X0_POWER_MGTAVTT_N": [1.05331,1.13863,2.384,2.256,1.21531,1.33594,2.77,1.69331,1.28763,2.24931,1.67331,2.588,1.47731,1.43731,1.71463,2.896,1.69331,2.77,1.43731,1.56531,1.69331,1.70131,1.46931,2.416,1.56531,1.70131,1.90663,1.56531,2.77,1.70763,1.59931,1.56531,1.21331,1.56525,1.33188,1.56531,1.46931,1.56525,1.13863,1.56531,2.77,1.47981,1.56525,1.33594,2.24931,1.54369,2.416,1.33163,1.69331,1.69331],"X1_POWER_+3.3V": [0.222625,0.2,0.2,0.456313,0.375313,0.284,0.2,0.2,0.536,0.445312,0.264,0.2,0.2,0.536,0.370625,0.261313,0.2,0.2,0.536,0.453313,0.285313,0.2,0.2,0.242625,0.541313,0.277375,0.2,0.2,0.456313,0.541313,0.2,0.2,0.2,0.232,0.541313,0.277313,0.2,0.2,0.536,0.370625,0.285313,0.2,0.2,0.456313,0.54125,0.296625,0.2,0.2,0.317313,0.541313],