{"X0_POWER_VCCAUX": [1.56531,1.20263,1.565,1.18131,1.46931,1.28763,1.56525,1.56525,1.33594,1.9065],"X0_POWER_+1.8V": [1.564,1.33188,2.416,1.56525,1.56525,1.33188,1.56531,1.56525,1.56525,1.56531],"+12_SCALED": [0.2,0.2,1.36571,1.36914,0.2,0.2,0.2,0.931357,0.776,0.2],"ARTIX_MGTAVCC": [1.08731,1.22381,2.77,1.47981,1.56531,1.22381,1.56531,1.69331,1.59731,1.56531],"SERVICES+1.0V": [1.26663,1.565,1.14269,1.46931,1.46931,1.56531,1.21531,1.27063,1.52763,1.90663],"SERVICES+1.5V": [1.18131,1.27063,1.27063,1.56531,1.27169,1.27063,1.56531,1.56531,1.33594,1.56531],"X1_POWER_MGTAVTT_N": [0.2,0.2,0.472,0.54125,0.297312,0.2,0.2,0.307438,0.445312,0.229313],"X1_POWER_VCCINT": [0.2,0.349313,0.454938,0.293813,0.2,0.2,0.361313,0.370625,0.285313,0.2],"X1_POWER_VCCAUX": [0.2,0.2,0.28,0.54125,0.54,0.2,0.2,0.207813,0.370625,0.262625],"X1_POWER_+1.8V": [0.28,0.2,0.2,0.445312,0.311312,0.2,0.2,0.541,0.54,0.2],"X0_POWER_VCCINT": [1.56525,1.43731,1.56531,1.18131,1.56525,1.56531,1.52663,1.56531,1.56525,1.56525],"X0_POWER_MGTAVTT_S": [1.904,1.56525,1.22381,1.47981,1.59731,2.384,1.56531,1.33163,1.69331,2.896],"X1_POWER_MGTVCCAUX_N": [0.2,0.2,0.2,0.54125,0.413312,0.2,0.2,0.2,0.457313,0.258625],"X1_POWER_MGTAVCC_S": [0.2,0.2,0.541,0.413312,0.2,0.2,0.2,0.413312,0.413312,0.2],"X1_POWER_MGTAVCC_N": [0.2,0.2,0.413312,0.445312,0.2,0.2,0.2,0.413312,0.541313,0.2],"X1_POWER_MGTVCCAUC_S": [0.2,0.270625,0.54125,0.311938,0.2,0.2,0.221313,0.445312,0.536,0.2],"X1_POWER_MGTAVTT_S": [0.306625,0.2,0.2,0.541,0.413312,0.2,0.2,0.413312,0.54125,0.2],"SERVICES_POWER_STANDBY_+3.3V": [1.09381,1.56525,2.384,1.56531,1.56531,1.18131,1.56531,1.47181,1.56531,1.906],"SERVICES+1.8V": [1.22381,1.56525,2.384,1.67331,1.90663,1.56531,1.56525,1.43731,1.47731,1.67331],"X0_POWER_MGTAVTT_N": [1.565,1.56525,1.33188,1.56531,1.27063,1.56525,1.56525,1.46931,2.768,1.56531],"X1_POWER_+3.3V": [0.2,0.541313,0.279312,0.2,0.2,0.445312,0.321313,0.2,0.2,0.413312],"X0_POWER_+3.3V": [1.565,1.43731,1.56531,1.56525,1.09381,1.27063,1.46931,2.416,1.906,1.56525],"X0_POWER_MGTAVCC_S": [1.21581,1.56525,1.27169,1.56531,1.33594,1.56525,1.26663,1.56531,1.56531,1.46931],"SERVICES+3.3V": [0.2,0.2,0.2,0.315437,0.413312,0.2,0.2,0.2,0.541,0.54],"5V_SCALED": [0.312321,0.2,0.200714,0.567589,0.268482,0.2,0.2,0.580893,0.262768,0.2],"Not Used": [1.18131,2.248,2.05862,1.69531,2.248,1.56531,1.73063,2.07731,1.70381,2.24925],"X0_POWER_+1.8V_ANALOGUE": [1.21531,1.21531,1.56531,2.416,1.27063,1.13863,1.22381,1.47781,1.43731,1.56525],"X0_POWER_MGTAVCC_N": [1.18131,1.21581,2.416,1.69331,1.65063,1.56525,1.56525,1.35194,1.56531,1.33594],"X0_POWER_MGTVCCAUC_N": [1.56525,1.56531,1.56525,1.08531,1.43731,1.56531,1.56525,1.18131,1.43731,1.56531],"X1_POWER_+1.8V_ANALOGUE": [0.2,0.2,0.413312,0.370625,0.225313,0.2,0.2,0.536,0.413312,0.207438],"X0_POWER_MGTVCCAUC_S": [1.56531,1.9065,1.56525,1.56525,1.27063,1.47981,1.52769,1.43731,1.56531,2.416],"ARTIX_MGTAVTT": [1.565,1.56531,1.46269,1.56531,1.56525,1.56525,1.56531,1.47994,2.77,1.56531],}