{"X0_POWER_VCCAUX": [1.20263,1.18931,1.43731,1.52769,1.56531,1.21331,1.21331,1.43731,1.69331,2.768],"X0_POWER_+1.8V": [1.21963,1.565,1.56525,1.33188,1.56531,1.565,1.56525,1.56531,1.56531,1.56531],"+12_SCALED": [0.931357,0.2,0.2,1.36571,0.6215,0.415571,0.2,0.2,0.776,1.20564],"ARTIX_MGTAVCC": [1.56525,1.565,1.56525,1.56531,1.56531,1.13863,1.18131,1.56531,2.768,1.47981],"SERVICES+1.0V": [1.56525,1.13863,1.18131,1.56531,1.906,1.56525,1.18131,1.33594,1.56531,1.56525],"SERVICES+1.5V": [1.56525,1.56525,1.56525,1.27169,1.43731,1.39463,1.906,1.56531,1.56531,1.33594],"X1_POWER_MGTAVTT_N": [0.2,0.2,0.541,0.54125,0.2,0.2,0.2,0.54,0.541313,0.2],"X1_POWER_VCCINT": [0.54,0.2,0.2,0.445312,0.536,0.2,0.2,0.265312,0.54125,0.327938],"X1_POWER_VCCAUX": [0.2,0.2,0.472,0.541313,0.456,0.2,0.2,0.456,0.445312,0.285313],"X1_POWER_+1.8V": [0.2,0.2,0.22,0.541313,0.54,0.2,0.2,0.230625,0.541313,0.413312],"X0_POWER_VCCINT": [1.18131,1.56525,1.56531,1.56531,1.18131,1.56525,1.33588,1.56531,1.18131,1.56525],"X0_POWER_MGTAVTT_S": [1.565,1.56531,1.56531,1.18331,1.13863,2.384,1.70331,1.68944,2.768,1.27169],"X1_POWER_MGTVCCAUX_N": [0.2,0.541,0.413312,0.2,0.2,0.54125,0.200125,0.2,0.541313,0.285],"X1_POWER_MGTAVCC_S": [0.2,0.2,0.2,0.349313,0.536,0.2,0.2,0.261813,0.541313,0.285313],"X1_POWER_MGTAVCC_N": [0.2,0.2,0.247875,0.536,0.536,0.2,0.2,0.265312,0.54125,0.536],"X1_POWER_MGTVCCAUC_S": [0.207938,0.2,0.2,0.541,0.413312,0.2,0.2,0.2,0.413312,0.413312],"X1_POWER_MGTAVTT_S": [0.2,0.2,0.541,0.2,0.413312,0.370625,0.2,0.2,0.322625,0.54125],"SERVICES_POWER_STANDBY_+3.3V": [1.27063,1.19331,1.904,1.56531,1.52663,1.33188,1.56525,1.56531,1.46931,1.56531],"SERVICES+1.8V": [1.28763,1.46931,1.14263,1.56525,1.56531,2.416,1.56525,1.56525,1.35194,1.56531],"X0_POWER_MGTAVTT_N": [1.56525,1.9065,1.05331,1.56531,1.32144,1.05331,1.13863,1.43731,1.56531,1.13863],"X1_POWER_+3.3V": [0.28525,0.2,0.2,0.413312,0.413312,0.2,0.2,0.2,0.413312,0.413312],"X0_POWER_+3.3V": [1.904,2.768,1.56531,1.18131,1.56525,1.56531,1.33594,1.56525,1.56525,1.33188],"X0_POWER_MGTAVCC_S": [1.18131,1.05331,2.416,1.52663,1.27169,1.26663,1.47131,2.258,1.27063,1.21581],"SERVICES+3.3V": [0.229313,0.2,0.2,0.413312,0.541313,0.2,0.2,0.2,0.311938,0.54125],"5V_SCALED": [0.504732,0.2,0.2,0.504732,0.504732,0.2,0.2,0.2,0.504732,0.6875],"Not Used": [1.20663,1.27169,1.47131,1.90663,1.70131,1.56531,1.56531,2.77,2.898,2.07731],"X0_POWER_+1.8V_ANALOGUE": [1.28763,1.18131,1.56525,1.56531,2.248,1.56531,1.18131,1.56525,1.56531,1.56531],"X0_POWER_MGTAVCC_N": [1.9065,1.56531,1.18131,1.56525,1.35194,1.47981,1.56525,1.27169,1.56531,1.46931],"X0_POWER_MGTVCCAUC_N": [1.18131,1.565,1.18131,1.43731,2.768,1.56525,1.56525,1.21331,2.768,1.52663],"X1_POWER_+1.8V_ANALOGUE": [0.311938,0.2,0.2,0.368,0.541313,0.2,0.2,0.2,0.541,0.541],"X0_POWER_MGTVCCAUC_S": [1.56525,1.21531,1.18131,2.416,1.52663,1.46931,2.384,1.56531,1.56531,1.59931],"ARTIX_MGTAVTT": [1.08531,1.13863,1.33594,1.47981,1.56531,1.21331,1.56531,1.46931,1.90663,2.768],}