{"X0_POWER_VCCAUX": [1.9065,1.27063,1.18131,1.56525,1.56531,1.46931,1.43731,1.21331,1.56531,2.416],"X0_POWER_+1.8V": [0.886625,1.56525,1.35194,1.56531,1.21331,1.28763,1.56531,1.56525,1.56525,1.46931],"+12_SCALED": [1.37021,0.2525,0.2,0.323214,1.04107,0.341857,0.2,0.2,1.04107,0.519929],"ARTIX_MGTAVCC": [1.21331,1.46931,1.46931,1.56525,1.56525,1.33163,1.47931,1.46931,1.27063,1.18131],"SERVICES+1.0V": [1.28763,1.27088,1.18131,1.22381,1.56531,1.56531,2.384,1.21531,1.56531,1.56531],"SERVICES+1.5V": [1.56525,1.56525,1.565,1.56525,1.56525,1.56531,1.27063,1.56525,1.22381,1.46931],"X1_POWER_MGTAVTT_N": [0.455938,0.2,0.2,0.541313,0.541313,0.2,0.2,0.2,0.453313,0.2],"X1_POWER_VCCINT": [0.322938,0.455938,0.464,0.2,0.2,0.322625,0.541313,0.275875,0.2,0.2],"X1_POWER_VCCAUX": [0.2,0.28,0.377313,0.317313,0.2,0.2,0.421313,0.536,0.2,0.2],"X1_POWER_+1.8V": [0.541313,0.264,0.2,0.261313,0.497313,0.323938,0.2,0.2,0.317313,0.541313],"X0_POWER_VCCINT": [1.27063,1.56531,1.18131,1.56525,1.27063,2.768,1.56731,2.416,1.27063,1.27169],"X0_POWER_MGTAVTT_S": [1.27088,1.18131,1.18131,1.56531,1.56531,1.56531,1.56525,1.27063,2.896,1.59931],"X1_POWER_MGTVCCAUX_N": [0.541,0.2,0.2,0.280625,0.413312,0.536,0.2,0.2,0.28525,0.457313],"X1_POWER_MGTAVCC_S": [0.541313,0.2,0.2,0.279375,0.455938,0.2,0.2,0.28525,0.453813,0.2],"X1_POWER_MGTAVCC_N": [0.2,0.24,0.455438,0.222625,0.2,0.2,0.54,0.413312,0.2,0.2],"X1_POWER_MGTVCCAUC_S": [0.28,0.498625,0.2,0.2,0.2,0.541313,0.297312,0.2,0.2,0.541],"X1_POWER_MGTAVTT_S": [0.498625,0.2,0.2,0.2,0.413312,0.541,0.2,0.2,0.2,0.541],"SERVICES_POWER_STANDBY_+3.3V": [1.565,1.56531,1.43731,1.56525,1.18331,1.14269,1.56531,1.56531,1.27169,1.56525],"SERVICES+1.8V": [1.56531,1.28763,1.21331,1.56525,1.56531,1.56531,1.56531,1.18931,1.56525,1.43731],"X0_POWER_MGTAVTT_N": [1.22331,1.56525,1.56525,1.90663,1.67331,1.35194,2.256,2.76,2.588,1.72531],"X1_POWER_+3.3V": [0.413312,0.2,0.2,0.219938,0.445312,0.54,0.2,0.2,0.213,0.370625],"X0_POWER_+3.3V": [1.21331,1.56531,1.56525,1.56525,1.18131,1.33594,1.47181,1.56531,1.56525,1.56525],"X0_POWER_MGTAVCC_S": [1.56531,1.14269,1.30931,1.56531,1.46931,1.33594,1.56525,1.56525,1.69331,1.69331],"SERVICES+3.3V": [0.541313,0.370625,0.2,0.2,0.2,0.54125,0.413312,0.2,0.2,0.2],"5V_SCALED": [0.687143,0.687589,0.2,0.2,0.2,0.687143,0.504732,0.2,0.2,0.2],"Not Used": [1.565,2.768,1.59981,2.76,1.47981,1.70181,1.69531,1.72531,1.47994,2.07725],"X0_POWER_+1.8V_ANALOGUE": [1.56525,1.46931,1.56525,1.18131,1.28769,1.46931,2.768,1.33188,1.21331,1.33163],"X0_POWER_MGTAVCC_N": [1.33344,1.56525,1.18131,1.56531,1.56531,1.56531,1.09531,1.21581,1.35194,1.59731],"X0_POWER_MGTVCCAUC_N": [1.05331,1.56525,1.33594,1.56531,1.18931,1.33163,1.56531,1.33188,1.565,1.21331],"X1_POWER_+1.8V_ANALOGUE": [0.541,0.2,0.2,0.413312,0.413312,0.2,0.2,0.541,0.413312,0.2],"X0_POWER_MGTVCCAUC_S": [1.56525,1.56531,1.28763,1.13863,1.27169,1.56531,2.896,1.33163,1.56525,1.56531],"ARTIX_MGTAVTT": [1.56525,1.56531,1.56531,1.06131,1.56525,1.52263,1.47181,1.33594,1.26663,1.27063],}