{"X0_POWER_VCCAUX": [1.56525,1.33594,2.76,1.56525,1.20669,1.90663,1.56531,1.56531,1.18131,1.27169],"X0_POWER_+1.8V": [1.564,1.56525,1.33594,1.56525,1.565,1.22381,1.56531,1.14269,1.56525,1.27063],"+12_SCALED": [0.784571,0.200214,0.2,0.4925,1.37021,0.2,0.2,0.488,1.04107,0.241143],"ARTIX_MGTAVCC": [1.27063,1.33594,1.56525,1.56525,1.56525,2.77,2.77,2.76,1.56531,1.56531],"SERVICES+1.0V": [1.27063,1.565,1.13863,1.56531,1.56531,1.27088,1.18131,1.56525,1.46931,2.768],"SERVICES+1.5V": [1.26663,1.56525,1.22331,1.56531,1.43731,1.56531,1.56531,1.33163,1.56531,1.56531],"X1_POWER_MGTAVTT_N": [0.541313,0.2,0.2,0.2,0.413312,0.541313,0.2,0.2,0.306625,0.445312],"X1_POWER_VCCINT": [0.2,0.2,0.2,0.413312,0.466625,0.2,0.2,0.2,0.54125,0.36],"X1_POWER_VCCAUX": [0.2,0.2,0.309313,0.488625,0.2,0.2,0.306625,0.413312,0.2,0.2],"X1_POWER_+1.8V": [0.297312,0.541313,0.36,0.2,0.2,0.541313,0.2,0.2,0.215813,0.541313],"X0_POWER_VCCINT": [1.56525,1.18131,1.56525,1.56531,2.416,2.768,2.384,1.33588,1.47981,1.69331],"X0_POWER_MGTAVTT_S": [1.05331,1.28763,1.47131,1.56531,1.56525,1.56525,1.35194,2.77,1.47931,1.33188],"X1_POWER_MGTVCCAUX_N": [0.457313,0.445312,0.246625,0.2,0.2,0.413312,0.413312,0.2,0.2,0.2],"X1_POWER_MGTAVCC_S": [0.2,0.453313,0.368,0.2,0.2,0.203313,0.54125,0.413312,0.2,0.2],"X1_POWER_MGTAVCC_N": [0.413312,0.541313,0.54,0.2,0.2,0.413312,0.54125,0.2,0.2,0.243625],"X1_POWER_MGTVCCAUC_S": [0.233625,0.2,0.413312,0.2,0.541,0.311438,0.2,0.2,0.54,0.456625],"X1_POWER_MGTAVTT_S": [0.2,0.541313,0.472,0.2,0.2,0.309313,0.445312,0.307938,0.2,0.2],"SERVICES_POWER_STANDBY_+3.3V": [1.56525,1.56531,1.56525,1.565,1.18131,2.384,1.47731,2.77,1.43731,1.56525],"SERVICES+1.8V": [1.56525,1.18131,1.56525,1.56531,1.56531,1.9065,1.56525,1.27169,1.56531,1.47981],"X0_POWER_MGTAVTT_N": [1.56525,1.43931,1.46931,1.27063,1.906,1.56531,1.56531,1.56531,1.56525,1.21531],"X1_POWER_+3.3V": [0.2,0.2,0.2,0.445312,0.41325,0.2,0.2,0.2,0.413312,0.413312],"X0_POWER_+3.3V": [1.27169,1.18131,1.56531,1.56531,1.564,1.27063,2.416,1.46931,1.22331,1.56525],"X0_POWER_MGTAVCC_S": [1.13863,1.33588,1.46931,1.56531,1.09531,1.56525,1.56531,1.56531,1.27063,1.56525],"SERVICES+3.3V": [0.2,0.2,0.279813,0.445312,0.222625,0.2,0.2,0.289813,0.54125,0.2],"5V_SCALED": [0.2,0.2,0.2,0.6875,0.504732,0.2,0.2,0.2,0.550446,0.394286],"Not Used": [1.56525,1.69331,1.69863,1.56531,1.43731,1.70131,2.2585,2.768,1.65063,1.80263],"X0_POWER_+1.8V_ANALOGUE": [1.18131,1.565,1.56525,1.46931,1.56531,1.56525,1.56525,1.56531,1.46931,1.46931],"X0_POWER_MGTAVCC_N": [1.565,2.76,1.56531,1.22331,1.20263,1.28763,1.67331,1.52663,1.56525,1.22381],"X0_POWER_MGTVCCAUC_N": [1.27063,1.56525,1.05331,1.56525,1.9065,2.256,1.56525,1.18931,1.56531,1.35194],"X1_POWER_+1.8V_ANALOGUE": [0.2,0.2,0.370625,0.322938,0.2,0.2,0.498625,0.536,0.2,0.2],"X0_POWER_MGTVCCAUC_S": [1.56525,1.13863,1.27063,1.56531,1.56531,1.27169,1.56525,1.56531,2.768,1.90663],"ARTIX_MGTAVTT": [1.27088,1.41731,1.21331,2.256,2.76,1.59731,1.46931,1.28763,1.56525,1.56525],}