{"X0_POWER_VCCAUX": [1.05331,1.05331,1.50125,1.43731,1.56,1.05331,1.56525,1.18131,1.564,1.05331],"X0_POWER_+1.8V": [1.564,1.18131,1.56525,1.26663,1.23463,1.05331,1.904,1.56525,1.13863,1.05331],"+12_SCALED": [0.2,0.583571,2.42171,0.931143,0.2,0.2,0.417071,0.794214,1.352,0.2],"ARTIX_MGTAVCC": [1.05331,2.376,1.56531,1.564,1.05331,1.13863,1.906,1.26663,1.564,0.882625],"SERVICES+1.0V": [1.52263,1.26663,1.05331,1.08531,1.56525,1.26663,1.05325,1.06131,1.906,1.18131],"SERVICES+1.5V": [1.23463,1.13863,1.43731,1.21331,1.23463,1.05331,1.43731,1.05331,1.05331,1.13863],"X1_POWER_MGTAVTT_N": [0.498625,0.2,0.2,0.237312,0.541313,0.413312,0.2,0.2,0.273313,0.732],"X1_POWER_VCCINT": [0.2,0.2,0.848,0.370625,0.2,0.2,0.285313,0.541313,0.413312,0.2],"X1_POWER_VCCAUX": [0.357313,0.2,0.2,0.357313,0.7125,0.2,0.2,0.2,0.530625,0.421313],"X1_POWER_+1.8V": [0.34925,0.2,0.2,0.445312,0.624625,0.2,0.2,0.2,0.7125,0.413312],"X0_POWER_VCCINT": [1.09594,1.05331,1.21331,1.62463,1.18663,1.23463,1.39463,2.248,1.13863,1.39463],"X0_POWER_MGTAVTT_S": [1.565,1.56063,1.565,1.23463,1.308,1.564,1.27063,1.565,1.05331,1.56],"X1_POWER_MGTVCCAUX_N": [0.349313,0.2,0.7545,0.541313,0.2,0.2,0.413312,0.517313,0.285313,0.2],"X1_POWER_MGTAVCC_S": [0.2,0.54125,0.498625,0.2,0.2,0.2,0.445312,0.498625,0.2,0.2],"X1_POWER_MGTAVCC_N": [0.278625,0.541313,0.327313,0.2,0.2,0.530625,0.464,0.2,0.2,0.541313],"X1_POWER_MGTVCCAUC_S": [0.2,0.2,0.413312,0.54125,0.2,0.2,0.2,0.536125,0.54125,0.2],"X1_POWER_MGTAVTT_S": [0.2,0.445312,0.445312,0.2,0.2,0.317313,0.7545,0.54,0.2,0.2],"SERVICES_POWER_STANDBY_+3.3V": [1.564,1.33063,1.49063,1.05331,1.13863,1.26663,1.56525,1.565,1.13863,1.05331],"SERVICES+1.8V": [1.564,1.14269,1.43731,1.08531,1.05331,1.18131,2.384,1.62925,1.564,0.887938],"X0_POWER_MGTAVTT_N": [1.906,2.248,1.05331,1.06131,1.906,1.50125,1.05331,1.564,1.26663,1.18131],"X1_POWER_+3.3V": [0.3705,0.2,0.2,0.54,0.530625,0.3705,0.2,0.2,0.54125,0.446625],"X0_POWER_+3.3V": [1.39463,1.49063,1.18131,1.05331,1.05331,1.18344,2.256,1.906,1.05331,1.05331],"X0_POWER_MGTAVCC_S": [1.39463,1.56525,1.52125,0.962625,1.05331,1.56525,1.904,1.18131,1.23463,1.23463],"SERVICES+3.3V": [0.2,0.321313,0.445312,0.349313,0.2,0.2,0.464,0.72,0.2405,0.2],"5V_SCALED": [0.2,0.68,0.472321,0.413214,0.2,0.2,0.68,0.645446,0.411429,0.2],"Not Used": [1.05331,1.22288,1.39463,1.13863,1.23463,1.309,1.18131,1.36938,1.05331,1.308],"X0_POWER_+1.8V_ANALOGUE": [1.26663,1.564,1.906,1.43731,0.882625,1.13863,1.43731,1.21531,1.564,1.564],"X0_POWER_MGTAVCC_N": [1.18131,1.05331,1.56525,1.52263,1.23463,1.308,1.26663,1.904,0.887688,1.13863],"X0_POWER_MGTVCCAUC_N": [1.13863,1.05331,2.248,1.9065,1.26663,1.05331,1.26663,1.21331,1.20669,1.13863],"X1_POWER_+1.8V_ANALOGUE": [0.2,0.2,0.5305,0.502625,0.2045,0.2,0.2,0.54125,0.541313,0.208438],"X0_POWER_MGTVCCAUC_S": [1.43731,2.256,1.18131,1.23463,1.906,2.376,1.18131,1.564,1.26663,1.39463],"ARTIX_MGTAVTT": [1.26663,1.43731,1.18131,1.564,1.13613,1.18131,1.56525,1.18131,1.13863,1.564],}