{"X0_POWER_VCCAUX": [1.56525,1.26663,1.05331,1.05331,1.20669,1.43731,1.18331,1.23463,1.564,1.06331],"X0_POWER_+1.8V": [1.49063,1.18131,1.05331,1.23463,1.26663,1.56525,1.26663,1.05331,1.13863,2.248],"+12_SCALED": [1.28793,0.777714,0.2,0.2,1.36571,1.98286,0.579286,0.2,0.2,1.352],"ARTIX_MGTAVCC": [1.56525,1.18131,1.23463,0.962625,1.56263,1.14269,1.13863,1.14269,2.376,2.256],"SERVICES+1.0V": [1.05331,1.13863,1.22394,1.43731,1.565,0.882625,1.08531,1.43731,1.14394,1.906],"SERVICES+1.5V": [0.946688,1.05331,1.904,1.906,1.05331,1.23463,1.564,1.21331,1.22288,1.564],"X1_POWER_MGTAVTT_N": [0.2,0.370625,0.498625,0.2,0.2,0.322625,0.541313,0.2,0.2,0.317313],"X1_POWER_VCCINT": [0.2,0.2,0.2,0.6265,0.536,0.2,0.2,0.541313,0.413312,0.2],"X1_POWER_VCCAUX": [0.541,0.2,0.2,0.2,0.562625,0.2,0.2,0.306625,0.541313,0.237312],"X1_POWER_+1.8V": [0.2,0.349313,0.562625,0.349313,0.2,0.2,0.349313,0.541313,0.349313,0.2],"X0_POWER_VCCINT": [1.43731,1.05331,1.564,1.565,1.26663,1.26663,1.05331,1.13863,1.27063,1.43731],"X0_POWER_MGTAVTT_S": [1.13863,1.43731,1.21531,1.06131,1.309,1.23463,1.26663,1.26663,0.946625,1.23463],"X1_POWER_MGTVCCAUX_N": [0.317313,0.453313,0.349313,0.2,0.2,0.530625,0.413312,0.2,0.2,0.541313],"X1_POWER_MGTAVCC_S": [0.434625,0.2,0.2,0.370625,0.7225,0.349313,0.2,0.2,0.302625,0.541313],"X1_POWER_MGTAVCC_N": [0.530625,0.27425,0.2,0.235313,1.224,0.277313,0.2,0.237312,0.433313,0.264],"X1_POWER_MGTVCCAUC_S": [0.2,0.54125,0.541,0.2,0.2,0.453313,0.541,0.2,0.2,0.498625],"X1_POWER_MGTAVTT_S": [0.72,0.2,0.2,0.349313,0.519313,0.272625,0.2,0.2,0.466625,0.541313],"SERVICES_POWER_STANDBY_+3.3V": [1.56531,0.886688,1.12263,1.906,1.56525,1.05331,1.56,1.39463,1.33063,1.564],"SERVICES+1.8V": [1.26663,1.13863,1.906,1.50131,1.18131,1.23463,1.05331,1.18131,1.43731,1.565],"X0_POWER_MGTAVTT_N": [1.56525,1.20263,1.18131,0.882625,1.18131,1.52263,1.52263,1.18131,1.39463,1.564],"X1_POWER_+3.3V": [0.2,0.2,0.602625,0.541,0.2,0.2,0.240625,0.541313,0.53,0.2],"X0_POWER_+3.3V": [1.52263,1.08531,0.886688,1.18131,1.50125,1.21544,1.564,1.05331,1.564,1.50125],"X0_POWER_MGTAVCC_S": [1.14269,1.56525,1.26663,1.05331,1.05331,1.565,1.27063,1.906,1.05331,1.05331],"SERVICES+3.3V": [0.2,0.2,0.2,0.530625,0.413312,0.2,0.2,0.233625,0.541313,0.541],"5V_SCALED": [0.2,0.2,0.359821,1.12571,0.58,0.2,0.2,0.413304,0.626607,0.350446],"Not Used": [1.564,1.18131,1.18131,1.56,1.13863,1.43731,1.52263,1.56,0.882625,1.43731],"X0_POWER_+1.8V_ANALOGUE": [1.26663,1.13863,1.18131,1.906,1.52263,1.05331,1.05331,1.565,1.33063,1.39463],"X0_POWER_MGTAVCC_N": [1.18131,1.56525,1.08531,1.23463,1.05331,1.18344,1.56525,1.13863,1.23463,1.309],"X0_POWER_MGTVCCAUC_N": [1.565,1.3945,1.05331,2.256,1.43731,1.23463,1.05331,1.26663,1.56525,1.20669],"X1_POWER_+1.8V_ANALOGUE": [0.2,0.2,0.2,0.349313,0.7225,0.2,0.2,0.266625,0.466625,0.348],"X0_POWER_MGTVCCAUC_S": [1.43731,1.05331,1.08731,1.43731,1.39463,1.21331,1.496,1.564,1.13863,1.56525],"ARTIX_MGTAVTT": [1.52263,1.20263,1.56,1.05331,1.52013,1.43731,1.26663,1.05331,1.26663,1.18931],}