{"X0_POWER_VCCAUX": [1.23463,1.20669,1.49063,1.20669,1.05331,1.564,1.26663,1.56525,1.09331,1.23463],"X0_POWER_+1.8V": [1.13863,1.26663,1.43731,1.564,0.882625,1.39463,1.18931,2.376,1.521,0.882625],"+12_SCALED": [0.2,0.958786,1.33357,0.2,0.2,0.2,0.931357,1.99143,0.250143,0.2],"ARTIX_MGTAVCC": [1.20669,1.56525,1.564,1.05331,1.13863,1.906,1.43731,1.18131,1.56,1.05331],"SERVICES+1.0V": [1.906,1.23463,1.564,1.20669,1.27063,1.37325,1.05331,1.13863,1.56525,1.26663],"SERVICES+1.5V": [1.18131,1.56,1.39463,1.26663,1.13863,1.18131,1.13863,1.08531,2.248,1.906],"X1_POWER_MGTAVTT_N": [0.2,0.2,0.306625,0.562625,0.368,0.2,0.2,0.297312,0.521313,0.413312],"X1_POWER_VCCINT": [0.421313,0.349313,0.2,0.2,0.322625,0.541313,0.365313,0.2,0.2,0.349313],"X1_POWER_VCCAUX": [0.2,0.2,0.200813,0.498625,0.466625,0.2,0.2,0.2,0.498625,0.413312],"X1_POWER_+1.8V": [0.2,0.2,0.2,0.445312,0.360313,0.2,0.2,0.2,0.530625,0.466625],"X0_POWER_VCCINT": [2.384,1.906,1.05331,1.564,1.26663,1.872,1.50125,1.564,1.56,1.565],"X0_POWER_MGTAVTT_S": [0.882625,1.565,1.22394,1.56525,1.308,0.882625,1.26663,2.256,2.256,1.52263],"X1_POWER_MGTVCCAUX_N": [0.2,0.2,0.498625,0.349313,0.2,0.2,0.2,0.453313,0.445312,0.2],"X1_POWER_MGTAVCC_S": [0.2,0.2,0.415313,0.514625,0.2,0.2,0.2,0.387625,0.562625,0.2],"X1_POWER_MGTAVCC_N": [0.2,0.2,0.466,0.7545,0.311875,0.2,0.2,0.349313,0.530625,0.464],"X1_POWER_MGTVCCAUC_S": [0.453313,0.466625,0.2,0.2,0.2,0.541313,0.541,0.2,0.2,0.274625],"X1_POWER_MGTAVTT_S": [0.2,0.2,0.413312,0.752,0.241313,0.2,0.2,0.616,0.54125,0.2],"SERVICES_POWER_STANDBY_+3.3V": [1.52263,1.20669,1.56525,0.886688,1.05331,1.26663,1.56525,1.26663,1.05331,1.13863],"SERVICES+1.8V": [1.52263,1.23463,1.56,1.26663,1.33163,1.09331,1.23463,1.23463,1.13863,1.39463],"X0_POWER_MGTAVTT_N": [0.959312,1.14269,1.906,1.37863,1.23463,1.56,1.564,1.43731,1.26663,1.308],"X1_POWER_+3.3V": [0.243875,0.2,0.2,0.447313,0.450625,0.2,0.2,0.2,0.370625,0.455813],"X0_POWER_+3.3V": [1.906,1.56525,1.05331,1.05331,1.23463,1.56525,1.18131,1.13863,1.17863,1.18131],"X0_POWER_MGTAVCC_S": [1.23463,1.14269,1.43731,1.26663,1.56,1.564,1.18131,1.56525,1.26663,1.56],"SERVICES+3.3V": [0.530625,0.2,0.2,0.2,0.498625,0.541313,0.2,0.2,0.2,0.498625],"5V_SCALED": [0.612321,0.239018,0.2,0.2,0.442857,0.672321,0.306607,0.2,0.2,0.672143],"Not Used": [1.564,1.565,1.05331,1.362,1.304,1.05331,1.18344,1.18131,1.05331,1.23463],"X0_POWER_+1.8V_ANALOGUE": [1.43731,1.33163,1.18131,1.23463,1.13863,1.43731,1.37331,1.23463,1.05331,1.20669],"X0_POWER_MGTAVCC_N": [1.13863,2.248,1.52263,1.08731,1.564,1.13863,1.906,1.56525,1.39463,1.234],"X0_POWER_MGTVCCAUC_N": [1.27063,1.26663,1.08531,1.05331,1.09331,2.256,1.43731,1.13863,1.13863,1.26663],"X1_POWER_+1.8V_ANALOGUE": [0.530625,0.453313,0.2,0.2,0.2,0.541313,0.349313,0.2,0.2,0.2],"X0_POWER_MGTVCCAUC_S": [1.43731,1.20669,0.882625,1.23463,1.18131,1.33163,1.565,1.05331,1.564,1.30931],"ARTIX_MGTAVTT": [1.43731,1.20263,1.13863,1.13863,1.05331,1.50131,1.906,1.05331,1.564,1.564],}