{"X0_POWER_VCCAUX": [1.43731,1.20669,1.23463,1.05331,1.43731,1.13863,1.05331,1.08531,1.43731,1.26663],"X0_POWER_+1.8V": [1.13863,1.43731,1.56525,0.946625,1.56006,1.564,1.43731,1.49063,1.564,0.950688],"+12_SCALED": [0.2,3.71086,1.04107,0.2,0.2,0.2,1.65371,1.36914,0.2,0.2],"ARTIX_MGTAVCC": [1.39463,1.21531,1.05331,1.13863,1.18131,1.43731,1.43731,0.950688,1.05331,1.20669],"SERVICES+1.0V": [1.13863,1.18131,1.43731,1.18131,1.05331,1.18131,1.54531,1.13863,1.05331,1.18131],"SERVICES+1.5V": [1.33163,1.05331,1.13863,1.52013,1.906,1.05331,1.05331,1.18131,1.56525,1.05331],"X1_POWER_MGTAVTT_N": [0.224,0.7225,0.5305,0.2,0.2,0.2,0.72,0.520313,0.2,0.2],"X1_POWER_VCCINT": [0.319313,0.7545,0.349313,0.2,0.2,0.528,0.390625,0.317313,0.2,0.2],"X1_POWER_VCCAUX": [0.2,0.374625,0.7225,0.207438,0.2,0.2,0.368,0.413312,0.2,0.562625],"X1_POWER_+1.8V": [0.434625,0.2,0.2,0.2,0.54125,0.498625,0.2,0.2,0.2,0.498625],"X0_POWER_VCCINT": [1.05331,2.248,2.256,1.13863,1.14269,1.35181,1.56525,1.05331,0.950688,1.13863],"X0_POWER_MGTAVTT_S": [1.27063,1.05331,1.564,1.18131,1.52263,1.26663,1.05331,1.18131,1.906,1.56525],"X1_POWER_MGTVCCAUX_N": [0.530625,0.2,0.2,0.2,0.541313,0.498625,0.2,0.2,0.2,0.445312],"X1_POWER_MGTAVCC_S": [0.498625,0.445312,0.2,0.2,0.2,0.530625,0.447313,0.2,0.2,0.2],"X1_POWER_MGTAVCC_N": [0.413312,0.541313,0.309313,0.2,0.2,0.349313,0.600125,0.2,0.2,0.2],"X1_POWER_MGTVCCAUC_S": [0.24,1.224,0.413312,0.2,0.2,0.293312,0.605,0.41325,0.2,0.2],"X1_POWER_MGTAVTT_S": [0.541313,0.336,0.2,0.2,0.326625,0.7125,0.349313,0.2,0.2,0.319938],"SERVICES_POWER_STANDBY_+3.3V": [1.51263,1.26663,1.08731,1.05331,1.23463,1.26663,1.26663,1.23463,1.05331,1.18131],"SERVICES+1.8V": [1.43731,1.18131,1.05331,1.564,1.05331,1.906,1.501,1.05331,1.05331,1.43731],"X0_POWER_MGTAVTT_N": [1.23463,1.33063,1.56525,1.05331,1.13863,1.43731,1.52263,1.05331,1.564,1.18131],"X1_POWER_+3.3V": [0.2,0.2,0.530625,0.413312,0.2,0.2,0.455938,0.344,0.2,0.2],"X0_POWER_+3.3V": [1.18931,2.256,1.21531,1.05331,1.564,1.26663,1.33163,1.565,1.496,1.05331],"X0_POWER_MGTAVCC_S": [1.18131,1.05331,1.26663,1.33163,1.39463,1.13863,1.23463,1.05331,2.376,1.62925],"SERVICES+3.3V": [0.541313,0.349313,0.2,0.2,0.2,0.541313,0.530625,0.2,0.2,0.2],"5V_SCALED": [0.668571,0.992143,0.2,0.2,0.2,0.687143,0.672321,0.2,0.2,0.2],"Not Used": [1.5225,1.33163,1.14269,1.13331,1.05331,1.906,1.43731,1.18131,1.564,1.05331],"X0_POWER_+1.8V_ANALOGUE": [1.565,1.43731,1.26663,1.23463,1.13863,1.56525,1.56525,0.829313,1.05331,1.43731],"X0_POWER_MGTAVCC_N": [2.256,1.30925,1.23463,1.56525,1.13863,1.39463,0.893313,1.18381,1.49063,1.26663],"X0_POWER_MGTVCCAUC_N": [1.05331,1.50125,1.56525,1.564,1.05331,1.26663,1.56063,1.20794,1.08531,1.13863],"X1_POWER_+1.8V_ANALOGUE": [0.2,0.7225,0.434625,0.2,0.2,0.2,0.605,0.466625,0.2,0.2],"X0_POWER_MGTVCCAUC_S": [1.13863,1.05331,1.23463,1.26663,1.565,1.05331,1.564,1.49025,1.904,1.23463],"ARTIX_MGTAVTT": [1.565,1.39463,1.18131,1.05331,1.05331,1.20669,1.56525,1.52013,1.3945,1.496],}