{"X0_POWER_VCCAUX": [1.13863,2.376,1.43731,1.18131,1.23463,1.05331,1.22381,1.43731,1.18131,1.05331],"X0_POWER_+1.8V": [1.05331,1.56525,1.18131,1.13863,1.05331,1.13863,1.43731,1.43731,1.05331,0.882625],"+12_SCALED": [0.2,1.36914,1.33357,0.2,0.2,0.2,1.22386,1.33357,0.2,0.2],"ARTIX_MGTAVCC": [1.48531,1.21331,1.05531,1.564,1.18131,1.56525,1.906,1.39463,1.13863,1.564],"SERVICES+1.0V": [1.56525,2.248,1.565,1.05331,1.43725,1.56525,1.13863,1.13863,1.18344,1.43731],"SERVICES+1.5V": [1.33163,2.256,1.565,1.13863,1.05331,2.256,1.56531,1.21863,1.05331,1.26663],"X1_POWER_MGTAVTT_N": [0.712625,0.434625,0.2,0.2,0.348,0.722,0.4665,0.2,0.2,0.306125],"X1_POWER_VCCINT": [0.514625,0.349,0.2,0.2,0.413312,0.562625,0.285313,0.2,0.2,0.433313],"X1_POWER_VCCAUX": [0.498625,0.434625,0.2,0.2,0.205625,0.530625,0.423313,0.2,0.2,0.208438],"X1_POWER_+1.8V": [0.54125,0.541313,0.2,0.2,0.2,0.453313,0.541313,0.2,0.2,0.2],"X0_POWER_VCCINT": [1.26663,2.256,1.56525,1.05331,1.14269,1.864,1.20669,0.946625,1.05331,1.52263],"X0_POWER_MGTAVTT_S": [1.52263,1.51063,1.14269,1.13863,1.08531,1.87213,1.872,1.37325,1.23463,1.23463],"X1_POWER_MGTVCCAUX_N": [0.2,0.240625,0.530625,0.284,0.2,0.261313,0.562625,0.370625,0.2,0.2],"X1_POWER_MGTAVCC_S": [0.562625,0.215313,0.2,0.2,0.445312,0.60525,0.232125,0.2,0.2,0.541],"X1_POWER_MGTAVCC_N": [1.224,0.472,0.2,0.2,0.349313,0.517313,0.317313,0.2,0.2,0.370625],"X1_POWER_MGTVCCAUC_S": [0.541313,0.34925,0.2,0.2,0.317313,0.498625,0.370125,0.2,0.2,0.370625],"X1_POWER_MGTAVTT_S": [0.7545,0.413312,0.2,0.2,0.445312,0.445312,0.2,0.2,0.2,0.530625],"SERVICES_POWER_STANDBY_+3.3V": [1.18981,1.906,1.26663,0.967313,1.564,1.26663,1.906,1.565,1.2345,0.898625],"SERVICES+1.8V": [1.20669,1.05331,1.26663,1.904,1.08531,1.05331,1.20669,1.906,1.08531,1.23463],"X0_POWER_MGTAVTT_N": [1.05331,1.56525,1.52263,1.564,1.05331,1.21594,1.43731,1.904,0.829313,1.26663],"X1_POWER_+3.3V": [0.375813,0.562625,0.266937,0.2,0.2,0.466625,0.60525,0.2,0.2,0.2],"X0_POWER_+3.3V": [1.564,1.05531,2.248,1.86463,1.23463,1.14269,1.36938,1.09381,0.965313,1.08531],"X0_POWER_MGTAVCC_S": [1.05331,1.05331,1.43731,2.25,1.19163,1.26663,1.21594,1.62925,1.37325,1.05325],"SERVICES+3.3V": [0.445312,0.530625,0.2,0.2,0.413312,0.514625,0.2,0.2,0.2,0.541313],"5V_SCALED": [0.626607,0.2,0.2,0.2,0.550446,0.778571,0.2,0.2,0.2,0.6875],"Not Used": [1.26663,1.20669,1.08531,1.05331,1.05331,1.20669,1.39463,1.14269,1.23463,1.23463],"X0_POWER_+1.8V_ANALOGUE": [1.56525,1.43731,1.564,1.05331,1.564,1.39463,1.18131,1.05331,1.13863,1.904],"X0_POWER_MGTAVCC_N": [1.39463,1.39325,1.23463,1.23463,1.33063,1.49063,1.39463,1.308,1.52013,1.906],"X0_POWER_MGTVCCAUC_N": [1.43731,1.49063,1.23463,0.950688,1.565,1.901,1.906,1.05331,1.23463,1.08531],"X1_POWER_+1.8V_ANALOGUE": [0.7225,0.466625,0.2,0.2,0.247875,0.498625,0.422625,0.2,0.2,0.2],"X0_POWER_MGTVCCAUC_S": [1.39463,1.33163,1.18131,1.13863,1.09544,1.86413,1.904,1.18144,1.05331,2.264],"ARTIX_MGTAVTT": [1.52406,1.50125,1.15469,1.05331,1.18344,1.43731,1.48925,1.23463,1.496,1.23463],}