{"X0_POWER_VCCAUX": [0.132438],"X0_POWER_+1.8V": [0.312313],"+12_SCALED": [11.787],"ARTIX_MGTAVCC": [1.00638],"SERVICES+1.0V": [1.00587],"SERVICES+1.5V": [1.4905],"X1_POWER_MGTAVTT_N": [0.159375],"X1_POWER_VCCINT": [0.958688],"X1_POWER_VCCAUX": [0.131375],"X1_POWER_+1.8V": [1.07881],"X0_POWER_VCCINT": [0.956688],"X0_POWER_MGTAVTT_S": [0.140375],"X1_POWER_MGTVCCAUX_N": [1.79813],"X1_POWER_MGTAVCC_S": [0.121938],"X1_POWER_MGTAVCC_N": [0.159438],"X1_POWER_MGTVCCAUC_S": [1.79738],"X1_POWER_MGTAVTT_S": [0.12075],"SERVICES_POWER_STANDBY_+3.3V": [3.31725],"SERVICES+1.8V": [1.80981],"X0_POWER_MGTAVTT_N": [1.07456],"X1_POWER_+3.3V": [3.31419],"X0_POWER_+3.3V": [3.325],"X0_POWER_MGTAVCC_S": [0.145875],"SERVICES+3.3V": [3.335],"5V_SCALED": [4.96009],"Not Used": [3.07656],"X0_POWER_+1.8V_ANALOGUE": [1.78631],"X0_POWER_MGTAVCC_N": [0.144813],"X0_POWER_MGTVCCAUC_N": [1.78644],"X1_POWER_+1.8V_ANALOGUE": [1.79838],"X0_POWER_MGTVCCAUC_S": [1.78675],"ARTIX_MGTAVTT": [1.20044],}