{"X0_POWER_VCCAUX": [1.906,1.33163,1.13863,1.27169,1.56531,1.33188,1.56525,1.904,1.47981,1.56531],"X0_POWER_+1.8V": [0.882625,2.256,1.46931,1.56525,1.18131,1.33188,1.56531,1.27063,1.565,1.56525],"+12_SCALED": [0.931357,0.2,0.2,1.13257,1.29243,0.931143,0.2,1.352,1.37021,0.2],"ARTIX_MGTAVCC": [1.28763,1.18131,1.56525,2.768,1.69331,1.56531,1.27063,1.22381,1.71731,1.69331],"SERVICES+1.0V": [1.565,1.565,1.27063,2.77,1.56531,1.27063,1.27063,1.46931,1.56531,1.56531],"SERVICES+1.5V": [1.906,1.27063,1.18131,1.56531,1.46931,1.56525,1.56525,1.33594,1.52663,1.56531],"X1_POWER_MGTAVTT_N": [0.413312,0.2,0.2,0.54,0.541313,0.297312,0.2,0.2,0.287938,1.224],"X1_POWER_VCCINT": [0.453313,0.2,0.2,0.421313,1.224,0.2,0.2,0.2,0.54125,0.541313],"X1_POWER_VCCAUX": [0.541,0.2,0.2,0.472,0.425313,0.413312,0.2,0.2,0.2,0.541313],"X1_POWER_+1.8V": [0.455938,0.2,0.2,0.285313,0.514625,0.219938,0.2,0.297312,0.541313,0.36],"X0_POWER_VCCINT": [1.20669,1.565,1.27063,1.67331,1.9065,1.56525,1.13863,1.35194,1.59731,2.768],"X0_POWER_MGTAVTT_S": [1.08531,1.27063,1.56531,1.56531,1.906,1.56525,2.384,1.52663,2.77,1.56531],"X1_POWER_MGTVCCAUX_N": [0.456,0.541313,0.265938,0.2,0.2,0.413312,0.541313,0.247938,0.2,0.2],"X1_POWER_MGTAVCC_S": [0.242625,0.445312,0.413312,0.2,0.2,0.413312,0.541313,0.200062,0.2,0.2],"X1_POWER_MGTAVCC_N": [1.224,0.309313,0.2,0.218438,0.517313,0.472,0.2,0.2,0.413312,0.498625],"X1_POWER_MGTVCCAUC_S": [0.2,0.2,0.258625,0.453313,0.457313,0.2,0.2,0.264313,0.541313,0.41325],"X1_POWER_MGTAVTT_S": [0.321313,0.511813,0.464,0.2,0.2,0.536,0.517313,0.472,0.2,0.2],"SERVICES_POWER_STANDBY_+3.3V": [1.9065,1.13863,1.13863,1.27169,1.46931,1.46931,1.27063,1.27169,1.65063,1.69331],"SERVICES+1.8V": [1.56525,1.565,1.56525,1.56531,2.768,1.33188,1.27063,1.33594,2.07725,1.69331],"X0_POWER_MGTAVTT_N": [1.09531,1.35194,1.56531,2.76,1.56525,1.56525,1.33594,1.46931,1.39863,1.22331],"X1_POWER_+3.3V": [0.2,0.2,0.54125,0.368,0.2,0.2,0.541,0.541313,0.2,0.2],"X0_POWER_+3.3V": [1.21531,1.564,1.21531,1.56531,1.47981,1.27063,1.22381,1.33163,1.56531,1.56731],"X0_POWER_MGTAVCC_S": [1.564,1.56525,1.56531,1.9065,1.56525,1.17738,1.56531,1.47131,1.35194,1.33188],"SERVICES+3.3V": [0.257812,0.2,0.2,0.54,0.541313,0.285313,0.2,0.2,0.413312,0.541313],"5V_SCALED": [0.504732,0.2,0.2,0.68,0.687589,0.44375,0.2,0.2,0.565714,0.687589],"Not Used": [1.56531,1.27169,1.56531,2.2585,2.07731,1.73331,1.71463,1.56531,1.59731,1.69331],"X0_POWER_+1.8V_ANALOGUE": [1.43731,1.28763,1.18131,1.27169,1.56531,1.33188,1.18131,1.43731,1.47181,1.56531],"X0_POWER_MGTAVCC_N": [1.564,1.27063,1.56531,1.56525,1.18131,1.56525,1.56531,1.56531,1.56525,1.565],"X0_POWER_MGTVCCAUC_N": [1.05331,1.56525,1.47131,1.27063,1.56525,2.76,1.56531,1.33594,1.21331,1.52263],"X1_POWER_+1.8V_ANALOGUE": [0.2,0.2,0.2,0.413312,0.541313,0.2,0.2,0.2,0.505313,0.455938],"X0_POWER_MGTVCCAUC_S": [1.564,1.56525,1.56531,1.52663,2.768,2.2505,1.43731,1.56531,2.77,1.59731],"ARTIX_MGTAVTT": [2.256,1.565,1.56525,1.43731,1.52663,1.35194,1.27063,1.56525,2.768,1.52663],}