{"X0_POWER_VCCAUX": [0.132125],"X0_POWER_+1.8V": [0.312688],"+12_SCALED": [11.7857],"ARTIX_MGTAVCC": [1.00738],"SERVICES+1.0V": [1.00256],"SERVICES+1.5V": [1.4905],"X1_POWER_MGTAVTT_N": [0.1595],"X1_POWER_VCCINT": [0.9575],"X1_POWER_VCCAUX": [0.131438],"X1_POWER_+1.8V": [1.08063],"X0_POWER_VCCINT": [0.956875],"X0_POWER_MGTAVTT_S": [0.140625],"X1_POWER_MGTVCCAUX_N": [1.79838],"X1_POWER_MGTAVCC_S": [0.122125],"X1_POWER_MGTAVCC_N": [0.159313],"X1_POWER_MGTVCCAUC_S": [1.79763],"X1_POWER_MGTAVTT_S": [0.120813],"SERVICES_POWER_STANDBY_+3.3V": [3.31719],"SERVICES+1.8V": [1.802],"X0_POWER_MGTAVTT_N": [1.07319],"X1_POWER_+3.3V": [3.30356],"X0_POWER_+3.3V": [3.323],"X0_POWER_MGTAVCC_S": [0.146],"SERVICES+3.3V": [3.34113],"5V_SCALED": [4.95813],"Not Used": [3.08363],"X0_POWER_+1.8V_ANALOGUE": [1.78681],"X0_POWER_MGTAVCC_N": [0.145063],"X0_POWER_MGTVCCAUC_N": [1.78606],"X1_POWER_+1.8V_ANALOGUE": [1.79825],"X0_POWER_MGTVCCAUC_S": [1.78638],"ARTIX_MGTAVTT": [1.20069],}