{"X0_POWER_VCCAUX": [1.05331,1.05331,1.564,1.565,1.565,1.18131,1.564,1.565,1.18131,1.565],"X0_POWER_+1.8V": [1.08531,0.950625,1.13863,1.08531,1.18131,1.56525,1.22381,1.56531,1.21331,1.56525],"+12_SCALED": [0.2,0.2,0.2,0.2,0.2,0.2,0.2,0.2,0.2,0.2],"ARTIX_MGTAVCC": [1.564,1.18131,1.21331,1.56525,1.41731,1.09331,1.56525,1.56525,1.56525,1.21331],"SERVICES+1.0V": [1.56,0.946625,1.13863,1.564,1.18131,1.18131,1.565,1.13863,1.56525,1.09331],"SERVICES+1.5V": [0.882625,1.05331,1.05331,1.19331,1.565,1.18131,1.565,1.18131,1.08531,1.13863],"X1_POWER_MGTAVTT_N": [0.2,0.2,0.2,0.2,0.2,0.2,0.2,0.2,0.2,0.2],"X1_POWER_VCCINT": [0.2,0.2,0.2,0.2,0.2,0.2,0.2,0.2,0.2,0.2],"X1_POWER_VCCAUX": [0.2,0.2,0.2,0.2,0.2,0.2,0.2,0.2,0.2,0.2],"X1_POWER_+1.8V": [0.2,0.2,0.2,0.2,0.2,0.2,0.2,0.2,0.2,0.2],"X0_POWER_VCCINT": [1.56,1.13863,1.09531,1.18131,1.565,1.565,1.565,1.13863,1.56525,1.18131],"X0_POWER_MGTAVTT_S": [1.564,1.08531,1.09531,1.22131,1.9065,1.56525,1.48263,1.20263,1.18131,1.21531],"X1_POWER_MGTVCCAUX_N": [0.2,0.2,0.2,0.2,0.2,0.2,0.2,0.2,0.2,0.2],"X1_POWER_MGTAVCC_S": [0.2,0.2,0.2,0.2,0.2,0.2,0.2,0.2,0.2,0.2],"X1_POWER_MGTAVCC_N": [0.2,0.2,0.2,0.2,0.2,0.2,0.2,0.2,0.2,0.2],"X1_POWER_MGTVCCAUC_S": [0.2,0.2,0.2,0.2,0.2,0.2,0.2,0.2,0.2,0.2],"X1_POWER_MGTAVTT_S": [0.2,0.2,0.2,0.2,0.2,0.2,0.2,0.2,0.2,0.2],"SERVICES_POWER_STANDBY_+3.3V": [1.564,1.564,1.09331,1.56525,1.21531,1.56525,1.56531,1.22381,1.44263,1.56531],"SERVICES+1.8V": [1.564,1.26663,1.565,1.56525,1.13863,1.565,1.21331,1.21331,1.22381,1.14263],"X0_POWER_MGTAVTT_N": [1.56,1.05331,1.565,1.565,1.18131,1.565,1.13863,1.18131,1.18131,1.56525],"X1_POWER_+3.3V": [0.2,0.2,0.2,0.2,0.2,0.2,0.2,0.2,0.2,0.2],"X0_POWER_+3.3V": [1.56,1.564,1.564,1.13863,1.565,1.18131,1.14263,1.18131,1.9065,1.56525],"X0_POWER_MGTAVCC_S": [1.564,1.565,1.09331,1.56525,1.18131,1.565,1.18131,1.08531,1.18131,1.30931],"SERVICES+3.3V": [0.2,0.2,0.2,0.2,0.2,0.2,0.2,0.2,0.2,0.2],"5V_SCALED": [0.2,0.2,0.2,0.2,0.2,0.2,0.2,0.2,0.2,0.2],"Not Used": [1.906,1.56531,1.41731,2.896,2.896,1.56531,1.56531,1.44788,1.56531,1.56531],"X0_POWER_+1.8V_ANALOGUE": [1.08531,1.08531,1.906,1.56525,1.565,1.565,1.08531,1.565,1.565,1.18131],"X0_POWER_MGTAVCC_N": [1.09331,1.565,1.565,1.565,1.22331,1.41731,2.256,1.44263,2.768,1.56525],"X0_POWER_MGTVCCAUC_N": [1.05331,1.564,1.56525,1.18131,1.18131,1.21331,1.56525,1.41731,1.21531,1.906],"X1_POWER_+1.8V_ANALOGUE": [0.2,0.2,0.2,0.2,0.2,0.2,0.2,0.2,0.2,0.2],"X0_POWER_MGTVCCAUC_S": [1.05331,1.08531,1.08531,1.20263,1.18131,1.564,2.76,1.20263,1.21531,1.16388],"ARTIX_MGTAVTT": [1.05331,0.946625,1.564,1.09531,1.13863,1.08531,1.56525,1.22381,1.56525,1.21331],}