{"X0_POWER_VCCAUX": [1.565,1.08531,1.56531,1.56531,1.565,1.13863,1.35194,1.46931,1.18331,1.565],"X0_POWER_+1.8V": [1.20263,1.05331,1.13863,1.9065,1.56531,1.56531,1.565,1.18131,1.43731,1.56531],"+12_SCALED": [0.360714,0.2,0.2,0.931143,1.2605,0.2,0.2,0.2,0.931357,1.37021],"ARTIX_MGTAVCC": [1.565,1.565,1.56525,2.416,1.56531,1.56525,1.20263,1.56531,1.47981,1.56531],"SERVICES+1.0V": [0.950625,1.56531,1.56531,1.21531,1.18131,1.56531,2.416,1.56525,1.56525,1.46931],"SERVICES+1.5V": [2.256,1.21531,1.56525,1.20669,2.416,1.33163,1.565,1.56525,1.56531,1.56525],"X1_POWER_MGTAVTT_N": [0.285313,0.541313,0.54,0.2,0.2,0.309313,0.517313,0.349313,0.2,0.2],"X1_POWER_VCCINT": [0.541313,0.357313,0.2,0.2,0.541313,0.541,0.2,0.2,0.413312,1.224],"X1_POWER_VCCAUX": [0.202813,0.514625,0.54125,0.2,0.2,0.264,0.541313,0.457313,0.2,0.2],"X1_POWER_+1.8V": [0.2,0.370625,0.505313,0.2,0.2,0.2,0.453313,0.377313,0.2,0.2],"X0_POWER_VCCINT": [1.565,1.26663,1.28788,1.56531,1.56525,1.565,1.56525,1.56525,2.416,1.33163],"X0_POWER_MGTAVTT_S": [1.26663,1.08531,2.384,2.248,1.54394,2.77,1.33588,2.77,2.896,2.896],"X1_POWER_MGTVCCAUX_N": [0.2,0.541313,0.54125,0.2,0.2,0.2,0.488625,0.413312,0.2,0.2],"X1_POWER_MGTAVCC_S": [0.2,0.453313,0.2,0.2,0.2,0.453313,0.541313,0.2,0.2,0.2],"X1_POWER_MGTAVCC_N": [0.413312,0.505437,0.285313,0.2,0.2,0.368,0.517313,0.293312,0.2,0.2],"X1_POWER_MGTVCCAUC_S": [0.265938,0.2,0.2,0.41325,0.541313,0.247625,0.2,0.2,0.413312,0.514625],"X1_POWER_MGTAVTT_S": [0.2,0.488625,0.541313,0.2,0.2,0.225313,0.505313,0.536,0.2,0.2],"SERVICES_POWER_STANDBY_+3.3V": [1.18131,1.565,2.888,1.59931,1.46981,1.56525,1.27169,1.56531,1.59931,1.56531],"SERVICES+1.8V": [1.13863,1.56525,2.384,1.56531,1.27063,1.565,1.56525,2.258,1.56531,1.18131],"X0_POWER_MGTAVTT_N": [2.384,1.46931,1.18131,1.18131,1.56531,1.46931,1.22381,1.27063,2.416,1.47863],"X1_POWER_+3.3V": [0.2,0.54125,0.445312,0.2,0.2,0.249313,0.541313,0.221313,0.2,0.284],"X0_POWER_+3.3V": [1.08531,1.13863,1.56531,1.46931,1.56531,1.56525,1.21331,1.46931,1.56731,1.46931],"X0_POWER_MGTAVCC_S": [1.565,1.09381,1.9065,1.90663,1.56531,1.22331,1.43731,1.46931,1.59931,1.56531],"SERVICES+3.3V": [0.2,0.541313,0.536,0.2,0.2,0.541313,0.536,0.2,0.2,0.41325],"5V_SCALED": [0.687589,0.377054,0.2,0.2,0.287589,0.564732,0.413304,0.2,0.2,0.442857],"Not Used": [1.13863,1.18131,1.46931,2.896,1.70131,1.56531,1.33163,1.90663,2.248,2.77],"X0_POWER_+1.8V_ANALOGUE": [1.28763,1.18131,1.56525,1.56531,1.43731,1.56525,1.18131,1.56531,1.46931,1.18131],"X0_POWER_MGTAVCC_N": [1.18131,1.21331,1.56531,1.9065,1.33188,1.18131,1.21531,1.56531,1.56531,1.56531],"X0_POWER_MGTVCCAUC_N": [1.22381,1.39463,1.56525,1.33163,1.56531,1.43731,1.18131,1.56525,1.56531,1.47981],"X1_POWER_+1.8V_ANALOGUE": [0.413312,0.2,0.2,0.456313,0.518625,0.244625,0.2,0.2,0.536,0.457938],"X0_POWER_MGTVCCAUC_S": [1.32144,2.384,1.21331,1.18131,1.35194,2.768,1.33188,1.56525,1.47181,1.56531],"ARTIX_MGTAVTT": [1.18131,1.565,1.56525,1.56531,1.33188,1.18131,1.25863,1.56531,1.47731,1.46931],}