{"X0_POWER_VCCAUX": [0.765,0.932,0.922,1.005,1.016,1.054,1.104,1.0965,1.072,1.0805],"X0_POWER_+1.8V": [0.856,0.884,0.918,0.986,1.05,1.0845,1.117,1.152,1.092,1.064],"+12_SCALED": [0,0,0,0,0,0,0,0,0,0],"ARTIX_MGTAVCC": [1.12694,1.19338,1.21844,1.22394,1.24238,1.29588,1.30681,1.33956,1.37038,1.39094],"SERVICES+1.0V": [1.12569,1.18356,1.25881,1.26238,1.27763,1.32706,1.32069,1.30181,1.32438,1.318],"SERVICES+1.5V": [1.11725,1.21631,1.21763,1.22438,1.23913,1.28369,1.27519,1.329,1.33119,1.34256],"X1_POWER_MGTAVTT_N": [1.1155,1.12819,1.15188,1.23456,1.25263,1.23138,1.2385,1.2615,1.25825,1.252],"X1_POWER_VCCINT": [1.06475,1.15288,1.17688,1.22644,1.24944,1.231,1.24906,1.23069,1.2485,1.22313],"X1_POWER_VCCAUX": [1.12381,1.17681,1.23488,1.25388,1.23894,1.27863,1.32225,1.285,1.24856,1.22888],"X1_POWER_+1.8V": [1.12669,1.17556,1.23219,1.25569,1.25325,1.23581,1.26494,1.28375,1.25531,1.24544],"X0_POWER_VCCINT": [0.784,0.881,0.944,0.978,1.011,1.036,1.032,1.016,1.053,1.096],"X0_POWER_MGTAVTT_S": [0.762,0.893,1,1.004,1.0605,1.076,1.1285,1.136,1.1325,1.156],"X1_POWER_MGTVCCAUX_N": [1.1195,1.33081,1.43838,1.51919,1.528,1.54725,1.52713,1.55256,1.54319,1.53094],"X1_POWER_MGTAVCC_S": [1.16025,1.17513,1.25813,1.284,1.27194,1.32,1.30969,1.36544,1.37938,1.34075],"X1_POWER_MGTAVCC_N": [1.14956,1.25569,1.262,1.25538,1.26438,1.28156,1.26369,1.28919,1.29106,1.29188],"X1_POWER_MGTVCCAUC_S": [1.12319,1.17325,1.21869,1.21406,1.27444,1.31294,1.27294,1.29919,1.31,1.34394],"X1_POWER_MGTAVTT_S": [1.17144,1.24731,1.33463,1.36681,1.39463,1.40288,1.428,1.41519,1.38731,1.38563],"SERVICES_POWER_STANDBY_+3.3V": [1.11119,1.194,1.20919,1.25875,1.25769,1.25656,1.253,1.242,1.27819,1.32181],"SERVICES+1.8V": [1.12294,1.18294,1.27838,1.34888,1.33369,1.36394,1.38719,1.38181,1.36156,1.37138],"X0_POWER_MGTAVTT_N": [0.784,0.872,0.936,0.984,1.066,1.086,1.16,1.148,1.2,1.204],"X1_POWER_+3.3V": [1.11869,1.22469,1.22694,1.22956,1.24575,1.30375,1.316,1.26344,1.27931,1.33006],"X0_POWER_+3.3V": [0.755,0.86,0.948,0.98,1.004,1.012,0.934,0.944,0.976,1.004],"X0_POWER_MGTAVCC_S": [0.764,0.909,0.936,0.948,0.987,1.052,1.09,0.991,1.096,1.024],"SERVICES+3.3V": [1.13331,1.20744,1.27563,1.33369,1.34244,1.386,1.37556,1.41525,1.38613,1.37306],"5V_SCALED": [0,0,0,0,0,0,0,0,0,0],"Not Used": [1.25388,1.39681,1.53444,1.6415,1.6145,1.62031,1.64175,1.60881,1.60944,1.614],"X0_POWER_+1.8V_ANALOGUE": [0.798,0.918,0.976,1.005,1.013,1.042,1.052,1.084,1.104,1.09],"X0_POWER_MGTAVCC_N": [0.78,0.86,0.957,1.044,1.0485,1.076,1.072,1.086,1.119,1.152],"X0_POWER_MGTVCCAUC_N": [0.9185,0.904,0.932,0.944,0.991,1.082,1.101,1.086,1.132,1.108],"X1_POWER_+1.8V_ANALOGUE": [1.1225,1.16463,1.20756,1.256,1.24294,1.29175,1.28675,1.26763,1.28644,1.26925],"X0_POWER_MGTVCCAUC_S": [0.779,0.872,0.916,0.972,0.991,1.0805,1.0965,1.068,1.066,1.054],"ARTIX_MGTAVTT": [1.14081,1.20681,1.25006,1.23156,1.25394,1.24819,1.226,1.231,1.24888,1.22006],}