{"X0_POWER_VCCAUX": [2.256,1.28794,1.56525,1.18931,1.56531,1.52663,1.46931,1.21331,1.43731,1.59731],"X0_POWER_+1.8V": [1.56531,1.56525,1.05331,1.56525,1.46931,1.47981,1.56531,1.18931,2.76,1.59931],"+12_SCALED": [1.18957,0.931357,0.2,0.2,0.229786,1.37021,1.04107,0.2,0.2,0.562786],"ARTIX_MGTAVCC": [1.56531,1.56525,0.950688,2.256,1.52688,1.46931,1.56531,1.18131,1.56531,1.69331],"SERVICES+1.0V": [1.05331,1.18331,1.46931,1.56531,1.56525,1.13863,1.27063,1.47731,1.47981,1.56531],"SERVICES+1.5V": [1.05331,1.56525,2.384,1.56531,1.22381,1.56531,1.56531,1.46931,1.56531,1.56525],"X1_POWER_MGTAVTT_N": [0.2,0.2,0.511813,0.541,0.2,0.2,0.28,0.517313,0.541,0.2],"X1_POWER_VCCINT": [0.2,0.2,0.413312,0.541313,0.285313,0.2,0.2,0.541,0.546625,0.293312],"X1_POWER_VCCAUX": [0.2,0.2,0.478625,0.413312,0.2,0.2,0.2,0.374625,0.413312,0.2],"X1_POWER_+1.8V": [0.2,0.2,0.541313,0.445312,0.2,0.2,0.246625,0.505313,0.2085,0.2],"X0_POWER_VCCINT": [1.27088,1.56525,1.56525,1.46931,1.47731,1.56531,1.20263,2.76,1.46931,1.56731],"X0_POWER_MGTAVTT_S": [1.33188,1.56531,1.18131,1.21531,1.33163,1.90663,1.52663,1.56525,1.906,2.77],"X1_POWER_MGTVCCAUX_N": [0.2,0.536,0.502625,0.317313,0.2,0.2,0.536,1.224,0.213313,0.2],"X1_POWER_MGTAVCC_S": [0.2,0.219313,0.445312,0.54125,0.2,0.2,0.205625,0.541313,0.541,0.2],"X1_POWER_MGTAVCC_N": [0.2,0.2,0.541313,0.541313,0.2,0.2,0.2,0.541313,0.541,0.2],"X1_POWER_MGTVCCAUC_S": [0.2,0.2,0.536,0.541313,0.54,0.2,0.2,0.321313,0.541313,0.54],"X1_POWER_MGTAVTT_S": [0.2,0.285313,0.510625,0.54,0.2,0.2,0.2,0.511813,0.54,0.2],"SERVICES_POWER_STANDBY_+3.3V": [1.56531,1.22381,1.18131,1.56525,1.46931,1.52688,1.33594,1.18131,1.43731,1.67331],"SERVICES+1.8V": [1.564,1.56525,1.35194,1.46931,1.56525,1.56525,1.33163,1.46981,1.56531,1.33594],"X0_POWER_MGTAVTT_N": [1.33194,1.20669,1.08531,1.56525,2.768,1.47981,2.896,2.76,2.768,1.70131],"X1_POWER_+3.3V": [0.2,0.472,0.519625,0.336,0.2,0.2,0.285812,0.518625,0.54,0.2],"X0_POWER_+3.3V": [1.33594,1.13863,1.56525,1.56531,2.416,1.56531,1.21581,1.27063,1.33588,1.52688],"X0_POWER_MGTAVCC_S": [1.33194,1.906,1.18131,1.22381,1.90663,2.77,1.56731,2.76,1.44531,1.67331],"SERVICES+3.3V": [0.2,0.2,0.349313,0.455813,0.327625,0.2,0.2,0.413312,0.541313,0.214625],"5V_SCALED": [0.2,0.2,0.327589,0.565625,0.504732,0.2,0.2,0.321875,1.66286,0.504732],"Not Used": [1.35194,1.69331,1.33163,1.43731,1.67331,2.896,1.69331,2.268,1.46931,2.248],"X0_POWER_+1.8V_ANALOGUE": [1.56525,1.565,1.21581,1.56531,1.46931,1.33163,1.22131,1.56531,2.768,1.47981],"X0_POWER_MGTAVCC_N": [1.35194,1.33194,1.18131,1.13863,1.35194,1.59931,1.56531,1.18131,1.27063,1.67331],"X0_POWER_MGTVCCAUC_N": [1.18131,1.565,1.56525,1.46931,1.46931,1.27063,1.22381,1.46931,1.52769,2.416],"X1_POWER_+1.8V_ANALOGUE": [0.2,0.2,0.221313,0.517313,0.445312,0.2,0.2,0.253312,0.517313,0.413312],"X0_POWER_MGTVCCAUC_S": [1.56525,1.501,1.18131,1.47981,1.69331,2.24813,1.22381,1.33588,2.768,1.69331],"ARTIX_MGTAVTT": [1.906,1.56525,0.950688,1.27063,1.46931,1.47131,1.22381,1.56525,1.56531,1.56531],}