{"X0_POWER_VCCAUX": [1.05331,1.13863,1.13863,1.18131,1.565,1.564,1.565,1.13863,2.256,1.56525],"X0_POWER_+1.8V": [0.967813,1.565,1.565,1.565,1.18131,1.13863,1.30931,1.09531,1.565,1.565],"+12_SCALED": [0.2,0.2,0.2,0.2,0.2,0.2,0.2,0.2,0.2,0.2],"ARTIX_MGTAVCC": [1.564,1.05331,1.09381,1.565,1.56525,1.39463,1.56525,1.13863,1.56525,2.76],"SERVICES+1.0V": [1.564,1.565,1.565,1.565,1.565,1.565,1.565,1.20263,1.18981,1.21531],"SERVICES+1.5V": [0.882625,1.08531,1.564,1.565,1.08531,1.56525,1.56525,1.56525,1.56525,1.13863],"X1_POWER_MGTAVTT_N": [0.2,0.2,0.2,0.2,0.2,0.2,0.2,0.2,0.2,0.2],"X1_POWER_VCCINT": [0.2,0.2,0.2,0.2,0.2,0.2,0.2,0.2,0.2,0.2],"X1_POWER_VCCAUX": [0.2,0.2,0.2,0.2,0.2,0.2,0.2,0.2,0.2,0.2],"X1_POWER_+1.8V": [0.2,0.2,0.2,0.2,0.2,0.2,0.2,0.2,0.2,0.2],"X0_POWER_VCCINT": [1.56,1.564,1.18131,1.565,1.56525,1.56525,1.56525,1.20263,1.565,1.18131],"X0_POWER_MGTAVTT_S": [1.56,1.564,1.565,1.21331,1.565,1.56525,2.384,2.768,1.41731,1.56531],"X1_POWER_MGTVCCAUX_N": [0.2,0.2,0.2,0.2,0.2,0.2,0.2,0.2,0.2,0.2],"X1_POWER_MGTAVCC_S": [0.2,0.2,0.2,0.2,0.2,0.2,0.2,0.2,0.2,0.2],"X1_POWER_MGTAVCC_N": [0.2,0.2,0.2,0.2,0.2,0.2,0.2,0.2,0.2,0.2],"X1_POWER_MGTVCCAUC_S": [0.2,0.2,0.2,0.2,0.2,0.2,0.2,0.2,0.2,0.2],"X1_POWER_MGTAVTT_S": [0.2,0.2,0.2,0.2,0.2,0.2,0.2,0.2,0.2,0.2],"SERVICES_POWER_STANDBY_+3.3V": [1.05331,1.05331,1.08531,1.56525,1.13863,1.565,1.56525,1.18131,1.56531,1.56525],"SERVICES+1.8V": [1.09331,1.18931,1.18131,1.21331,1.21331,1.56525,1.56531,1.41731,1.18131,1.56525],"X0_POWER_MGTAVTT_N": [1.05331,1.564,1.56525,1.13863,1.18131,1.56525,1.41731,1.18131,1.22331,1.56531],"X1_POWER_+3.3V": [0.2,0.2,0.2,0.2,0.2,0.2,0.2,0.2,0.2,0.2],"X0_POWER_+3.3V": [1.56,1.564,1.565,1.564,1.565,1.18131,1.18131,1.56525,1.22381,1.34131],"X0_POWER_MGTAVCC_S": [1.05331,1.564,1.21331,1.21331,1.19181,1.56525,1.18131,1.56525,1.56525,1.56525],"SERVICES+3.3V": [0.2,0.2,0.2,0.2,0.2,0.2,0.2,0.2,0.2,0.2],"5V_SCALED": [0.2,0.2,0.2,0.2,0.2,0.2,0.2,0.2,0.2,0.2],"Not Used": [1.30931,1.44263,1.44363,1.44763,1.56531,1.56531,1.56531,1.41731,1.42931,1.56531],"X0_POWER_+1.8V_ANALOGUE": [1.564,1.09331,1.20938,1.09331,1.18131,1.565,1.05331,1.564,1.18131,2.76],"X0_POWER_MGTAVCC_N": [1.564,1.09531,1.18131,1.21531,1.56525,1.20663,1.56525,1.21531,1.21331,1.41731],"X0_POWER_MGTVCCAUC_N": [1.56,1.564,1.564,1.18131,1.56525,1.565,1.56525,1.56525,1.18131,1.565],"X1_POWER_+1.8V_ANALOGUE": [0.2,0.2,0.2,0.2,0.2,0.2,0.2,0.2,0.2,0.2],"X0_POWER_MGTVCCAUC_S": [1.56,1.564,1.501,1.18131,1.56525,1.21331,2.768,1.56531,1.56525,1.56525],"ARTIX_MGTAVTT": [1.05331,1.13863,1.564,1.13863,1.18131,1.22331,1.56525,1.22381,1.56531,2.384],}