{"X0_POWER_VCCAUX": [1.56531,1.33594,1.56525,1.565,1.56525,2.416,2.768,1.47131,1.56531,1.33594],"X0_POWER_+1.8V": [1.27063,1.35194,1.56525,1.18131,1.33594,1.59731,1.46931,1.56525,1.21531,1.33594],"+12_SCALED": [1.37021,1.11414,0.2,0.2,0.4205,1.04107,1.36914,0.2,0.2,0.3005],"ARTIX_MGTAVCC": [1.05331,1.56525,1.43731,1.33188,1.565,1.56525,1.46981,1.33594,1.18131,1.56525],"SERVICES+1.0V": [1.18131,1.05331,1.56525,1.56531,1.56531,1.27063,1.56525,1.27169,1.56531,1.56531],"SERVICES+1.5V": [1.05331,1.565,1.27063,1.56531,1.56531,1.18131,1.565,1.56525,1.56531,1.56531],"X1_POWER_MGTAVTT_N": [0.2,0.2,0.312625,0.445312,0.54,0.2,0.2,0.317313,0.514625,0.54],"X1_POWER_VCCINT": [0.2,0.541,0.541313,0.289313,0.2,0.2,0.413312,0.541313,0.297312,0.2],"X1_POWER_VCCAUX": [0.2,0.2,0.2,0.509313,0.2,0.2,0.2,0.541313,0.541313,0.2],"X1_POWER_+1.8V": [0.2,0.2,0.413312,0.521313,0.285313,0.2,0.2,0.541,0.541313,0.271937],"X0_POWER_VCCINT": [1.18131,1.26663,1.43731,1.56531,1.33194,1.21531,1.56525,1.56531,1.56531,1.43731],"X0_POWER_MGTAVTT_S": [1.27063,1.565,1.18931,1.56531,1.27063,1.18131,1.56525,1.47731,1.56531,1.56525],"X1_POWER_MGTVCCAUX_N": [0.434625,0.2,0.2,0.456313,0.541313,0.536,0.2,0.2,0.472,0.541313],"X1_POWER_MGTAVCC_S": [0.541313,0.368,0.2,0.2,0.370625,0.541313,0.2,0.2,0.54125,0.541313],"X1_POWER_MGTAVCC_N": [0.2,0.2,0.536,0.616313,0.215687,0.2,0.2,0.536,0.413312,0.472],"X1_POWER_MGTVCCAUC_S": [0.2,0.205313,0.541313,0.54,0.2,0.2,0.293312,0.511813,0.413312,0.2],"X1_POWER_MGTAVTT_S": [0.28,0.2,0.2,0.505313,0.413312,0.54125,0.518625,0.317313,0.2,0.2],"SERVICES_POWER_STANDBY_+3.3V": [1.906,1.56531,1.26663,1.05331,1.56525,1.46931,1.56531,1.27063,1.565,1.27063],"SERVICES+1.8V": [1.56525,1.05331,1.13863,2.416,1.56731,2.76,1.27063,1.22381,1.56531,1.56531],"X0_POWER_MGTAVTT_N": [1.56531,1.35194,1.56525,1.56525,1.56525,1.56531,1.56531,2.76,1.56525,1.56525],"X1_POWER_+3.3V": [0.2,0.2,0.317313,0.455938,0.536,0.2,0.2,0.21,0.541313,0.536],"X0_POWER_+3.3V": [1.56525,1.565,1.27063,1.46931,1.20669,1.26663,1.14369,1.56531,1.56525,1.13863],"X0_POWER_MGTAVCC_S": [1.18131,1.46931,1.28769,1.56525,2.384,1.90663,1.56531,1.565,1.56525,2.416],"SERVICES+3.3V": [0.2,0.2,0.413312,0.541,0.2,0.2,0.536,0.848,0.203313,0.2],"5V_SCALED": [0.354196,0.687589,0.2,0.2,0.68,0.628393,0.2,0.2,0.384732,0.687589],"Not Used": [1.27169,1.56531,1.47181,1.27063,1.56531,1.69331,1.72531,1.65063,2.77,1.59931],"X0_POWER_+1.8V_ANALOGUE": [1.05331,1.18931,1.46981,1.56531,1.27063,1.13863,1.28763,1.56531,1.46931,2.76],"X0_POWER_MGTAVCC_N": [1.22331,1.46931,1.28763,1.56525,1.56525,1.56531,1.56531,1.56531,1.56525,1.21331],"X0_POWER_MGTVCCAUC_N": [1.05331,1.18131,1.56531,1.56531,1.27063,1.56525,1.56531,1.56531,1.56531,1.21331],"X1_POWER_+1.8V_ANALOGUE": [0.2,0.284,0.541313,0.445312,0.2,0.2,0.2,0.505375,0.541,0.2],"X0_POWER_MGTVCCAUC_S": [1.565,1.565,2.256,2.768,2.768,1.27169,1.56531,1.56531,1.46931,1.43731],"ARTIX_MGTAVTT": [1.56531,1.56531,1.18131,1.56525,1.47731,1.56531,1.56525,1.56525,1.56531,1.43731],}