{"X0_POWER_VCCAUX": [1.564,1.20794,1.906,1.13863,1.05331,1.09331,1.14269,1.56525,1.564,1.05331],"X0_POWER_+1.8V": [1.13863,1.56525,1.33163,1.05531,1.564,1.09331,1.43731,2.256,1.565,1.05331],"+12_SCALED": [0.2,1.22386,0.785,0.2,0.2,0.2,1.99143,0.931357,0.2,0.2],"ARTIX_MGTAVCC": [1.22331,1.13863,1.37325,1.43731,1.26663,1.23463,1.05331,1.906,1.14269,1.05331],"SERVICES+1.0V": [0.887688,1.52013,1.33163,1.05331,1.23463,1.20669,1.52263,1.23463,1.22463,1.08781],"SERVICES+1.5V": [1.13863,1.43731,2.256,1.18344,1.56,1.23463,1.21331,1.49063,1.13863,1.564],"X1_POWER_MGTAVTT_N": [0.413312,0.541313,0.210625,0.2,0.2,0.434625,0.605,0.2,0.2,0.2],"X1_POWER_VCCINT": [0.413312,0.258625,0.2,0.2,0.530625,0.349313,0.2,0.2,0.530625,0.434625],"X1_POWER_VCCAUX": [0.344,0.529312,0.349313,0.2,0.2,0.370625,0.84,0.349313,0.2,0.2],"X1_POWER_+1.8V": [0.2,0.602625,0.541,0.2,0.2,0.284,0.498625,0.541,0.2,0.2],"X0_POWER_VCCINT": [2.248,1.564,1.05331,1.49863,1.906,1.18131,1.39463,1.564,1.13863,1.56525],"X0_POWER_MGTAVTT_S": [1.45863,1.39463,1.05331,1.13863,1.14269,1.43731,1.564,0.882625,1.22394,1.43731],"X1_POWER_MGTVCCAUX_N": [0.2,0.2,0.349313,0.541313,0.317313,0.2,0.2,0.412,0.7225,0.349313],"X1_POWER_MGTAVCC_S": [0.52,0.562625,0.349313,0.2,0.2,0.7225,0.349313,0.2,0.2,0.498625],"X1_POWER_MGTAVCC_N": [0.2,0.2,0.4665,0.72,0.2,0.2,0.413312,0.7225,0.2,0.2],"X1_POWER_MGTVCCAUC_S": [0.254625,0.2,0.2,0.413312,0.498625,0.2,0.2,0.2,0.435625,0.498625],"X1_POWER_MGTAVTT_S": [0.2,0.2,0.2,0.498625,0.434625,0.2,0.2,0.498625,0.370625,0.2],"SERVICES_POWER_STANDBY_+3.3V": [1.26663,1.565,1.26663,1.564,1.05331,1.13863,1.56525,1.906,1.23463,1.05331],"SERVICES+1.8V": [1.52263,1.22181,1.05331,1.13863,1.565,2.256,1.62925,1.05331,1.23463,1.13863],"X0_POWER_MGTAVTT_N": [1.564,1.06131,2.376,1.43731,1.05331,1.3945,1.20669,1.43731,1.18131,1.13863],"X1_POWER_+3.3V": [0.2,0.541313,0.530625,0.2,0.2,0.2,0.530625,0.6245,0.2,0.2],"X0_POWER_+3.3V": [1.21331,0.882625,1.23463,1.18931,1.52263,1.564,1.05331,1.26663,1.52263,1.39463],"X0_POWER_MGTAVCC_S": [1.05331,1.26663,1.43731,2.376,1.52263,1.564,1.23463,1.22381,1.56525,1.13863],"SERVICES+3.3V": [0.541,0.562625,0.2,0.2,0.349313,0.445312,0.2,0.2,0.54125,0.445312],"5V_SCALED": [0.2,0.232321,0.809464,0.588571,0.2,0.215179,0.550446,0.577143,0.2,0.2],"Not Used": [1.564,1.565,1.565,0.882625,0.950688,1.21331,1.43731,1.565,1.05331,1.56],"X0_POWER_+1.8V_ANALOGUE": [1.05331,1.05331,1.26663,1.26663,1.26663,1.05331,1.05331,2.248,1.52263,1.26663],"X0_POWER_MGTAVCC_N": [1.23463,1.05331,1.56525,1.906,1.05331,1.564,1.37325,1.22181,1.18131,1.23463],"X0_POWER_MGTVCCAUC_N": [1.26663,1.05331,1.05331,1.26663,1.56525,1.904,0.882625,1.05331,1.43731,1.43731],"X1_POWER_+1.8V_ANALOGUE": [0.536,0.2,0.2,0.365313,1.224,0.370625,0.2,0.2,0.536,0.620313],"X0_POWER_MGTVCCAUC_S": [1.18131,1.564,1.09469,1.39463,1.56525,1.05331,0.882625,1.09544,1.52263,1.39463],"ARTIX_MGTAVTT": [1.39463,1.20269,1.14269,1.39463,1.05331,1.48263,1.56525,0.882625,1.13863,1.39463],}