{"X0_POWER_VCCAUX": [1.33188,1.906,1.565,1.18931,1.47131,1.69331,2.896,1.28763,1.9065,1.56531],"X0_POWER_+1.8V": [1.906,1.22381,1.18131,1.13863,1.46931,2.768,1.46931,1.27063,1.56531,1.56531],"+12_SCALED": [1.37021,0.2,0.2,0.2,0.776,1.37021,0.281,0.2,0.2,0.778143],"ARTIX_MGTAVCC": [1.56531,1.43731,1.13863,1.56525,1.28763,1.56531,1.47181,1.56531,1.13863,1.56531],"SERVICES+1.0V": [1.16344,1.13863,1.33188,1.46931,1.18131,1.21531,2.768,1.56531,1.35463,1.22331],"SERVICES+1.5V": [1.05331,1.18131,1.35194,1.52688,1.46931,1.27063,1.33163,1.61063,1.52688,2.768],"X1_POWER_MGTAVTT_N": [0.2,0.309313,0.541313,0.541,0.2,0.2,0.305313,0.518625,0.317313,0.2],"X1_POWER_VCCINT": [0.2,0.2,0.421313,0.521313,0.284,0.2,0.2,0.445312,0.521313,0.284],"X1_POWER_VCCAUX": [0.2,0.2,0.541313,0.445312,0.2,0.2,0.225313,0.541313,0.541,0.2],"X1_POWER_+1.8V": [0.2,0.2,0.754,0.413312,0.2,0.2,0.2,0.54125,0.413312,0.2],"X0_POWER_VCCINT": [1.05331,1.56525,1.9065,1.9065,1.13863,1.18131,1.52663,1.56531,1.18131,1.56525],"X0_POWER_MGTAVTT_S": [2.384,1.56531,1.27088,1.18131,1.56525,1.47731,2.258,1.56531,1.27063,1.33594],"X1_POWER_MGTVCCAUX_N": [0.2,0.2,0.445312,0.413312,0.2,0.2,0.521313,0.4665,0.2,0.2],"X1_POWER_MGTAVCC_S": [0.2,0.2,0.541,0.425313,0.229313,0.2,0.2,0.54125,0.498625,0.2],"X1_POWER_MGTAVCC_N": [0.2,0.2,0.445312,0.541313,0.2,0.2,0.285313,1.224,0.413312,0.2],"X1_POWER_MGTVCCAUC_S": [0.2,0.297312,1.224,0.54,0.2,0.2,0.317313,0.54125,0.217312,0.2],"X1_POWER_MGTAVTT_S": [0.541313,0.541,0.2,0.2,0.514625,0.54,0.2,0.2,0.541313,0.413312],"SERVICES_POWER_STANDBY_+3.3V": [1.56525,1.56525,1.13863,1.18131,2.416,1.35194,1.56525,1.56525,2.76,1.69331],"SERVICES+1.8V": [1.906,1.33188,1.18331,1.18131,1.56531,2.25063,1.18131,1.56531,1.28763,1.27063],"X0_POWER_MGTAVTT_N": [1.33188,1.56531,1.56525,1.13863,1.56525,2.416,2.77,2.256,1.56531,1.56531],"X1_POWER_+3.3V": [0.2,0.2,0.413312,0.386625,0.247438,0.2,0.2,0.349313,0.541313,0.2],"X0_POWER_+3.3V": [1.56525,1.565,1.56525,2.416,1.56531,1.565,1.18131,1.56531,1.56531,1.13863],"X0_POWER_MGTAVCC_S": [0.887688,1.33188,1.56531,1.18331,1.565,2.256,1.69863,1.52663,1.21531,1.56525],"SERVICES+3.3V": [0.2,0.2,0.445813,0.54125,0.2,0.2,0.222625,0.541313,0.541,0.2],"5V_SCALED": [0.2,0.2,0.687589,0.504732,0.2,0.2,0.2,0.6875,0.504732,0.2],"Not Used": [1.56531,1.56525,1.56525,1.90663,2.07725,1.69331,2.589,2.77,2.896,1.73581],"X0_POWER_+1.8V_ANALOGUE": [1.05331,2.384,1.56531,1.56531,1.18131,1.21331,1.47981,1.69331,1.56531,1.56525],"X0_POWER_MGTAVCC_N": [1.56531,1.56525,1.565,1.56531,1.56531,1.13863,1.565,1.56525,1.56531,1.56525],"X0_POWER_MGTVCCAUC_N": [0.946625,1.28763,1.56531,1.56525,1.56525,1.27063,1.56531,1.47981,1.56531,1.18131],"X1_POWER_+1.8V_ANALOGUE": [0.2,0.413312,0.514625,0.215313,0.2,0.2,0.541313,0.514625,0.2,0.2],"X0_POWER_MGTVCCAUC_S": [1.05331,1.56525,1.46931,1.56531,1.18344,1.21331,2.76,1.54369,1.47981,1.56525],"ARTIX_MGTAVTT": [1.27063,1.46931,1.33188,1.13863,1.28763,1.52663,1.47131,1.56525,1.56525,1.43731],}