{"X0_POWER_VCCAUX": [0.131625,0.131688,0.131938,0.132,0.1315,0.13175,0.132063,0.131438,0.131938,0.132],"X0_POWER_+1.8V": [0.311938,0.312063,0.31225,0.312313,0.312125,0.3125,0.311938,0.311813,0.312,0.312063],"+12_SCALED": [11.7924,11.7926,11.7926,11.7909,11.7906,11.7919,11.7911,11.7915,11.7924,11.7917],"ARTIX_MGTAVCC": [1.00631,1.0075,1.00644,1.00638,1.00763,1.00625,1.00744,1.00663,1.007,1.008],"SERVICES+1.0V": [0.999625,1.00531,0.998625,1.00169,1.00213,1.00738,1.00244,1.00356,0.99975,1.0065],"SERVICES+1.5V": [1.49069,1.48944,1.49,1.491,1.49094,1.49038,1.49063,1.48956,1.48925,1.48956],"X1_POWER_MGTAVTT_N": [0.158625,0.158688,0.158813,0.159,0.158813,0.158688,0.158813,0.158813,0.158938,0.158875],"X1_POWER_VCCINT": [0.958438,0.958375,0.957625,0.958563,0.9585,0.957563,0.958563,0.958313,0.958,0.957938],"X1_POWER_VCCAUX": [0.131,0.130813,0.130875,0.130938,0.130813,0.130875,0.130875,0.130938,0.130875,0.130688],"X1_POWER_+1.8V": [1.07963,1.18156,1.25325,1.24844,1.23419,1.261,1.26775,1.297,1.30094,1.31844],"X0_POWER_VCCINT": [0.956438,0.956438,0.956813,0.956563,0.956688,0.9565,0.957563,0.957125,0.956875,0.956063],"X0_POWER_MGTAVTT_S": [0.139875,0.139938,0.140063,0.13975,0.139875,0.139688,0.139938,0.139875,0.139875,0.13975],"X1_POWER_MGTVCCAUX_N": [1.79794,1.79775,1.79781,1.79775,1.79769,1.79744,1.79731,1.79775,1.79794,1.79725],"X1_POWER_MGTAVCC_S": [0.121438,0.121375,0.121438,0.121438,0.121625,0.1215,0.121625,0.1215,0.121438,0.1215],"X1_POWER_MGTAVCC_N": [0.158563,0.158563,0.158625,0.158438,0.1585,0.158563,0.158625,0.158625,0.158438,0.158813],"X1_POWER_MGTVCCAUC_S": [1.79738,1.79813,1.79763,1.79794,1.79794,1.79781,1.79756,1.7975,1.79781,1.79819],"X1_POWER_MGTAVTT_S": [0.12025,0.12025,0.120375,0.120188,0.12025,0.120063,0.120188,0.120438,0.12025,0.12025],"SERVICES_POWER_STANDBY_+3.3V": [3.32244,3.32169,3.32313,3.3205,3.31806,3.31838,3.3185,3.32369,3.31944,3.33],"SERVICES+1.8V": [1.809,1.8075,1.81825,1.81513,1.81344,1.80825,1.80594,1.8105,1.81475,1.80869],"X0_POWER_MGTAVTT_N": [1.076,1.17344,1.22713,1.222,1.20288,1.21325,1.27369,1.31538,1.2835,1.26019],"X1_POWER_+3.3V": [3.3135,3.31294,3.31238,3.30731,3.306,3.31519,3.31481,3.31056,3.30769,3.30513],"X0_POWER_+3.3V": [3.31938,3.31594,3.32144,3.3245,3.32525,3.31981,3.32525,3.31513,3.32006,3.31344],"X0_POWER_MGTAVCC_S": [0.1455,0.145438,0.145375,0.145188,0.145375,0.1455,0.145625,0.145625,0.145562,0.145625],"SERVICES+3.3V": [3.32956,3.34125,3.34206,3.33538,3.33144,3.33331,3.32869,3.33413,3.332,3.33606],"5V_SCALED": [4.96241,4.96571,4.95786,4.96045,4.96018,4.96616,4.96339,4.96,4.95813,4.96536],"Not Used": [3.16506,2.95119,2.72725,2.54944,2.46606,2.33288,2.31544,2.24938,2.18988,2.15875],"X0_POWER_+1.8V_ANALOGUE": [1.78656,1.78625,1.78663,1.78688,1.78656,1.78681,1.78694,1.78575,1.78613,1.78706],"X0_POWER_MGTAVCC_N": [0.1445,0.144438,0.144688,0.144563,0.144438,0.1445,0.144188,0.1445,0.144625,0.144625],"X0_POWER_MGTVCCAUC_N": [1.78613,1.78625,1.78625,1.78613,1.787,1.7865,1.78675,1.78613,1.78619,1.78644],"X1_POWER_+1.8V_ANALOGUE": [1.79781,1.79844,1.79731,1.79825,1.798,1.79788,1.79744,1.798,1.79781,1.79781],"X0_POWER_MGTVCCAUC_S": [1.787,1.78656,1.78675,1.78675,1.787,1.78544,1.78588,1.7865,1.78656,1.78656],"ARTIX_MGTAVTT": [1.20088,1.20094,1.20075,1.201,1.20069,1.20113,1.20113,1.20106,1.20056,1.20081],}