{"X0_POWER_VCCAUX": [1.565,1.564,1.06131,1.56531,1.26663,1.05331,1.496,1.26663,1.33163,1.906],"X0_POWER_+1.8V": [1.05331,1.13863,1.906,2.3765,1.51725,1.23463,1.56,1.13863,1.906,1.3945],"+12_SCALED": [0.2,0.2,1.04107,1.22386,0.2,0.2,0.2,1.07536,1.22386,0.2],"ARTIX_MGTAVCC": [1.13863,1.20669,2.256,2.256,1.39463,1.05331,1.52263,1.56525,1.565,0.950688],"SERVICES+1.0V": [1.564,1.08731,2.256,1.52263,1.05331,0.886688,1.20669,2.408,2.256,1.13863],"SERVICES+1.5V": [1.05331,1.26663,1.43731,1.21544,1.13863,1.05331,1.565,1.56525,1.08531,1.05331],"X1_POWER_MGTAVTT_N": [0.2,0.303313,0.6265,0.2,0.2,0.368,0.562625,0.2,0.2,0.349313],"X1_POWER_VCCINT": [0.2,0.41325,0.605,0.2,0.2,0.306625,0.605,0.24,0.2,0.368],"X1_POWER_VCCAUX": [0.413312,0.211625,0.2,0.349313,0.605,0.2,0.2,0.309313,0.541313,0.206125],"X1_POWER_+1.8V": [0.2,0.2,0.530625,0.349313,0.2,0.2,0.2,0.4665,0.54125,0.2],"X0_POWER_VCCINT": [1.13863,0.950688,1.43731,1.43731,1.05331,1.13863,1.43731,1.906,1.05331,1.23463],"X0_POWER_MGTAVTT_S": [1.56525,1.05331,1.3945,1.14269,1.906,1.43731,1.05331,1.05331,1.09381,1.56525],"X1_POWER_MGTVCCAUX_N": [0.349313,0.2,0.2,0.357313,0.732,0.349313,0.2,0.2,0.349313,0.530625],"X1_POWER_MGTAVCC_S": [0.530625,0.2,0.2,0.2,0.530625,0.712,0.2,0.2,0.2,0.498625],"X1_POWER_MGTAVCC_N": [0.541313,0.2,0.2,0.209,0.7225,0.348,0.2,0.20125,0.60525,0.37],"X1_POWER_MGTVCCAUC_S": [0.722,0.349313,0.2,0.2,0.605,0.434625,0.2,0.2,0.530625,0.3705],"X1_POWER_MGTAVTT_S": [0.536,0.2,0.2,0.273313,0.530625,0.466,0.2,0.2,0.284,0.530625],"SERVICES_POWER_STANDBY_+3.3V": [1.564,1.13863,1.43731,1.05531,1.05331,1.18131,1.43731,1.18131,1.485,1.13863],"SERVICES+1.8V": [1.05331,1.39463,1.43731,1.21531,1.05331,1.23463,1.08531,1.43731,1.48813,1.3945],"X0_POWER_MGTAVTT_N": [1.18931,1.05331,1.39463,1.49063,1.56525,1.05331,1.05331,1.05331,1.39463,1.50125],"X1_POWER_+3.3V": [0.2,0.2,0.72,1.224,0.24,0.2,0.2,0.421313,0.7225,0.229313],"X0_POWER_+3.3V": [1.13863,1.56525,1.18131,1.564,1.05331,1.26663,1.20669,1.26663,1.05331,1.23463],"X0_POWER_MGTAVCC_S": [1.904,1.05331,1.17863,1.43731,1.56525,1.20669,1.05331,1.23463,1.18131,2.384],"SERVICES+3.3V": [0.2,0.328313,0.413312,0.221313,0.2,0.2,0.455938,0.445312,0.2,0.2],"5V_SCALED": [0.2,0.6875,0.639732,0.204018,0.2,0.2,0.672143,0.672321,0.260893,0.2],"Not Used": [1.906,1.13863,1.26663,1.43731,1.20669,1.08531,1.05331,1.56525,1.43731,1.05331],"X0_POWER_+1.8V_ANALOGUE": [1.11731,1.22269,1.864,1.50663,1.23463,1.05325,1.89663,2.384,1.906,1.18131],"X0_POWER_MGTAVCC_N": [1.43731,1.05331,1.26663,1.43731,1.49063,1.08731,1.23463,1.05331,1.22131,1.43731],"X0_POWER_MGTVCCAUC_N": [1.05331,1.43731,1.906,1.18144,1.26663,1.13863,1.906,1.62925,1.18131,1.23463],"X1_POWER_+1.8V_ANALOGUE": [0.2,0.2,0.2,0.60525,0.301313,0.2,0.2,0.562625,0.349313,0.2],"X0_POWER_MGTVCCAUC_S": [1.522,1.23463,1.18144,1.89613,1.43725,1.23463,1.23463,2.256,1.864,1.52013],"ARTIX_MGTAVTT": [1.06131,1.43731,1.43731,1.23463,1.23463,1.13863,1.33163,1.43731,1.05531,1.23463],}