{"X0_POWER_VCCAUX": [1.05331,1.43731,1.565,1.496,1.56,1.501,1.565,0.882625,1.05531,1.62925],"X0_POWER_+1.8V": [1.56525,1.05331,1.05325,1.21331,2.376,1.18931,1.564,1.564,1.56525,1.05531],"+12_SCALED": [1.58,0.2,0.2,0.2,1.04107,1.37,0.2,0.2,0.2,0.931357],"ARTIX_MGTAVCC": [1.43731,1.56525,1.05331,1.23463,1.08531,1.48531,1.906,0.962625,1.564,1.18131],"SERVICES+1.0V": [1.13863,2.256,1.56531,1.05331,1.05331,1.08531,2.256,1.62925,1.26663,1.05331],"SERVICES+1.5V": [1.14269,1.13863,1.26663,1.49063,1.18131,1.23463,1.05331,1.43731,1.26663,1.49],"X1_POWER_MGTAVTT_N": [0.2,0.2,0.284,0.530625,0.391875,0.2,0.2,0.261313,0.530625,0.413312],"X1_POWER_VCCINT": [0.2,0.445813,0.541313,0.2,0.2,0.2,0.434625,0.626625,0.2,0.2],"X1_POWER_VCCAUX": [0.211313,0.2,0.2,0.445312,0.455312,0.2,0.2,0.2,0.349313,0.445312],"X1_POWER_+1.8V": [0.464,0.2,0.2,0.3705,0.541313,0.242625,0.2,0.2,0.434625,0.536],"X0_POWER_VCCINT": [1.52263,1.30925,1.05331,1.565,1.43731,1.56525,1.05331,1.05331,1.26663,1.906],"X0_POWER_MGTAVTT_S": [1.51463,1.564,1.05331,1.565,1.906,1.26663,1.496,1.05331,1.18131,2.256],"X1_POWER_MGTVCCAUX_N": [0.2,0.2,0.254625,0.562625,0.413312,0.2,0.2,0.285,0.562625,0.541],"X1_POWER_MGTAVCC_S": [0.2,0.2,0.349313,0.530625,0.2,0.2,0.2,0.496625,0.7225,0.2],"X1_POWER_MGTAVCC_N": [0.2,0.2,0.413312,0.530625,0.317313,0.2,0.2,0.349313,0.413312,0.307875],"X1_POWER_MGTVCCAUC_S": [0.2,0.4665,0.72,0.346625,0.2,0.2,0.413312,0.498625,0.273313,0.2],"X1_POWER_MGTAVTT_S": [0.22,0.2,0.2,0.541,0.530625,0.2,0.2,0.2,0.434625,0.349313],"SERVICES_POWER_STANDBY_+3.3V": [1.43731,1.18131,1.05325,1.05331,1.56525,1.52263,1.564,0.882625,1.26663,1.43731],"SERVICES+1.8V": [1.13863,1.43725,1.901,1.18131,1.05331,1.05331,2.248,1.906,1.43725,1.23463],"X0_POWER_MGTAVTT_N": [1.22331,1.23463,1.564,1.39463,1.20669,1.05331,1.564,1.564,1.20269,1.21531],"X1_POWER_+3.3V": [0.2,0.2,0.421313,0.541313,0.2,0.2,0.413312,0.541313,0.2,0.2],"X0_POWER_+3.3V": [1.43731,1.18131,0.882625,1.30925,1.26663,1.43731,1.564,0.882625,0.950688,1.27063],"X0_POWER_MGTAVCC_S": [1.43731,1.05331,1.564,1.37331,1.26663,1.08531,1.05331,1.08531,1.56525,1.43731],"SERVICES+3.3V": [0.2,0.285,0.530625,0.434625,0.2,0.2,0.284,0.498625,0.541,0.2],"5V_SCALED": [0.2,0.2,0.553304,0.687143,0.2,0.2,0.359911,0.504732,0.2,0.2],"Not Used": [1.20794,1.05331,0.950688,1.43731,2.384,2.408,1.52263,1.565,1.26663,1.33163],"X0_POWER_+1.8V_ANALOGUE": [1.33163,1.05331,1.23463,1.26663,1.20788,0.886688,1.13863,1.906,1.56525,1.05331],"X0_POWER_MGTAVCC_N": [1.43725,1.05331,1.13863,1.43731,1.43731,1.14269,1.05331,1.20269,1.56525,1.21531],"X0_POWER_MGTVCCAUC_N": [1.56,1.39463,1.43731,1.18131,1.56,1.05331,1.33163,1.39463,1.05331,1.26663],"X1_POWER_+1.8V_ANALOGUE": [0.2,0.368,0.514625,0.413312,0.2,0.2,0.285313,0.626625,0.52025,0.2],"X0_POWER_MGTVCCAUC_S": [1.23463,1.18344,1.56525,1.565,1.56,1.23463,1.39463,1.564,1.496,1.13863],"ARTIX_MGTAVTT": [2.384,1.906,0.882625,1.05331,1.18131,1.56525,1.565,1.23463,1.564,1.26663],}