{"X0_POWER_VCCAUX": [1.43731,1.05331,1.11081,1.39463,1.56525,1.564,1.05331,1.564,1.26663,1.48931],"X0_POWER_+1.8V": [1.14269,0.946625,1.14394,1.50125,1.26663,1.39463,1.56,1.26663,1.39463,1.13969],"+12_SCALED": [0.346143,1.43879,0.711929,0.2,0.410214,1.07579,0.784571,0.2,0.2,1.33357],"ARTIX_MGTAVCC": [1.26663,1.50131,1.37331,1.564,1.05331,1.39463,1.18344,1.43731,1.23463,1.23463],"SERVICES+1.0V": [1.26663,1.22331,1.21331,1.23463,1.564,1.26663,1.56525,1.18131,1.564,0.882625],"SERVICES+1.5V": [1.18131,1.27063,1.564,1.496,1.3945,1.565,1.50131,1.565,1.2345,1.308],"X1_POWER_MGTAVTT_N": [0.34925,0.2,0.2,0.370625,0.541313,0.2,0.2,0.263313,0.562625,0.28],"X1_POWER_VCCINT": [0.2,0.498625,0.530625,0.2,0.2,0.2,0.450625,0.498625,0.2,0.2],"X1_POWER_VCCAUX": [0.562625,0.530625,0.2,0.2,0.530625,0.541313,0.2,0.2,0.445312,0.530625],"X1_POWER_+1.8V": [0.2,0.2,0.541,0.541,0.2,0.2,0.530625,0.498625,0.2,0.2],"X0_POWER_VCCINT": [1.43731,1.864,1.09331,1.23463,1.05331,1.21531,1.43731,1.18131,1.05331,1.26663],"X0_POWER_MGTAVTT_S": [1.43731,1.20669,1.564,1.05331,1.39463,1.56431,1.18144,1.05331,1.13863,1.56525],"X1_POWER_MGTVCCAUX_N": [0.2,0.2,0.349313,0.7225,0.536,0.2,0.2,0.319813,0.498625,0.536],"X1_POWER_MGTAVCC_S": [0.2,0.2,0.247875,0.530625,0.413312,0.2,0.2,0.258625,0.514625,0.413312],"X1_POWER_MGTAVCC_N": [0.2,0.2,0.2,0.530625,0.541313,0.2,0.2,0.2,0.41325,0.455938],"X1_POWER_MGTVCCAUC_S": [0.2,0.370625,0.7225,0.2,0.2,0.304312,0.621,0.2,0.2,0.413312],"X1_POWER_MGTAVTT_S": [0.2,0.2,0.274625,0.514625,0.241313,0.2,0.2,0.349313,0.541313,0.349313],"SERVICES_POWER_STANDBY_+3.3V": [1.23463,1.49863,1.49063,0.946688,1.13863,1.08531,1.56263,1.50125,1.13863,1.05331],"SERVICES+1.8V": [1.14269,1.56525,1.26663,1.13863,1.23463,1.08531,2.256,2.256,1.52263,1.564],"X0_POWER_MGTAVTT_N": [1.43731,1.05331,1.23463,1.20669,2.376,1.27063,0.882625,1.13863,1.43731,1.33163],"X1_POWER_+3.3V": [0.413312,0.541313,0.328,0.2,0.2,0.4665,0.514625,0.277313,0.2,0.2],"X0_POWER_+3.3V": [1.13863,2.256,1.906,1.39463,1.05331,1.56525,1.56525,1.26663,1.56,1.56],"X0_POWER_MGTAVCC_S": [1.52263,1.20269,1.05331,1.13863,1.33163,1.906,1.564,1.23463,1.26663,1.56525],"SERVICES+3.3V": [0.2,0.413312,0.514625,0.368,0.2,0.2,0.3285,0.530625,0.261313,0.2],"5V_SCALED": [0.2,0.367589,0.778929,0.413304,0.2,0.2,0.367589,0.946429,0.2,0.2],"Not Used": [1.565,1.05325,1.43731,1.43731,1.23463,1.234,1.18281,1.33163,0.950688,1.23463],"X0_POWER_+1.8V_ANALOGUE": [1.22394,1.56525,1.05331,0.946688,1.09381,2.256,1.62925,1.26663,1.564,1.05331],"X0_POWER_MGTAVCC_N": [1.39463,1.05331,1.05331,1.564,1.50125,1.18131,1.564,1.05331,1.26663,1.22394],"X0_POWER_MGTVCCAUC_N": [1.13863,1.64263,1.18131,1.05331,1.564,1.14269,1.33063,1.09331,1.564,1.565],"X1_POWER_+1.8V_ANALOGUE": [0.530625,0.221313,0.2,0.22025,0.413312,0.2065,0.2,0.225,1.224,0.282625],"X0_POWER_MGTVCCAUC_S": [2.248,1.43731,1.26663,0.950688,1.26663,1.33163,1.906,1.08731,1.05331,1.565],"ARTIX_MGTAVTT": [1.08531,1.56525,1.906,1.13863,1.05331,1.43731,1.56525,1.565,1.564,0.829313],}