{"X0_POWER_VCCAUX": [1.906,1.35194,1.56525,1.565,1.43731,1.43731,1.26663,1.56525,1.56531,1.56531],"X0_POWER_+1.8V": [1.564,1.21581,1.35194,1.43731,1.22381,1.56525,1.43731,1.56531,1.56531,1.56525],"+12_SCALED": [0.2,0.574786,1.37021,1.352,0.2,0.2,0.381714,1.37021,1.36571,0.2],"ARTIX_MGTAVCC": [1.08731,1.56531,1.46931,1.56525,1.18131,1.56525,1.52663,1.54288,1.56531,1.56525],"SERVICES+1.0V": [1.05331,1.18131,1.56531,1.43731,1.18131,1.56525,2.768,1.56531,1.13863,1.22331],"SERVICES+1.5V": [1.27088,1.56525,1.06131,1.56531,1.47981,1.56531,1.18131,1.56531,1.56531,1.56525],"X1_POWER_MGTAVTT_N": [0.2,0.536,0.510625,0.456125,0.2,0.2,0.231313,0.495938,0.247625,0.2],"X1_POWER_VCCINT": [0.2,0.541313,0.498625,0.2,0.2,0.2,0.54125,0.445312,0.2,0.2],"X1_POWER_VCCAUX": [0.2,0.262625,0.518625,0.541,0.2,0.2,0.284,0.541313,0.413312,0.2],"X1_POWER_+1.8V": [0.2,0.2,0.541313,0.413312,0.2,0.2,0.2,0.455938,0.541313,0.2],"X0_POWER_VCCINT": [0.950625,2.76,1.56531,1.13863,1.56525,1.56531,1.56531,1.56531,1.21531,1.56525],"X0_POWER_MGTAVTT_S": [1.56531,1.56525,1.18131,1.56525,2.768,2.896,1.56531,2.256,1.43731,1.59931],"X1_POWER_MGTVCCAUX_N": [0.2,0.536,0.541313,0.261313,0.2,0.2,0.368,0.541313,0.262625,0.2],"X1_POWER_MGTAVCC_S": [0.2,0.370625,0.505313,0.217312,0.2,0.2,0.541313,0.509313,0.220625,0.2],"X1_POWER_MGTAVCC_N": [0.2,0.54,0.541313,0.306625,0.2,0.2,0.413312,0.541313,0.285313,0.2],"X1_POWER_MGTVCCAUC_S": [0.2,0.541,0.541313,0.226625,0.2,0.2,0.445312,0.455813,0.28,0.2],"X1_POWER_MGTAVTT_S": [0.2,0.413312,0.521313,0.2,0.2,0.2,0.541313,0.363937,0.2,0.2],"SERVICES_POWER_STANDBY_+3.3V": [1.565,1.9065,1.33594,1.56525,1.906,1.56525,1.56531,1.56531,1.28763,1.27063],"SERVICES+1.8V": [1.39463,1.56531,1.56525,1.56525,1.56525,1.46931,2.768,2.416,1.56525,1.56525],"X0_POWER_MGTAVTT_N": [1.56525,1.565,1.56525,2.384,1.56531,1.08531,1.20663,1.46931,1.35194,1.18131],"X1_POWER_+3.3V": [0.2,0.2,0.541313,0.413312,0.2,0.2,0.517313,0.54,0.2,0.2],"X0_POWER_+3.3V": [1.21331,1.46931,1.33188,1.21581,1.18131,2.77,1.69331,2.768,1.56531,1.56525],"X0_POWER_MGTAVCC_S": [1.18131,1.56531,1.43731,1.18131,1.22381,1.52544,1.46931,1.22381,1.27063,2.768],"SERVICES+3.3V": [0.285313,0.518625,0.413312,0.2,0.2,0.317313,0.505313,0.413312,0.2,0.2],"5V_SCALED": [0.32,0.565625,0.687143,0.2,0.2,0.2,0.632321,0.687143,0.2,0.2],"Not Used": [1.565,1.90663,1.69331,1.56531,2.76,1.56531,2.07725,1.69331,1.90663,2.77],"X0_POWER_+1.8V_ANALOGUE": [1.564,1.56525,1.56531,1.56525,1.564,1.22381,1.46931,1.56531,1.18131,1.22331],"X0_POWER_MGTAVCC_N": [1.18131,2.416,1.56531,1.30931,1.56525,1.56531,1.56531,2.76,1.56525,1.56525],"X0_POWER_MGTVCCAUC_N": [1.564,1.56525,1.46931,1.56531,1.565,1.56525,1.56531,1.56531,1.56531,1.18131],"X1_POWER_+1.8V_ANALOGUE": [0.2,0.413312,0.553313,0.456,0.2,0.2,0.413312,0.541313,0.306625,0.2],"X0_POWER_MGTVCCAUC_S": [1.56525,1.18131,1.18131,1.56531,1.56531,1.56525,1.18131,1.56531,1.33188,1.13863],"ARTIX_MGTAVTT": [1.08781,1.46931,1.56531,1.18131,1.13863,1.56525,1.65063,1.46931,1.56525,1.565],}