{"X0_POWER_VCCAUX": [0.779,0.861,0.972,0.979,1.012,1.044,1.054,1.0965,1.064,1.042],"X0_POWER_+1.8V": [0.86,0.884,0.925,1.024,0.98,1.0245,0.9905,1.086,1.108,1.116],"+12_SCALED": [0,0,0,0,0,0,0,0,0,0],"ARTIX_MGTAVCC": [1.13144,1.19894,1.23763,1.27475,1.31706,1.2925,1.28788,1.27806,1.32931,1.33313],"SERVICES+1.0V": [1.123,1.17244,1.2235,1.22994,1.2545,1.24719,1.30306,1.31844,1.29563,1.29881],"SERVICES+1.5V": [1.11938,1.22944,1.27644,1.344,1.31469,1.30869,1.34556,1.30181,1.31931,1.30088],"X1_POWER_MGTAVTT_N": [1.12375,1.15869,1.17694,1.22469,1.22119,1.21025,1.23975,1.25988,1.25138,1.22113],"X1_POWER_VCCINT": [1.06475,1.15388,1.17925,1.23838,1.26631,1.27775,1.31813,1.28163,1.24388,1.28906],"X1_POWER_VCCAUX": [1.12163,1.16638,1.22731,1.25544,1.26381,1.28725,1.28031,1.26169,1.28688,1.27431],"X1_POWER_+1.8V": [1.12706,1.18413,1.20756,1.27294,1.32069,1.31006,1.35981,1.36038,1.354,1.32894],"X0_POWER_VCCINT": [0.7925,0.912,0.944,0.976,1,0.986,1.042,1.044,1.0485,1.068],"X0_POWER_MGTAVTT_S": [0.767,0.939,0.957,1.054,1.09,1.054,1.104,1.108,1.1285,1.092],"X1_POWER_MGTVCCAUX_N": [0.418438,0.710875,0.956313,1.20063,1.31588,1.33919,1.40794,1.44775,1.40481,1.44269],"X1_POWER_MGTAVCC_S": [1.15456,1.19788,1.23681,1.27513,1.32025,1.28938,1.27331,1.30888,1.34406,1.26431],"X1_POWER_MGTAVCC_N": [1.13925,1.21888,1.22213,1.22413,1.23444,1.29313,1.31063,1.36256,1.36031,1.35731],"X1_POWER_MGTVCCAUC_S": [1.12619,1.17994,1.24244,1.28344,1.2545,1.24381,1.28488,1.25319,1.24638,1.29606],"X1_POWER_MGTAVTT_S": [1.1565,1.17438,1.23075,1.23788,1.27513,1.30094,1.2945,1.27531,1.26481,1.27456],"SERVICES_POWER_STANDBY_+3.3V": [1.10994,1.19213,1.20431,1.24175,1.27831,1.32106,1.29794,1.31231,1.271,1.29363],"SERVICES+1.8V": [1.12275,1.17988,1.26475,1.29413,1.30231,1.29144,1.33944,1.38788,1.36969,1.39294],"X0_POWER_MGTAVTT_N": [0.778,0.86,0.957,0.984,1,1.008,1.032,1.018,1.072,1.076],"X1_POWER_+3.3V": [1.11769,1.2225,1.24331,1.30256,1.32538,1.32644,1.33938,1.37488,1.4005,1.39125],"X0_POWER_+3.3V": [0.752,0.836,0.878,0.924,0.991,1.054,1.054,1.114,1.074,1.082],"X0_POWER_MGTAVCC_S": [0.76,0.872,0.921,0.966,0.972,1.0105,1.044,1.054,1.0965,1.0685],"SERVICES+3.3V": [1.13256,1.19544,1.23506,1.28394,1.28344,1.27856,1.33938,1.37494,1.40694,1.41894],"5V_SCALED": [0,0,0,0,0,0,0,0,0,0],"Not Used": [1.2225,1.36831,1.51481,1.56006,1.60563,1.58,1.58288,1.60138,1.57188,1.57131],"X0_POWER_+1.8V_ANALOGUE": [0.792,0.908,0.927,1.018,1.042,1.044,1.05,1.072,1.062,1.024],"X0_POWER_MGTAVCC_N": [0.773,0.856,0.948,0.9785,1.018,1.064,1.044,1.012,1.032,1.036],"X0_POWER_MGTVCCAUC_N": [0.986,0.924,0.991,1.068,1.044,1.062,1.032,1.018,1.072,1.072],"X1_POWER_+1.8V_ANALOGUE": [1.11669,1.21694,1.21644,1.209,1.24906,1.22844,1.24575,1.29413,1.28344,1.25881],"X0_POWER_MGTVCCAUC_S": [0.776,0.861,0.958,1.036,1.029,1.012,1.044,1.054,1.1,1.077],"ARTIX_MGTAVTT": [1.14519,1.22063,1.20963,1.26769,1.27113,1.31456,1.27181,1.30338,1.32094,1.29513],}