{"X0_POWER_VCCAUX": [1.13863,1.60863,1.20669,1.05331,1.08531,1.521,1.52331,1.09531,1.05331,1.3945],"X0_POWER_+1.8V": [1.20794,2.256,1.43731,0.950688,1.23463,1.56525,1.49063,1.13863,1.56,1.564],"+12_SCALED": [0.749643,1.33357,0.2,0.2,0.2,1.0685,0.922143,0.250143,0.2,0.2],"ARTIX_MGTAVCC": [1.564,1.43731,1.56525,1.13863,0.886688,1.564,2.376,1.43731,1.26663,1.13863],"SERVICES+1.0V": [1.39463,1.05331,1.13863,1.26663,1.56525,1.26663,1.308,1.56,1.09544,1.56525],"SERVICES+1.5V": [1.18131,1.05331,1.18131,2.256,1.56531,1.20263,1.564,1.13863,1.43731,1.33163],"X1_POWER_MGTAVTT_N": [0.2,0.2,0.498625,0.413312,0.2,0.2,0.2,0.541313,0.541313,0.2],"X1_POWER_VCCINT": [0.349313,0.2,0.2,0.348,0.7225,0.328063,0.2,0.2,0.349313,0.60525],"X1_POWER_VCCAUX": [0.2,0.2,0.413312,1.224,0.306125,0.2,0.2,0.349313,0.541313,0.300625],"X1_POWER_+1.8V": [0.2,0.2,0.305313,0.514625,0.413312,0.2,0.2,0.2,0.541313,0.54],"X0_POWER_VCCINT": [1.50125,1.43731,1.05331,1.05331,1.05331,1.56525,1.26663,1.37325,1.05325,1.05331],"X0_POWER_MGTAVTT_S": [1.23463,1.565,1.906,1.20669,1.13863,1.564,1.08531,1.56525,1.20269,1.06131],"X1_POWER_MGTVCCAUX_N": [0.2,0.349313,0.60525,0.242,0.2,0.2,0.466625,0.848,0.262625,0.2],"X1_POWER_MGTAVCC_S": [0.2,0.277313,0.541313,0.37,0.2,0.2,0.349313,0.562625,0.306625,0.2],"X1_POWER_MGTAVCC_N": [0.2,0.275375,0.541313,0.413312,0.2,0.2,0.285313,1.224,0.413312,0.2],"X1_POWER_MGTVCCAUC_S": [0.349313,0.2,0.2,0.306625,0.541313,0.370625,0.2,0.2,0.2,0.455312],"X1_POWER_MGTAVTT_S": [0.2,0.4645,0.530625,0.2,0.2,0.2,0.49725,0.498625,0.2,0.2],"SERVICES_POWER_STANDBY_+3.3V": [1.09544,1.56525,1.29863,1.05331,1.564,1.21331,1.22394,1.13863,1.13863,1.21544],"SERVICES+1.8V": [2.256,1.26663,1.13863,1.906,2.256,1.864,1.23463,1.13863,1.565,1.56525],"X0_POWER_MGTAVTT_N": [1.564,1.43731,1.18131,1.05331,1.05331,1.13863,2.3765,1.43731,1.05331,1.11463],"X1_POWER_+3.3V": [0.2,0.2,0.2,0.370625,0.418625,0.2,0.2,0.2,0.722,0.54125],"X0_POWER_+3.3V": [1.13863,1.864,1.565,1.23463,1.05331,1.906,1.56525,1.05331,1.13863,1.564],"X0_POWER_MGTAVCC_S": [1.30925,1.43725,1.52263,1.18131,1.05331,1.09331,1.56525,1.43731,1.906,1.05331],"SERVICES+3.3V": [0.562625,0.241313,0.2,0.2,0.445312,0.498625,0.207313,0.2,0.2,0.445312],"5V_SCALED": [0.413304,0.2,0.2,0.356161,0.992143,0.413304,0.2,0.2,0.504732,0.672321],"Not Used": [1.22394,1.565,1.484,0.882625,1.14269,1.62925,1.18131,1.23463,1.564,1.08531],"X0_POWER_+1.8V_ANALOGUE": [1.56525,1.14269,1.05331,1.05331,1.906,1.9065,1.14269,1.564,1.05331,1.21331],"X0_POWER_MGTAVCC_N": [1.05331,1.43731,1.43731,1.08531,1.05331,1.05331,1.50125,1.56525,1.05331,1.23463],"X0_POWER_MGTVCCAUC_N": [1.43731,1.13863,1.05331,1.13863,1.56525,1.43731,1.564,1.05325,1.13863,1.864],"X1_POWER_+1.8V_ANALOGUE": [0.413312,0.2,0.2,0.2,0.54125,0.54125,0.2,0.2,0.2,0.421313],"X0_POWER_MGTVCCAUC_S": [1.56525,1.33063,1.05331,1.05331,1.08531,1.34931,1.39463,1.05331,1.23463,1.565],"ARTIX_MGTAVTT": [1.13863,1.906,1.21331,1.05331,1.05331,1.18131,1.43731,1.26663,1.13863,1.14931],}