{"X0_POWER_VCCAUX": [1.56525,1.26663,1.2345,1.23463,1.18344,2.376,1.56525,1.05331,1.05331,1.52125],"X0_POWER_+1.8V": [1.33163,1.05331,1.56,1.564,1.21331,2.248,1.26663,1.05331,1.13863,1.43731],"+12_SCALED": [1.33357,0.2,0.2,0.2,1.04107,1.19879,0.2,0.2,0.2,1.11414],"ARTIX_MGTAVCC": [1.50125,1.05331,1.09544,1.52013,1.33163,1.18131,1.05331,1.565,1.49863,1.27063],"SERVICES+1.0V": [1.564,1.05331,1.49063,1.496,1.05331,1.23463,1.26663,1.14394,1.26663,1.05331],"SERVICES+1.5V": [1.13863,1.18131,1.39463,1.501,1.23463,1.56,1.13863,1.33163,1.904,1.05331],"X1_POWER_MGTAVTT_N": [0.2,0.370625,0.541313,0.2,0.2,0.2,0.434625,0.447313,0.2,0.2],"X1_POWER_VCCINT": [0.2,0.2,0.285313,0.413312,0.370625,0.2,0.2,0.285313,0.423937,0.541],"X1_POWER_VCCAUX": [0.2,0.466625,0.562625,0.2,0.2,0.2,0.712,0.562625,0.2,0.2],"X1_POWER_+1.8V": [0.2,0.413312,0.562625,0.225313,0.2,0.2,0.536,0.514625,0.349313,0.2],"X0_POWER_VCCINT": [1.22131,1.05331,1.05331,1.56525,1.26663,1.14269,1.564,1.13331,1.26663,1.50125],"X0_POWER_MGTAVTT_S": [1.56525,1.26663,1.08531,1.13713,1.564,1.18344,1.43731,1.08531,1.13863,1.08781],"X1_POWER_MGTVCCAUX_N": [0.2,0.2,0.2,0.541313,0.226625,0.2,0.211625,0.562625,0.2,0.2],"X1_POWER_MGTAVCC_S": [0.317313,0.562625,0.370625,0.2,0.2,0.370625,0.514625,0.41325,0.2,0.2],"X1_POWER_MGTAVCC_N": [0.235313,0.541313,0.541,0.2,0.2,0.2,0.413312,0.413312,0.2,0.2],"X1_POWER_MGTVCCAUC_S": [0.2,0.2,0.2,0.413312,0.466625,0.2,0.2,0.2,0.541313,0.413312],"X1_POWER_MGTAVTT_S": [0.54,0.712,0.301313,0.2,0.2,0.430625,0.562625,0.271313,0.2,0.2],"SERVICES_POWER_STANDBY_+3.3V": [1.43731,1.564,1.56,1.13863,1.52263,1.565,1.56,0.829313,1.20669,1.43731],"SERVICES+1.8V": [1.564,1.13863,1.50131,1.56525,1.05331,1.23463,1.13863,2.248,1.62925,1.564],"X0_POWER_MGTAVTT_N": [1.62863,1.26663,1.05331,1.564,1.08731,1.52263,1.20669,1.13863,1.13863,1.26663],"X1_POWER_+3.3V": [0.2,0.281375,0.562625,0.413312,0.2,0.2,0.263313,0.541313,0.374625,0.2],"X0_POWER_+3.3V": [1.52263,1.564,1.23463,1.20669,1.39463,1.565,1.308,0.950688,1.20669,1.56525],"X0_POWER_MGTAVCC_S": [1.43731,1.33163,1.564,1.23463,1.564,1.27063,1.56525,1.05331,1.24,1.05331],"SERVICES+3.3V": [0.2,0.2,0.466625,0.541313,0.2,0.2,0.2,0.413312,1.224,0.2],"5V_SCALED": [0.2,0.2,0.359911,0.630446,0.260893,0.2,0.2,0.68,1.66286,0.577143],"Not Used": [1.18344,1.05331,1.564,1.13863,1.56531,1.18131,1.496,1.05331,1.52263,1.33163],"X0_POWER_+1.8V_ANALOGUE": [1.565,1.05331,1.564,1.33163,1.906,1.564,1.05331,1.13863,2.3765,1.49063],"X0_POWER_MGTAVCC_N": [1.43731,1.14269,1.564,1.564,1.26663,1.39463,1.565,1.564,1.56,1.13863],"X0_POWER_MGTVCCAUC_N": [1.13863,1.564,1.18131,1.49331,1.14269,1.05331,1.05331,1.26663,1.49063,1.26663],"X1_POWER_+1.8V_ANALOGUE": [0.306625,0.2,0.2,0.453313,0.445312,0.2,0.2,0.2,0.541313,0.445312],"X0_POWER_MGTVCCAUC_S": [1.21531,1.05331,1.13863,1.43731,2.376,1.21331,1.05331,1.564,1.22331,1.56525],"ARTIX_MGTAVTT": [1.43731,1.05331,0.882625,1.52013,1.43731,1.564,1.05331,1.05331,1.43731,1.33163],}