{"X0_POWER_VCCAUX": [0.774,0.848,0.908,0.946,0.976,1.012,1.036,1.035,1.036,1.04],"X0_POWER_+1.8V": [0.846,0.84,0.89,0.9805,1.016,1.064,1.052,1.0965,1.034,0.98],"+12_SCALED": [0,0,0,0,0,0,0,0,0,0],"ARTIX_MGTAVCC": [1.12919,1.18219,1.26219,1.28281,1.22356,1.235,1.269,1.29075,1.2905,1.28275],"SERVICES+1.0V": [1.12438,1.17494,1.23106,1.26394,1.29981,1.3235,1.32013,1.20919,1.26769,1.303],"SERVICES+1.5V": [1.11581,1.22369,1.24563,1.30806,1.34919,1.33394,1.36331,1.36,1.35094,1.33681],"X1_POWER_MGTAVTT_N": [1.11519,1.21056,1.26025,1.22744,1.22938,1.24294,1.29069,1.27163,1.29306,1.27756],"X1_POWER_VCCINT": [1.06881,1.15894,1.18944,1.20619,1.25425,1.24544,1.29713,1.30006,1.31106,1.34631],"X1_POWER_VCCAUX": [1.13656,1.20094,1.23138,1.25538,1.25394,1.24469,1.29006,1.27713,1.32206,1.29375],"X1_POWER_+1.8V": [1.12669,1.18781,1.20544,1.24888,1.22931,1.2495,1.23419,1.25956,1.26144,1.27594],"X0_POWER_VCCINT": [0.792,0.906,0.925,1.018,1.053,1.1,1.068,1.076,1.0845,1.114],"X0_POWER_MGTAVTT_S": [0.7665,0.948,0.976,1.018,1.076,1.104,1.104,1.116,1.156,1.116],"X1_POWER_MGTVCCAUX_N": [1.19244,1.32644,1.444,1.49219,1.56325,1.60144,1.56738,1.62544,1.6365,1.58769],"X1_POWER_MGTAVCC_S": [1.1515,1.27113,1.33163,1.35906,1.36281,1.383,1.367,1.39119,1.39063,1.39288],"X1_POWER_MGTAVCC_N": [1.15256,1.19369,1.22688,1.25719,1.27744,1.34019,1.37363,1.40988,1.366,1.37631],"X1_POWER_MGTVCCAUC_S": [1.12625,1.17869,1.24188,1.28175,1.25044,1.24044,1.28,1.23875,1.27325,1.30738],"X1_POWER_MGTAVTT_S": [1.17431,1.25775,1.26919,1.31638,1.30413,1.33938,1.37488,1.417,1.38238,1.35413],"SERVICES_POWER_STANDBY_+3.3V": [1.104,1.17313,1.23694,1.2765,1.31288,1.27106,1.30988,1.37106,1.38094,1.34575],"SERVICES+1.8V": [1.12644,1.18275,1.27375,1.33263,1.36888,1.38544,1.39525,1.4145,1.39088,1.39706],"X0_POWER_MGTAVTT_N": [0.779,0.856,0.952,0.991,1.0805,1.1,1.086,1.136,1.117,1.156],"X1_POWER_+3.3V": [1.12519,1.17038,1.20944,1.26919,1.30313,1.31475,1.2715,1.30925,1.34788,1.30313],"X0_POWER_+3.3V": [0.76,0.863,0.976,0.991,1.054,1.0845,1.134,1.104,1.1,1.1],"X0_POWER_MGTAVCC_S": [0.762,0.8725,0.916,0.964,0.9645,0.972,0.991,1.0805,1.0965,1.068],"SERVICES+3.3V": [1.13456,1.20681,1.27281,1.32988,1.35813,1.36719,1.39738,1.41569,1.40144,1.43106],"5V_SCALED": [0,0,0,0,0,0,0,0,0,0],"Not Used": [1.23944,1.44281,1.51644,1.594,1.65869,1.70181,1.659,1.69794,1.65425,1.68544],"X0_POWER_+1.8V_ANALOGUE": [0.786,0.868,0.888,0.987,1.028,1.005,1.004,1.013,1.032,1.012],"X0_POWER_MGTAVCC_N": [0.772,0.848,0.908,0.94,0.968,0.9805,1.028,1.005,1.028,1.004],"X0_POWER_MGTVCCAUC_N": [0.92,0.904,0.944,0.986,1.054,1.114,1.148,1.172,1.168,1.16],"X1_POWER_+1.8V_ANALOGUE": [1.12275,1.16775,1.2115,1.27013,1.29894,1.31019,1.35081,1.32494,1.31844,1.29388],"X0_POWER_MGTVCCAUC_S": [0.784,0.86,0.949,1.0105,1.053,1.088,1.044,1.0805,1.116,1.14],"ARTIX_MGTAVTT": [1.1465,1.21625,1.20794,1.25719,1.25531,1.24713,1.31488,1.27225,1.301,1.31306],}