{"X0_POWER_VCCAUX": [1.56,1.13863,1.09381,1.22131,1.56525,1.56525,1.56525,1.565,1.18131,1.13863],"X0_POWER_+1.8V": [1.564,1.08531,0.946625,1.564,1.565,1.565,1.18131,1.08531,1.565,1.56525],"+12_SCALED": [0.2,0.2,0.2,0.2,0.2,0.2,0.2,0.2,0.2,0.2],"ARTIX_MGTAVCC": [1.564,1.13863,1.05331,1.05331,1.18131,1.20263,1.56525,1.56525,1.41731,1.13863],"SERVICES+1.0V": [1.09331,1.564,1.56525,1.05331,1.565,1.13863,1.13863,1.18131,1.565,1.20263],"SERVICES+1.5V": [1.496,1.564,1.565,1.21331,1.21331,1.22131,1.14263,1.56525,1.56525,1.56525],"X1_POWER_MGTAVTT_N": [0.2,0.2,0.2,0.2,0.2,0.2,0.2,0.2,0.2,0.2],"X1_POWER_VCCINT": [0.2,0.2,0.2,0.2,0.2,0.2,0.2,0.2,0.2,0.2],"X1_POWER_VCCAUX": [0.2,0.2,0.2,0.2,0.2,0.2,0.2,0.2,0.2,0.2],"X1_POWER_+1.8V": [0.2,0.2,0.2,0.2,0.2,0.2,0.2,0.2,0.2,0.2],"X0_POWER_VCCINT": [1.564,1.564,1.565,1.13863,1.565,1.22263,1.56525,1.21331,2.76,1.22381],"X0_POWER_MGTAVTT_S": [1.56,1.564,1.565,1.21531,1.18131,1.56525,1.41731,1.18131,1.20263,1.906],"X1_POWER_MGTVCCAUX_N": [0.2,0.2,0.2,0.2,0.2,0.2,0.2,0.2,0.2,0.2],"X1_POWER_MGTAVCC_S": [0.2,0.2,0.2,0.2,0.2,0.2,0.2,0.2,0.2,0.2],"X1_POWER_MGTAVCC_N": [0.2,0.2,0.2,0.2,0.2,0.2,0.2,0.2,0.2,0.2],"X1_POWER_MGTVCCAUC_S": [0.2,0.2,0.2,0.2,0.2,0.2,0.2,0.2,0.2,0.2],"X1_POWER_MGTAVTT_S": [0.2,0.2,0.2,0.2,0.2,0.2,0.2,0.2,0.2,0.2],"SERVICES_POWER_STANDBY_+3.3V": [1.56,1.564,1.09331,1.09331,1.05331,1.565,1.18331,1.18131,1.09331,1.13863],"SERVICES+1.8V": [0.882625,1.05331,1.565,1.56525,1.21531,1.08531,1.21331,1.21531,1.56525,1.13863],"X0_POWER_MGTAVTT_N": [1.05331,1.564,1.565,1.48263,1.09331,1.56525,1.18131,1.13863,1.09381,1.56525],"X1_POWER_+3.3V": [0.2,0.2,0.2,0.2,0.2,0.2,0.2,0.2,0.2,0.2],"X0_POWER_+3.3V": [1.564,1.564,1.565,1.565,1.565,1.565,1.565,1.09331,1.18131,1.21531],"X0_POWER_MGTAVCC_S": [1.13863,1.565,1.565,1.09381,1.56525,1.56525,1.22331,1.56525,1.56525,1.41731],"SERVICES+3.3V": [0.2,0.2,0.2,0.2,0.2,0.2,0.2,0.2,0.2,0.2],"5V_SCALED": [0.2,0.2,0.2,0.2,0.2,0.2,0.2,0.2,0.2,0.2],"Not Used": [1.13863,1.56525,1.56531,1.41931,1.41731,1.56531,2.768,1.56531,2.896,1.65063],"X0_POWER_+1.8V_ANALOGUE": [1.05331,1.05331,1.13863,1.18131,1.56525,1.56525,1.56525,2.76,1.56525,1.19181],"X0_POWER_MGTAVCC_N": [1.13863,1.564,1.18131,1.48013,1.564,1.18131,1.13863,1.56525,1.18331,1.56525],"X0_POWER_MGTVCCAUC_N": [1.56,1.05331,1.08531,1.565,1.18131,1.09381,1.22131,1.41731,1.22331,1.9065],"X1_POWER_+1.8V_ANALOGUE": [0.2,0.2,0.2,0.2,0.2,0.2,0.2,0.2,0.2,0.2],"X0_POWER_MGTVCCAUC_S": [1.564,1.565,1.09331,1.56525,1.56525,1.21331,1.48263,1.21331,1.906,1.22381],"ARTIX_MGTAVTT": [0.882625,1.564,1.08531,1.18131,1.56525,1.21331,1.41731,1.18131,1.56531,1.56531],}