{"X0_POWER_VCCAUX": [0.784,0.868,0.9,0.9165,0.98,1.02,1.0845,1.1185,1.162,1.128],"X0_POWER_+1.8V": [0.852,0.884,0.916,0.968,0.9865,1.072,1.0845,1.119,1.164,1.146],"+12_SCALED": [0,0,0,0,0,0,0,0,0,0],"ARTIX_MGTAVCC": [1.13344,1.20406,1.24669,1.31875,1.29944,1.321,1.30381,1.33906,1.37119,1.39931],"SERVICES+1.0V": [1.125,1.16788,1.22569,1.24056,1.30163,1.31688,1.31431,1.2895,1.29031,1.294],"SERVICES+1.5V": [1.12044,1.16906,1.2285,1.25838,1.27556,1.331,1.34419,1.31731,1.3095,1.35681],"X1_POWER_MGTAVTT_N": [1.13038,1.179,1.22769,1.23956,1.28225,1.241,1.26919,1.2885,1.27519,1.30331],"X1_POWER_VCCINT": [1.06481,1.14794,1.23181,1.25731,1.25375,1.23969,1.28944,1.27763,1.32469,1.31525],"X1_POWER_VCCAUX": [1.13038,1.18831,1.20956,1.28163,1.26994,1.32469,1.34256,1.40269,1.43575,1.45619],"X1_POWER_+1.8V": [1.13794,1.19713,1.22794,1.25031,1.23356,1.25656,1.25431,1.25756,1.25769,1.25575],"X0_POWER_VCCINT": [0.794,0.912,0.948,1.004,1.029,1.012,1.053,1.0965,1.077,1.104],"X0_POWER_MGTAVTT_S": [0.767,0.936,0.958,1.0345,1.04,1.068,1.068,1.068,1.076,1.114],"X1_POWER_MGTVCCAUX_N": [1.22925,1.37063,1.51231,1.56863,1.57844,1.61388,1.63438,1.62494,1.67631,1.66375],"X1_POWER_MGTAVCC_S": [1.15513,1.20956,1.31075,1.39869,1.44538,1.39863,1.43025,1.44456,1.40363,1.43819],"X1_POWER_MGTAVCC_N": [1.158,1.20925,1.2905,1.31406,1.31813,1.33463,1.38719,1.39581,1.42663,1.44856],"X1_POWER_MGTVCCAUC_S": [1.12781,1.17969,1.2385,1.27769,1.33344,1.34125,1.36331,1.36213,1.36163,1.35069],"X1_POWER_MGTAVTT_S": [1.18012,1.26944,1.317,1.30013,1.33575,1.37494,1.42306,1.40856,1.35525,1.36381],"SERVICES_POWER_STANDBY_+3.3V": [1.11381,1.17531,1.23275,1.2485,1.22925,1.24744,1.30544,1.332,1.33844,1.36625],"SERVICES+1.8V": [1.12619,1.19125,1.22088,1.24669,1.33038,1.3495,1.29144,1.33113,1.3355,1.38613],"X0_POWER_MGTAVTT_N": [0.778,0.86,0.957,1.05,1.0805,1.116,1.14,1.144,1.16,1.116],"X1_POWER_+3.3V": [1.12225,1.17219,1.23475,1.2775,1.34975,1.35,1.34088,1.37538,1.408,1.35031],"X0_POWER_+3.3V": [0.754,0.863,0.964,0.948,0.991,1.076,1.082,1.114,1.1285,1.0965],"X0_POWER_MGTAVCC_S": [0.778,0.845,0.904,0.925,1.018,1.053,1.104,1.104,1.108,1.128],"SERVICES+3.3V": [1.13219,1.20219,1.25856,1.28956,1.30913,1.36163,1.38606,1.37594,1.44269,1.40825],"5V_SCALED": [0,0,0,0,0,0,0,0,0,0],"Not Used": [1.264,1.42744,1.56438,1.66819,1.65419,1.70344,1.68825,1.72056,1.73856,1.71119],"X0_POWER_+1.8V_ANALOGUE": [0.78,0.856,0.948,1,0.991,1.074,1.076,1.082,1.1,1.1],"X0_POWER_MGTAVCC_N": [0.776,0.858,0.952,1.004,1.02,1.086,1.117,1.156,1.108,1.117],"X0_POWER_MGTVCCAUC_N": [0.918,0.893,0.991,1.074,1.086,1.14,1.149,1.1945,1.164,1.152],"X1_POWER_+1.8V_ANALOGUE": [1.11994,1.2235,1.23181,1.25444,1.25388,1.25138,1.24631,1.30138,1.31563,1.28494],"X0_POWER_MGTVCCAUC_S": [0.7805,0.8725,0.904,0.944,0.98,1.03,1.02,1.101,1.086,1.148],"ARTIX_MGTAVTT": [1.14456,1.22731,1.24206,1.28206,1.24975,1.23225,1.252,1.23781,1.27063,1.29881],}