{"X0_POWER_VCCAUX": [0.132188,0.132313,0.132563,0.13225,0.132313,0.132,0.132375,0.132313,0.132313,0.132063],"X0_POWER_+1.8V": [0.312625,0.312938,0.313188,0.31275,0.31275,0.312688,0.31275,0.312625,0.312813,0.312875],"+12_SCALED": [11.7849,11.7829,11.7849,11.7849,11.7874,11.7827,11.7797,11.7857,11.787,11.7761],"ARTIX_MGTAVCC": [1.00781,1.00669,1.00719,1.00619,1.00694,1.0075,1.00619,1.00594,1.00694,1.00744],"SERVICES+1.0V": [1.00081,1.00069,1.00538,1.00044,1.0055,1.00375,1.00144,1.00163,1.00281,1.00356],"SERVICES+1.5V": [1.49056,1.49031,1.4905,1.49163,1.49044,1.48956,1.49088,1.49013,1.49025,1.49113],"X1_POWER_MGTAVTT_N": [0.159438,0.1595,0.15975,0.159688,0.159438,0.159438,0.159625,0.159625,0.1595,0.159563],"X1_POWER_VCCINT": [0.957938,0.958938,0.958688,0.95825,0.95825,0.959,0.957875,0.957563,0.957875,0.958188],"X1_POWER_VCCAUX": [0.131375,0.1315,0.1315,0.131438,0.131375,0.131563,0.131375,0.131375,0.131625,0.131438],"X1_POWER_+1.8V": [1.07769,1.18375,1.26225,1.26613,1.28788,1.25669,1.29838,1.3025,1.31894,1.30619],"X0_POWER_VCCINT": [0.956875,0.956688,0.957,0.95625,0.957188,0.956875,0.956375,0.957563,0.956438,0.956875],"X0_POWER_MGTAVTT_S": [0.14075,0.140563,0.140625,0.14075,0.140313,0.140625,0.140313,0.140313,0.140688,0.140563],"X1_POWER_MGTVCCAUX_N": [1.7985,1.79781,1.79788,1.7985,1.79781,1.79806,1.79825,1.79775,1.79806,1.79763],"X1_POWER_MGTAVCC_S": [0.122,0.122,0.122063,0.122063,0.12225,0.122125,0.122063,0.122,0.122063,0.122],"X1_POWER_MGTAVCC_N": [0.159438,0.159375,0.159375,0.159438,0.159375,0.159438,0.159313,0.159375,0.159313,0.159563],"X1_POWER_MGTVCCAUC_S": [1.79788,1.79875,1.7985,1.79831,1.79838,1.79806,1.79781,1.79781,1.79694,1.79838],"X1_POWER_MGTAVTT_S": [0.120813,0.120938,0.120813,0.120938,0.120875,0.120813,0.120813,0.120688,0.120938,0.120813],"SERVICES_POWER_STANDBY_+3.3V": [3.321,3.32288,3.322,3.31488,3.32444,3.31663,3.31806,3.31975,3.31825,3.32319],"SERVICES+1.8V": [1.81069,1.80638,1.81288,1.80575,1.812,1.8065,1.81506,1.81019,1.80469,1.80881],"X0_POWER_MGTAVTT_N": [1.07544,1.176,1.22656,1.23831,1.27681,1.323,1.3055,1.33013,1.33419,1.35056],"X1_POWER_+3.3V": [3.31419,3.313,3.30969,3.30338,3.30456,3.30244,3.30363,3.30463,3.30275,3.30263],"X0_POWER_+3.3V": [3.31844,3.32456,3.31638,3.31625,3.3255,3.31994,3.31306,3.32263,3.32519,3.31163],"X0_POWER_MGTAVCC_S": [0.145813,0.145813,0.146188,0.146313,0.145938,0.146063,0.146375,0.146063,0.14625,0.145938],"SERVICES+3.3V": [3.33888,3.33969,3.33913,3.32725,3.33288,3.3365,3.33856,3.343,3.3385,3.32988],"5V_SCALED": [4.96446,4.96304,4.96205,4.95857,4.96366,4.96375,4.96205,4.96161,4.95973,4.96313],"Not Used": [3.15975,2.93181,2.75219,2.54819,2.45794,2.40731,2.30856,2.2175,2.16156,2.147],"X0_POWER_+1.8V_ANALOGUE": [1.78575,1.78675,1.7865,1.78663,1.78631,1.78688,1.78706,1.78663,1.78656,1.78619],"X0_POWER_MGTAVCC_N": [0.145188,0.14525,0.145,0.145,0.144875,0.14525,0.145,0.145063,0.145,0.144563],"X0_POWER_MGTVCCAUC_N": [1.78588,1.78644,1.78631,1.78681,1.7865,1.78625,1.78644,1.78688,1.78638,1.78631],"X1_POWER_+1.8V_ANALOGUE": [1.798,1.79806,1.79825,1.79756,1.79806,1.798,1.79738,1.79781,1.79869,1.79763],"X0_POWER_MGTVCCAUC_S": [1.78644,1.78656,1.78644,1.78631,1.78681,1.78663,1.78606,1.78669,1.787,1.78631],"ARTIX_MGTAVTT": [1.20075,1.20069,1.20138,1.20094,1.20113,1.20106,1.20138,1.20088,1.20125,1.20056],}