{"X0_POWER_VCCAUX": [2.256,1.43731,1.565,0.962625,1.26663,1.27063,1.43725,1.05331,1.05331,1.18931],"X0_POWER_+1.8V": [1.43731,1.18131,1.05331,1.23463,1.18131,1.904,1.14269,1.05331,1.05331,1.565],"+12_SCALED": [1.24721,0.711929,0.2,0.2,0.711929,1.33357,1.36571,0.2,0.2,1.10514],"ARTIX_MGTAVCC": [2.376,1.864,1.565,0.882625,1.13863,1.56525,1.49063,1.13863,1.05331,1.39463],"SERVICES+1.0V": [1.13863,1.20669,2.376,1.62925,1.565,1.05331,1.37325,1.26663,1.26663,1.23463],"SERVICES+1.5V": [1.2345,1.18144,1.43731,1.18131,1.05331,1.08531,1.14269,1.906,1.13863,1.564],"X1_POWER_MGTAVTT_N": [0.275313,0.605313,0.413312,0.2,0.2,0.328313,0.423937,0.374625,0.2,0.2],"X1_POWER_VCCINT": [0.2,0.2,0.300625,0.434625,0.413312,0.2,0.2,0.290625,0.562625,0.4665],"X1_POWER_VCCAUX": [0.2,0.498625,0.54125,0.2,0.2,0.2,0.541313,0.445312,0.2,0.2],"X1_POWER_+1.8V": [0.2,0.445312,0.562625,0.2085,0.2,0.2,0.434625,0.501312,0.28,0.2],"X0_POWER_VCCINT": [1.43731,1.565,1.308,1.05331,1.26663,1.39463,1.13863,1.05331,1.26663,1.39463],"X0_POWER_MGTAVTT_S": [1.05331,1.43731,1.501,1.23463,0.882625,1.05331,1.56525,1.56525,1.13863,1.05331],"X1_POWER_MGTVCCAUX_N": [0.54,0.519875,0.311438,0.2,0.2,0.413312,0.605313,0.200625,0.2,0.2],"X1_POWER_MGTAVCC_S": [0.445312,0.722,0.2,0.2,0.2,0.520313,0.530625,0.2,0.2,0.2],"X1_POWER_MGTAVCC_N": [0.413312,1.224,0.224,0.2,0.2,0.413312,0.541313,0.336,0.2,0.2],"X1_POWER_MGTVCCAUC_S": [0.2,0.2,0.2,0.434625,0.413312,0.2,0.2,0.2,0.498625,0.445312],"X1_POWER_MGTAVTT_S": [1.224,0.413312,0.2,0.2,0.344,0.6245,0.536,0.2,0.2,0.263313],"SERVICES_POWER_STANDBY_+3.3V": [1.13863,1.48925,1.05331,1.496,1.23463,1.906,1.08531,1.05331,1.13863,2.328],"SERVICES+1.8V": [1.05331,1.26663,1.20794,1.56525,1.13863,1.05331,1.13863,1.26663,1.43731,1.26663],"X0_POWER_MGTAVTT_N": [1.56525,1.14269,1.06131,1.564,1.05331,1.50125,1.49863,1.13863,1.05331,1.09544],"X1_POWER_+3.3V": [0.2,0.317313,0.562625,0.349313,0.2,0.2,0.370625,0.530625,0.536,0.2],"X0_POWER_+3.3V": [1.52263,1.18131,1.13863,1.564,1.20269,2.256,1.43731,1.05331,1.05331,1.30925],"X0_POWER_MGTAVCC_S": [1.26663,2.256,1.43731,1.05331,1.564,1.39463,1.50125,1.26663,1.39263,1.13863],"SERVICES+3.3V": [0.2,0.2,0.2725,0.7225,0.541,0.2,0.2,0.247938,0.498625,0.368],"5V_SCALED": [0.2,0.2,0.321786,0.516161,0.413304,0.2,0.2,0.260893,0.687589,0.68],"Not Used": [1.56525,0.950688,1.05331,1.37325,1.50125,1.48063,1.05325,0.950688,1.26663,2.376],"X0_POWER_+1.8V_ANALOGUE": [1.56525,1.3945,0.950688,1.56525,2.376,1.64925,1.13863,1.23463,1.18131,1.56525],"X0_POWER_MGTAVCC_N": [1.906,1.906,1.48063,1.564,1.05331,1.18131,1.33163,1.18131,1.39463,1.05331],"X0_POWER_MGTVCCAUC_N": [1.14269,1.05331,1.565,2.248,1.65063,1.48063,1.12263,0.950688,1.50131,2.256],"X1_POWER_+1.8V_ANALOGUE": [0.368,0.2,0.2,0.421813,0.541313,0.237312,0.2,0.2,0.520313,0.541313],"X0_POWER_MGTVCCAUC_S": [1.43731,1.564,1.05331,1.565,1.56525,1.21331,1.26663,1.23463,1.565,1.21531],"ARTIX_MGTAVTT": [1.43731,1.43731,1.564,1.05331,1.26663,1.56525,1.18344,1.564,1.05331,1.26663],}