{"X0_POWER_VCCAUX": [1.56525,1.48063,1.3945,0.946625,1.08531,1.49625,1.565,1.23463,1.56,1.564],"X0_POWER_+1.8V": [1.43731,1.49063,1.13863,1.26663,1.30931,1.564,1.05325,1.18131,1.43731,1.19163],"+12_SCALED": [0.2,1.11414,1.33314,0.2,0.2,0.839857,1.36571,0.2,0.2,0.931143],"ARTIX_MGTAVCC": [1.23463,1.564,1.49063,1.33063,1.05331,0.886688,1.09544,1.56525,1.26663,1.05331],"SERVICES+1.0V": [1.906,1.05331,0.886688,1.43725,1.906,1.20669,1.23463,1.13863,1.20794,1.906],"SERVICES+1.5V": [1.18131,1.564,1.23463,1.26663,1.56525,1.08531,1.308,1.05325,1.21594,1.906],"X1_POWER_MGTAVTT_N": [0.285313,0.517313,0.286625,0.2,0.2,0.306625,0.514625,0.54,0.2,0.2],"X1_POWER_VCCINT": [0.530625,0.2,0.2,0.2,0.498625,0.498625,0.2,0.2,0.2,0.530625],"X1_POWER_VCCAUX": [0.2,0.514625,0.298937,0.2,0.2,0.498625,0.370625,0.2,0.2,0.530625],"X1_POWER_+1.8V": [0.2,0.2,0.2,0.498625,0.2,0.2,0.241313,0.4665,0.2,0.2],"X0_POWER_VCCINT": [1.26663,1.05331,1.13863,1.49063,1.39463,1.05331,1.564,1.23463,1.30931,1.33063],"X0_POWER_MGTAVTT_S": [1.26663,1.43731,1.56525,1.13863,1.05331,1.565,1.56525,1.26663,1.564,1.05325],"X1_POWER_MGTVCCAUX_N": [0.514625,0.536,0.2,0.2,0.349313,0.498625,0.326937,0.2,0.2,0.349313],"X1_POWER_MGTAVCC_S": [0.445312,0.6265,0.2,0.2,0.2,0.349313,0.530625,0.2,0.2,0.2],"X1_POWER_MGTAVCC_N": [0.413312,0.530625,0.274625,0.2,0.2,0.344,0.562625,0.265312,0.2,0.2],"X1_POWER_MGTVCCAUC_S": [0.514625,0.305313,0.2,0.2,0.41325,0.530625,0.293312,0.2,0.2,0.357313],"X1_POWER_MGTAVTT_S": [0.514625,0.413312,0.2,0.2,0.254625,0.445312,0.541,0.2,0.2,0.240625],"SERVICES_POWER_STANDBY_+3.3V": [1.39463,1.23463,1.56525,1.43731,1.05331,1.56,1.08531,1.906,1.43731,1.13863],"SERVICES+1.8V": [1.56525,0.946625,0.946625,1.18344,1.33163,1.52,1.05331,1.13863,1.9065,1.864],"X0_POWER_MGTAVTT_N": [1.43731,1.20669,1.08731,1.05331,1.26663,2.264,1.905,1.18131,1.05331,1.08531],"X1_POWER_+3.3V": [0.274625,0.584312,0.261313,0.2,0.284063,0.562625,0.24,0.2,0.2,0.541313],"X0_POWER_+3.3V": [1.20669,1.13863,1.39463,1.13863,1.43731,1.18131,1.05331,1.565,1.18344,1.43731],"X0_POWER_MGTAVCC_S": [1.565,1.22331,1.26663,1.05331,1.05331,1.20669,1.43731,1.18344,1.05331,1.05331],"SERVICES+3.3V": [0.413312,0.2,0.2,0.325312,0.514625,0.536,0.2,0.2,0.370625,0.7225],"5V_SCALED": [0.6875,0.2,0.2,0.222768,0.687589,0.672143,0.2,0.2,0.32,0.672321],"Not Used": [1.564,1.13863,1.52263,1.906,1.565,1.308,1.308,1.08731,1.39463,1.23463],"X0_POWER_+1.8V_ANALOGUE": [1.26663,1.05331,1.26663,2.256,1.43731,1.05331,1.23463,1.56525,1.906,1.565],"X0_POWER_MGTAVCC_N": [1.56525,1.906,1.26663,1.05331,1.08531,1.906,1.906,1.18131,1.13863,1.05331],"X0_POWER_MGTVCCAUC_N": [1.39463,1.37325,1.39463,1.05331,1.08781,1.52263,1.565,1.05325,1.26663,1.39463],"X1_POWER_+1.8V_ANALOGUE": [0.541313,0.54,0.2,0.2,0.536125,0.413312,0.2,0.2,0.530625,0.413312],"X0_POWER_MGTVCCAUC_S": [1.26663,0.946625,1.26663,1.52263,1.43731,1.564,1.05331,1.565,1.33163,1.13863],"ARTIX_MGTAVTT": [1.43731,1.13863,1.18131,1.50125,1.18131,1.05331,1.05331,1.56525,1.13863,1.3945],}