{"X0_POWER_VCCAUX": [0.132188,0.13225,0.132313,0.132188,0.132125,0.13225,0.132313,0.132375,0.132125,0.132375],"X0_POWER_+1.8V": [0.312875,0.312813,0.312813,0.312688,0.312875,0.312813,0.312563,0.313,0.312813,0.312625],"+12_SCALED": [11.7846,11.7876,11.7849,11.7816,11.7838,11.787,11.7836,11.7831,11.7842,11.784],"ARTIX_MGTAVCC": [1.00681,1.00656,1.006,1.00625,1.00719,1.007,1.00681,1.00713,1.00706,1.00631],"SERVICES+1.0V": [1.00087,1.00262,1.00181,1.00175,1.00406,1.00144,1.00163,1.001,1.005,0.999875],"SERVICES+1.5V": [1.49106,1.49,1.4905,1.49131,1.49144,1.491,1.48988,1.4905,1.48969,1.49031],"X1_POWER_MGTAVTT_N": [0.159313,0.1595,0.15975,0.159375,0.159438,0.159375,0.159625,0.159438,0.159438,0.159688],"X1_POWER_VCCINT": [0.957813,0.956875,0.958,0.958,0.957875,0.95775,0.957125,0.958313,0.957063,0.957938],"X1_POWER_VCCAUX": [0.1315,0.131438,0.131438,0.131563,0.131375,0.131375,0.13125,0.131438,0.131438,0.131438],"X1_POWER_+1.8V": [1.07531,1.18144,1.25813,1.26275,1.27288,1.308,1.34169,1.38194,1.34719,1.30981],"X0_POWER_VCCINT": [0.956875,0.957,0.956938,0.956875,0.956438,0.9565,0.956875,0.95775,0.957188,0.956875],"X0_POWER_MGTAVTT_S": [0.140313,0.140313,0.140438,0.140438,0.140438,0.14025,0.140313,0.140438,0.140438,0.14075],"X1_POWER_MGTVCCAUX_N": [1.79781,1.79813,1.79769,1.798,1.79825,1.79831,1.79875,1.79794,1.798,1.79806],"X1_POWER_MGTAVCC_S": [0.122063,0.122063,0.122125,0.122188,0.121938,0.122188,0.122063,0.122,0.122125,0.122063],"X1_POWER_MGTAVCC_N": [0.159188,0.159438,0.159375,0.15925,0.159375,0.159313,0.159375,0.159438,0.15925,0.1595],"X1_POWER_MGTVCCAUC_S": [1.79794,1.79744,1.79831,1.79769,1.79838,1.79806,1.79775,1.79894,1.79863,1.79756],"X1_POWER_MGTAVTT_S": [0.12075,0.120938,0.120813,0.120688,0.120875,0.120813,0.120938,0.120813,0.120875,0.120688],"SERVICES_POWER_STANDBY_+3.3V": [3.32781,3.31831,3.317,3.31956,3.318,3.31963,3.31606,3.32313,3.32144,3.31588],"SERVICES+1.8V": [1.808,1.81681,1.809,1.80981,1.80413,1.81431,1.81369,1.81544,1.80688,1.80606],"X0_POWER_MGTAVTT_N": [1.07375,1.1705,1.23644,1.29506,1.32163,1.32875,1.35094,1.35388,1.35888,1.37588],"X1_POWER_+3.3V": [3.31125,3.30763,3.30338,3.30744,3.30669,3.307,3.30575,3.30519,3.30419,3.30506],"X0_POWER_+3.3V": [3.31944,3.3155,3.32056,3.32419,3.32244,3.31169,3.31881,3.32338,3.32444,3.3165],"X0_POWER_MGTAVCC_S": [0.146188,0.146063,0.145875,0.146375,0.146188,0.146063,0.14625,0.146125,0.145938,0.146063],"SERVICES+3.3V": [3.341,3.33269,3.3375,3.3335,3.33175,3.33963,3.33219,3.33125,3.33838,3.32813],"5V_SCALED": [4.96089,4.96009,4.96321,4.96089,4.96438,4.95973,4.96268,4.96429,4.9633,4.9642],"Not Used": [3.09931,2.89375,2.69875,2.53619,2.40969,2.31794,2.26056,2.23306,2.22463,2.19081],"X0_POWER_+1.8V_ANALOGUE": [1.78569,1.78619,1.786,1.78606,1.78581,1.78544,1.78625,1.78681,1.78681,1.78619],"X0_POWER_MGTAVCC_N": [0.14525,0.14475,0.144813,0.144938,0.145125,0.145188,0.14475,0.144938,0.145,0.145188],"X0_POWER_MGTVCCAUC_N": [1.78663,1.78619,1.78581,1.78606,1.78638,1.78631,1.78638,1.78663,1.78644,1.78606],"X1_POWER_+1.8V_ANALOGUE": [1.79794,1.79844,1.79825,1.79781,1.79825,1.79838,1.79825,1.79831,1.79763,1.798],"X0_POWER_MGTVCCAUC_S": [1.78656,1.78656,1.7865,1.78669,1.786,1.78631,1.78588,1.78606,1.78638,1.78638],"ARTIX_MGTAVTT": [1.20044,1.20038,1.2,1.2,1.20019,1.20069,1.2005,1.20006,1.20063,1.20031],}