{"X0_POWER_VCCAUX": [1.565,1.05331,1.43731,1.59731,1.56531,1.13863,1.56525,2.768,1.69331,1.56531,1.18131,1.56525,1.56531,1.52769,1.56531,1.21581,1.27063,1.46931,1.69331,1.56531,1.26663,1.21331,1.46931,1.69331,1.56531,1.56525,1.56525,1.35194,1.69331,1.56531,1.18931,1.56525,1.56531,1.56531,2.76,1.56525,1.21331,1.67331,2.24831,1.59931,2.384,1.46931,1.69331,2.07725,1.56531,1.21331,2.256,1.56531,1.56531,1.46931],"X0_POWER_+1.8V": [1.564,1.06131,1.56531,2.768,1.56531,1.13863,1.22131,1.47131,1.59731,1.33594,1.27063,2.384,1.67331,1.69331,1.56531,1.22381,2.768,1.93063,1.90663,1.70269,1.56531,1.44531,1.69331,1.69331,2.896,2.77,1.71463,1.67331,1.69331,1.56531,1.27063,2.256,1.69331,2.77,2.896,1.56531,1.33163,2.896,1.72531,1.56731,1.43731,1.43731,1.90663,2.896,1.68944,1.46931,1.56531,2.896,1.69531,1.56731],"+12_SCALED": [0.2,0.2,1.36914,1.37021,0.419214,0.2,0.2,1.11414,1.22814,0.4925,0.2,0.2,1.36914,1.2305,0.4295,0.2,0.2,1.36914,1.24679,0.350643,0.2,0.2,1.08221,1.2605,0.359857,0.2,0.2,1.37,1.37021,0.2,0.2,0.2,1.36914,1.00443,0.455857,0.2,0.2,1.37,0.839857,0.4925,0.2,0.2,1.36914,1.23757,0.488,0.2,0.2,0.711929,1.30164,0.410214],"ARTIX_MGTAVCC": [1.906,1.56525,1.26663,1.33594,1.47931,1.46931,1.56525,1.22381,1.56531,1.69331,1.90663,1.56525,1.27063,1.56531,1.54369,1.47981,1.43731,1.44531,1.71631,1.70131,1.59931,1.33588,1.28788,1.65331,1.69331,2.768,1.33594,1.56531,1.71731,1.73581,1.69331,2.77,1.43731,1.69331,1.69331,1.56531,1.22381,1.56531,1.56531,1.56531,1.43731,1.27063,1.56531,1.52663,1.56531,1.56525,1.56525,1.56531,2.77,1.56531],"SERVICES+1.0V": [1.18131,1.56525,1.56525,2.768,1.56531,1.22381,1.56531,1.90663,1.54394,1.56531,1.22381,2.888,1.56731,1.56531,1.56531,1.56525,1.56525,1.56531,1.47931,1.35194,1.20263,1.18131,1.35194,1.05531,1.27063,1.56531,1.56531,1.26663,1.13863,1.33163,1.52688,1.46931,1.22381,1.9065,1.66663,1.69531,1.69331,1.56531,2.384,1.56531,1.58788,1.52688,2.256,1.43731,1.67331,1.90663,2.768,2.888,1.56531,1.59731],"SERVICES+1.5V": [1.08938,1.18131,1.56525,1.56531,1.56531,1.27063,1.56525,2.384,1.47981,1.56531,1.90663,1.27169,1.47181,1.56531,1.56531,1.33163,1.43731,2.77,1.59931,1.46931,1.56531,1.28763,2.768,1.56531,1.46931,1.33594,1.46931,1.71463,1.56531,1.56531,1.56525,1.56531,1.56531,1.56531,2.258,1.33163,1.56531,1.56531,1.46931,1.56531,1.21331,1.33163,1.56531,1.47981,1.64913,1.56531,1.33594,1.56531,1.56531,1.56531],"X1_POWER_MGTAVTT_N": [0.28,0.505437,0.536,0.2,0.2,0.472,0.541313,0.336,0.2,0.2,0.457313,0.495938,0.247813,0.2,0.2,0.421313,0.518625,0.285,0.2,0.2,0.541,0.541313,0.243938,0.2,0.2,0.370625,0.505313,0.264313,0.2,0.2,0.54125,0.541313,0.244625,0.2,0.2,0.541,0.498625,0.247313,0.2,0.2,0.457313,0.541313,0.2,0.2,0.2,0.541313,0.453313,0.2,0.2,0.2],"X1_POWER_VCCINT": [0.521313,0.541,0.2,0.2,0.2,0.541313,0.413312,0.2,0.2,0.2,0.541313,0.413312,0.2,0.2,0.2,0.498625,0.722,0.2,0.2,0.233625,0.541313,0.54125,0.2,0.2,0.233125,0.541313,0.54125,0.2,0.2,0.202688,0.505313,0.413312,0.2,0.2,0.22025,0.541313,0.445312,0.2,0.2,0.2,1.224,0.457313,0.2,0.2,0.266625,0.503625,0.541,0.2,0.2,0.247625],"X1_POWER_VCCAUX": [0.445312,0.541313,0.2,0.2,0.2,0.541313,0.498625,0.216625,0.2,0.2,0.370625,0.541313,0.215687,0.2,0.2,0.445312,0.541313,0.2,0.2,0.2,0.445312,0.498625,0.2,0.2,0.2,0.541313,0.541313,0.203938,0.2,0.2,0.541313,0.541,0.2,0.2,0.2,0.541313,0.541313,0.2,0.2,0.2,0.505375,0.541313,0.2,0.2,0.204625,0.374625,0.413312,0.2,0.2,0.2],"X1_POWER_+1.8V": [0.541313,0.541313,0.2,0.2,0.2,0.455938,0.505313,0.2,0.2,0.2,0.455813,1.224,0.2,0.2,0.2,0.455938,0.521313,0.2,0.2,0.536,0.541313,0.456313,0.2,0.2,0.307938,0.509313,0.54,0.2,0.2,0.370625,0.541313,0.536,0.2,0.2,0.472,0.518625,0.413312,0.2,0.2,0.251938,0.712,0.54,0.2,0.2,0.297312,0.500625,0.2,0.2,0.541313,0.541313],"X0_POWER_VCCINT": [1.56531,1.565,1.18131,1.46931,1.69331,1.56531,1.56525,1.22331,2.25063,1.54394,2.77,2.76,1.56531,1.70331,2.896,1.69331,2.76,2.77,1.70131,2.896,1.68944,1.56531,1.43731,1.71931,2.07725,1.56531,1.27169,1.27169,1.56531,1.52663,1.56531,1.56525,1.56525,1.56531,1.46931,1.33188,1.56525,1.22331,1.56531,1.56531,1.33188,1.18131,1.22381,1.56531,1.56531,1.35194,1.27169,1.56525,1.56531,1.56531],"X0_POWER_MGTAVTT_S": [1.18131,1.46931,1.56531,2.76,1.56525,1.33588,1.67331,1.52688,1.46931,1.56525,1.33188,1.47981,1.90663,1.9065,1.906,1.56531,1.69863,1.69331,1.46931,1.28788,1.56531,1.69331,2.77,1.56731,1.56531,1.33163,1.59731,2.768,1.43731,1.21331,1.56531,1.56531,1.52663,1.56531,1.22381,1.56531,1.72531,1.69331,1.56531,1.27063,1.43731,1.52769,2.77,1.56531,1.56531,1.56531,1.69331,1.54369,2.77,1.44531],"X1_POWER_MGTVCCAUX_N": [0.413312,0.519813,0.257937,0.2,0.2,0.536,0.499625,0.307938,0.2,0.2,0.54,0.505313,0.305313,0.2,0.2,0.466625,0.541313,0.285313,0.2,0.2,0.54,1.224,0.305313,0.2,0.2,0.541,1.224,0.306625,0.2,0.2,0.541,0.541313,0.279813,0.2,0.2,0.413312,0.541313,0.297312,0.2,0.2,0.541,0.541313,0.285313,0.2,0.2,0.393313,0.541313,0.285313,0.2,0.2],"X1_POWER_MGTAVCC_S": [0.509313,0.541313,0.2,0.2,0.2,0.455312,0.457313,0.2,0.2,0.2,0.498625,0.541313,0.2,0.2,0.2,0.509313,0.54125,0.2,0.2,0.2,0.521313,0.453313,0.2,0.2,0.2,0.521313,0.72,0.2,0.2,0.2,0.541313,0.445312,0.2,0.2,0.2,0.498625,0.541313,0.2,0.2,0.2,0.541313,0.457313,0.2,0.2,0.2,0.541313,0.445312,0.2,0.2,0.200687],"X1_POWER_MGTAVCC_N": [0.445312,0.541313,0.2,0.2,0.2,0.54125,0.541313,0.2,0.2,0.2,0.498625,0.455438,0.2,0.2,0.2,0.541313,0.541313,0.2,0.2,0.2,0.2,0.541313,0.505313,0.2,0.2,0.2,0.541,0.541313,0.2,0.2,0.2,0.541313,0.413312,0.2,0.2,0.2,0.541313,0.424313,0.2,0.2,0.2,0.541313,0.445312,0.2,0.2,0.2,0.455813,0.509313,0.2,0.2],"X1_POWER_MGTVCCAUC_S": [0.541313,0.413312,0.2,0.2,0.2,0.541313,0.541313,0.2,0.2,0.2,0.500688,0.455813,0.2,0.2,0.2,0.498625,0.54125,0.2,0.2,0.2,0.445312,0.541313,0.2,0.2,0.2,0.498625,0.488625,0.2,0.2,0.2,0.501312,0.541313,0.2,0.2,0.2,0.502625,0.541313,0.2,0.2,0.2,0.500688,0.521313,0.2,0.2,0.2,0.536125,0.541313,0.2,0.2,0.2],"X1_POWER_MGTAVTT_S": [0.321313,0.541313,0.536,0.2,0.2,0.541,0.517313,0.2,0.2,0.284,0.541313,0.541,0.2,0.2,0.247938,0.541313,0.54125,0.2,0.2,0.254875,0.541313,0.457313,0.2,0.2,0.285313,0.514625,0.413312,0.2,0.2,0.285313,0.541313,0.413312,0.2,0.2,0.28525,0.413312,0.413312,0.2,0.2,0.28,0.514625,0.413312,0.2,0.2,0.285313,0.541313,0.413312,0.2,0.2,0.285313],"SERVICES_POWER_STANDBY_+3.3V": [1.565,1.565,1.27063,1.9065,1.56531,1.56525,1.09581,1.9065,1.54369,1.59731,2.384,1.27169,2.768,1.69331,1.56731,1.33188,1.27063,1.46931,1.69331,1.59731,1.56525,1.56525,1.56531,1.52688,1.47931,1.56531,1.27063,1.56531,2.896,1.69331,1.56531,1.56531,1.56531,1.59931,1.56531,1.27063,1.18131,1.56531,2.77,2.258,1.46931,1.43731,1.56531,1.54369,1.59731,1.56531,1.56525,1.56531,2.896,1.52663],"SERVICES+1.8V": [1.65063,1.906,1.56525,1.13863,1.43731,1.59931,1.65063,1.22381,2.256,1.72925,1.69531,1.69331,1.27169,2.76,1.69331,1.72731,2.77,2.77,1.46931,1.69331,1.90663,2.77,1.56531,1.33188,1.59931,1.54369,1.69331,2.248,2.76,1.59931,1.90663,1.69331,1.33594,1.43731,1.67331,1.72531,1.69331,1.56531,2.77,1.47931,1.69331,1.56531,1.26663,1.13863,1.35194,1.69331,1.69331,2.76,1.33594,1.56531],"X0_POWER_MGTAVTT_N": [1.18131,1.08531,1.56531,2.896,1.56531,1.21331,1.18131,1.43731,1.54363,1.56531,1.56525,1.18131,1.27063,1.52663,1.56531,1.56525,2.76,1.56531,1.56531,1.56531,1.18131,1.21331,2.416,1.69331,1.69331,1.43731,1.56525,1.47131,1.90663,2.77,1.33588,1.43731,1.47181,1.72781,1.52663,2.76,1.56531,1.73463,1.72531,1.52769,1.27063,1.43731,1.47131,2.896,1.59931,2.76,1.56531,1.65863,1.69331,1.69331],"X1_POWER_+3.3V": [0.349313,0.2,0.2,0.37,0.503875,0.251938,0.2,0.349313,0.541313,0.536,0.2,0.2,0.536,0.541313,0.41325,0.2,0.2,0.349313,0.517313,0.413312,0.2,0.2,0.472,0.541313,0.297312,0.2,0.2,0.311938,0.518625,0.349313,0.2,0.2,0.536,0.498625,0.536,0.2,0.2,0.24,0.519938,0.305813,0.2,0.2,0.536,0.517313,0.349313,0.2,0.2,0.413312,0.503625,0.317313],