{"X0_POWER_VCCAUX": [1.05331,1.56525,1.43731,1.56531,1.43731,1.17744,1.56525,1.56531,2.76,1.33188],"X0_POWER_+1.8V": [1.08531,1.56525,1.43731,1.47731,1.56531,1.18131,1.27063,1.56531,1.56531,1.35194],"+12_SCALED": [0.2,0.2,1.37021,0.931357,0.2,0.2,0.2,1.0775,1.37021,0.2],"ARTIX_MGTAVCC": [1.56525,1.05331,1.22331,1.56531,1.27063,1.08531,1.27063,2.416,1.46931,1.27063],"SERVICES+1.0V": [1.43731,1.33594,1.13863,1.18131,1.45863,1.52663,1.56531,1.56525,1.56525,1.9065],"SERVICES+1.5V": [1.56525,1.56525,1.05331,1.26663,1.56531,1.56531,1.56525,1.05331,1.56525,1.56531],"X1_POWER_MGTAVTT_N": [0.505313,0.2,0.2,0.2,0.541313,0.541313,0.2,0.2,0.2,0.498625],"X1_POWER_VCCINT": [0.2,0.2,0.541313,0.455938,0.2,0.2,0.2,0.455938,0.370625,0.2],"X1_POWER_VCCAUX": [0.541313,0.285,0.2,0.2,0.325312,0.54125,0.204625,0.2,0.285,0.541313],"X1_POWER_+1.8V": [0.413312,0.2,0.2,0.2,0.541313,0.541313,0.2,0.2,0.2,0.455438],"X0_POWER_VCCINT": [1.27063,1.18131,1.18131,2.768,1.70131,1.67331,1.56525,1.56525,2.416,1.52663],"X0_POWER_MGTAVTT_S": [1.56525,1.43731,1.26663,1.18131,1.43731,1.56531,1.33188,1.18131,2.76,1.59931],"X1_POWER_MGTVCCAUX_N": [0.541313,0.266937,0.2,0.2,0.297312,0.413312,0.536,0.2,0.2,0.456313],"X1_POWER_MGTAVCC_S": [0.246625,0.514625,0.349313,0.2,0.229313,0.541313,0.2,0.2,0.2,0.498625],"X1_POWER_MGTAVCC_N": [0.329313,0.2,0.2,0.28525,0.514625,0.541,0.2,0.2,0.28525,0.375625],"X1_POWER_MGTVCCAUC_S": [0.2,0.2,0.413312,0.518625,0.261313,0.2,0.2,0.421313,0.541313,0.257812],"X1_POWER_MGTAVTT_S": [0.2,0.2,0.2,0.541313,0.226625,0.2,0.305313,0.434625,0.2,0.2],"SERVICES_POWER_STANDBY_+3.3V": [1.564,1.906,2.768,1.56531,1.56525,1.56525,2.384,2.77,1.56531,1.21581],"SERVICES+1.8V": [1.33188,1.56531,1.18131,1.56525,1.33594,1.52663,1.56531,1.56531,1.56531,1.56525],"X0_POWER_MGTAVTT_N": [1.565,1.13863,1.28763,1.67331,2.384,2.76,1.27063,1.43731,1.59931,1.56531],"X1_POWER_+3.3V": [0.455938,0.284,0.2,0.2,0.319938,0.514625,0.264313,0.2,0.2,0.541],"X0_POWER_+3.3V": [1.56531,1.565,1.565,1.43731,1.52263,1.565,1.18131,1.56531,1.56531,1.18131],"X0_POWER_MGTAVCC_S": [1.27063,1.08531,1.27063,1.46931,1.33594,1.564,1.18131,1.56531,1.56531,1.13863],"SERVICES+3.3V": [0.2,0.2,0.518625,0.275438,0.2,0.2,0.541313,0.472,0.2,0.2],"5V_SCALED": [0.636071,0.6875,0.2,0.2,0.551161,0.359732,0.2,0.2,0.687589,0.504643],"Not Used": [1.565,1.56531,1.52688,1.56531,1.33188,1.56531,1.90663,1.72531,1.69863,1.56531],"X0_POWER_+1.8V_ANALOGUE": [1.56525,1.565,1.21331,1.56531,2.76,1.56525,1.18131,1.56531,1.46931,1.56531],"X0_POWER_MGTAVCC_N": [1.22131,1.05531,1.56525,1.46931,1.56531,1.27063,1.56525,1.22381,2.77,1.54363],"X0_POWER_MGTVCCAUC_N": [1.18131,1.565,2.76,1.56731,1.56531,1.56525,1.565,1.65063,1.56531,1.56531],"X1_POWER_+1.8V_ANALOGUE": [0.2,0.2,0.258625,0.541313,0.322938,0.2,0.2,0.322938,0.495875,0.413312],"X0_POWER_MGTVCCAUC_S": [1.56525,1.565,1.21531,1.56531,1.56531,1.27063,1.16388,1.56525,1.90663,1.56531],"ARTIX_MGTAVTT": [1.56531,1.33594,1.13863,1.18131,1.56531,1.56531,1.56525,1.13863,1.27063,1.46931],}