{"X0_POWER_VCCAUX": [0.776,0.858,0.948,0.9865,1.053,1.0965,1.068,1.064,0.99,1.086],"X0_POWER_+1.8V": [0.848,0.836,0.881,0.94,0.968,0.9805,1.035,1.035,1.04,1.054],"+12_SCALED": [0,0,0,0,0,0,0,0,0,0],"ARTIX_MGTAVCC": [1.12888,1.19794,1.23763,1.27525,1.3205,1.30113,1.32356,1.31488,1.28581,1.27475],"SERVICES+1.0V": [1.12688,1.18756,1.22294,1.256,1.26906,1.29631,1.30406,1.3255,1.31494,1.29169],"SERVICES+1.5V": [1.118,1.217,1.23725,1.29894,1.34206,1.39881,1.42863,1.44181,1.40713,1.451],"X1_POWER_MGTAVTT_N": [1.12288,1.16369,1.21706,1.22706,1.25481,1.26169,1.28375,1.27469,1.33638,1.3655],"X1_POWER_VCCINT": [1.06775,1.15975,1.18906,1.19838,1.22794,1.24663,1.29788,1.29856,1.30413,1.32144],"X1_POWER_VCCAUX": [1.13438,1.19669,1.24494,1.32381,1.32844,1.33813,1.36913,1.39369,1.39788,1.40694],"X1_POWER_+1.8V": [1.13638,1.20494,1.274,1.33238,1.35725,1.35256,1.34019,1.389,1.381,1.35088],"X0_POWER_VCCINT": [0.784,0.872,0.9165,0.972,0.958,1.02,1.068,1.064,1.036,1.035],"X0_POWER_MGTAVTT_S": [0.776,0.868,0.904,0.927,1.032,1.02,1.096,1.072,1.082,1.117],"X1_POWER_MGTVCCAUX_N": [1.10869,1.29831,1.40913,1.42019,1.45913,1.49613,1.51719,1.50831,1.48788,1.46438],"X1_POWER_MGTAVCC_S": [1.154,1.20994,1.28369,1.27744,1.34206,1.38819,1.37044,1.39081,1.3765,1.334],"X1_POWER_MGTAVCC_N": [1.14581,1.23756,1.30456,1.36,1.37213,1.41044,1.37188,1.41725,1.39738,1.41956],"X1_POWER_MGTVCCAUC_S": [1.12475,1.17213,1.22025,1.218,1.20769,1.25313,1.24219,1.28781,1.26931,1.28838],"X1_POWER_MGTAVTT_S": [1.15931,1.20044,1.24594,1.31131,1.34181,1.37869,1.32888,1.328,1.32013,1.29925],"SERVICES_POWER_STANDBY_+3.3V": [1.11006,1.18925,1.19563,1.21844,1.21744,1.21181,1.26406,1.275,1.31181,1.35231],"SERVICES+1.8V": [1.12519,1.18756,1.21388,1.29681,1.32588,1.34156,1.38781,1.383,1.36644,1.39394],"X0_POWER_MGTAVTT_N": [0.78,0.8525,0.927,1.012,1.044,1.066,1.053,1.1,1.0845,1.128],"X1_POWER_+3.3V": [1.11388,1.20588,1.279,1.35156,1.337,1.35919,1.36919,1.40663,1.4435,1.38863],"X0_POWER_+3.3V": [0.752,0.85,0.908,0.944,0.978,1.0105,1.036,1.029,0.991,1.066],"X0_POWER_MGTAVCC_S": [0.767,0.925,1.005,1.012,1.042,1.052,1.086,1.1285,1.1,1.082],"SERVICES+3.3V": [1.13225,1.20063,1.25006,1.25225,1.26031,1.289,1.29344,1.31275,1.29519,1.32113],"5V_SCALED": [0,0,0,0,0,0,0,0,0,0],"Not Used": [1.25756,1.40725,1.5705,1.56469,1.64181,1.62325,1.65306,1.66038,1.686,1.6765],"X0_POWER_+1.8V_ANALOGUE": [0.788,0.904,0.924,1,0.987,1.05,1.077,1.0845,1.108,1.114],"X0_POWER_MGTAVCC_N": [0.767,0.934,0.938,0.958,1.04,1.044,1.035,1.04,1.064,1.0485],"X0_POWER_MGTVCCAUC_N": [0.922,0.938,0.948,1.004,1.028,1.01,1.052,1.0965,1.074,1.0845],"X1_POWER_+1.8V_ANALOGUE": [1.11969,1.23506,1.25988,1.26356,1.27944,1.3365,1.34256,1.36681,1.37094,1.38788],"X0_POWER_MGTVCCAUC_S": [0.784,0.88,0.94,0.979,1.018,1.072,1.0805,1.108,1.116,1.132],"ARTIX_MGTAVTT": [1.14519,1.22219,1.22444,1.22975,1.24869,1.20613,1.25069,1.23681,1.26863,1.28694],}