{"X0_POWER_VCCAUX": [0.452938,0.452563,0.452313,0.452313,0.451438,0.451125,0.450563,0.450688,0.449813,0.4495],"X0_POWER_+1.8V": [0.35925,0.359375,0.358938,0.359188,0.358438,0.358813,0.358438,0.358688,0.358438,0.358063],"+12_SCALED": [11.8089,11.8119,11.8071,11.8082,11.8065,11.8108,11.8146,11.8134,11.8166,11.8101],"ARTIX_MGTAVCC": [1.00625,1.00631,1.00644,1.00663,1.00731,1.00613,1.00644,1.00625,1.00631,1.00619],"SERVICES+1.0V": [1.00094,1.00394,1.00469,1.00331,1.00238,1.00188,1.00313,1.00306,1.00469,1.00369],"SERVICES+1.5V": [1.48963,1.48938,1.48925,1.48875,1.48844,1.48856,1.48919,1.48881,1.48881,1.48844],"X1_POWER_MGTAVTT_N": [0.650188,0.649438,0.648438,0.647563,0.646375,0.645813,0.644563,0.643375,0.641813,0.64075],"X1_POWER_VCCINT": [0.956938,0.956438,0.956125,0.9575,0.957313,0.956688,0.956375,0.955875,0.956188,0.956563],"X1_POWER_VCCAUX": [0.787813,0.786875,0.785938,0.785125,0.78425,0.7835,0.782625,0.781688,0.780938,0.78],"X1_POWER_+1.8V": [1.11306,1.20863,1.25856,1.25931,1.26656,1.29231,1.28875,1.27119,1.30869,1.35213],"X0_POWER_VCCINT": [0.955563,0.956,0.954875,0.955563,0.954938,0.955313,0.955875,0.955625,0.955313,0.955438],"X0_POWER_MGTAVTT_S": [0.305938,0.305563,0.305313,0.305188,0.304875,0.304438,0.304438,0.303938,0.303625,0.303438],"X1_POWER_MGTVCCAUX_N": [1.79669,1.79644,1.79706,1.797,1.79638,1.7965,1.79706,1.7965,1.79631,1.79731],"X1_POWER_MGTAVCC_S": [0.6385,0.6375,0.636625,0.635938,0.635,0.634438,0.633625,0.63275,0.632,0.631125],"X1_POWER_MGTAVCC_N": [0.665313,0.664313,0.6635,0.662438,0.661375,0.660438,0.659438,0.658625,0.657688,0.656688],"X1_POWER_MGTVCCAUC_S": [1.79644,1.79706,1.79619,1.79694,1.79681,1.79713,1.797,1.79669,1.79694,1.79744],"X1_POWER_MGTAVTT_S": [0.696938,0.695938,0.694813,0.693625,0.692625,0.691563,0.690625,0.689438,0.688438,0.687813],"SERVICES_POWER_STANDBY_+3.3V": [3.32319,3.322,3.32431,3.32313,3.32744,3.321,3.32263,3.32675,3.32513,3.333],"SERVICES+1.8V": [1.812,1.81006,1.80706,1.81056,1.80913,1.81556,1.80631,1.81056,1.80306,1.80869],"X0_POWER_MGTAVTT_N": [1.0925,1.16094,1.19763,1.22681,1.24144,1.28706,1.27006,1.2995,1.31331,1.30131],"X1_POWER_+3.3V": [3.30588,3.31144,3.31238,3.30594,3.30644,3.309,3.30575,3.31363,3.31163,3.30381],"X0_POWER_+3.3V": [3.31744,3.32056,3.32238,3.31256,3.31219,3.32094,3.31938,3.31031,3.32238,3.31544],"X0_POWER_MGTAVCC_S": [0.299938,0.299875,0.299188,0.299188,0.299188,0.298875,0.298188,0.297875,0.2975,0.297688],"SERVICES+3.3V": [3.34,3.33275,3.34044,3.34013,3.33456,3.34013,3.3355,3.33281,3.33894,3.34369],"5V_SCALED": [4.96571,4.9633,4.96304,4.96402,4.96205,4.9642,4.96241,4.96241,4.96116,4.96545],"Not Used": [3.12163,2.87881,2.74456,2.61563,2.51631,2.43056,2.39994,2.38638,2.32363,2.27869],"X0_POWER_+1.8V_ANALOGUE": [1.78613,1.78581,1.78663,1.78625,1.78619,1.78581,1.78581,1.78619,1.78606,1.78606],"X0_POWER_MGTAVCC_N": [0.301063,0.30075,0.30075,0.300563,0.300188,0.299938,0.299375,0.299,0.298813,0.298375],"X0_POWER_MGTVCCAUC_N": [1.78569,1.78625,1.78544,1.78675,1.78588,1.78575,1.78625,1.78613,1.78625,1.78619],"X1_POWER_+1.8V_ANALOGUE": [1.79631,1.79688,1.79625,1.797,1.79619,1.79669,1.79631,1.797,1.79719,1.79706],"X0_POWER_MGTVCCAUC_S": [1.78569,1.786,1.786,1.78594,1.78631,1.78556,1.78544,1.786,1.78544,1.78575],"ARTIX_MGTAVTT": [1.20163,1.2015,1.2015,1.2015,1.202,1.20206,1.20194,1.20163,1.20206,1.20175],}