{"X0_POWER_VCCAUX": [2.256,1.906,1.13863,1.21581,1.56531,1.52663,1.47131,1.27063,1.33163,1.56531,1.58788,1.56531,1.27063,2.768,1.90663,1.69331,1.47994,2.416,1.43731,1.69331,1.69331,1.67331,2.416,1.33594,1.71731,1.69331,1.56531,1.27063,1.9065,1.67331,1.54394,1.56531,1.34131,1.27169,1.69331,2.896,1.69331,1.33594,1.56531,1.56731,1.52688,1.46931,1.27063,1.43731,1.67331,1.69331,1.56531,1.56525,1.56525,1.47463],"X0_POWER_+1.8V": [1.50663,1.27063,1.05331,1.16363,1.20669,2.768,1.47731,1.27063,1.27063,1.56531,1.56531,1.56531,1.56525,1.18131,1.56531,1.90663,2.384,1.56525,1.56525,2.768,2.77,2.896,2.768,1.56531,1.72531,1.72531,1.56731,1.33163,2.768,2.07725,1.69531,1.46931,1.56525,1.43731,1.69331,1.69331,1.43731,1.9065,1.28763,1.59931,1.65463,2.416,1.27063,1.56531,1.59731,1.56731,1.56531,1.56525,1.56525,1.56531],"+12_SCALED": [1.37021,0.6215,0.2,0.2,1.352,1.21464,0.460143,0.2,0.2,0.621286,1.241,0.562786,0.2,0.2,0.931357,1.08221,0.637571,0.2,0.2,0.931357,1.37021,0.229571,0.2,0.2,0.562786,1.23307,0.3575,0.2,0.2,0.364357,1.18957,0.460357,0.2,0.2,0.931143,1.37021,1.13257,0.2,0.2,0.474071,1.00443,1.36571,0.2,0.2,0.931357,1.24721,0.711929,0.2,0.2,0.711929],"ARTIX_MGTAVCC": [1.56531,1.56525,1.18131,1.22331,1.69331,1.54363,1.69331,1.56525,1.33163,1.47981,1.56731,1.56525,1.27169,2.768,1.69531,1.59931,1.56531,2.256,1.65331,1.69331,1.69331,2.416,1.56531,1.56531,1.59731,1.35194,1.27063,1.56525,1.33594,2.896,1.47931,1.56525,1.27063,1.66125,2.24806,2.77,1.33163,1.56531,1.72531,2.896,1.69331,1.28769,1.56531,1.56531,1.52769,1.52769,1.27169,1.56525,1.90663,1.54394],"SERVICES+1.0V": [1.05331,1.56525,1.33594,1.56531,1.28763,1.56525,1.56531,2.768,1.58788,1.46931,1.56525,2.256,1.69863,1.69331,1.56531,1.56525,1.56531,1.56531,1.56531,1.18131,1.56525,1.90663,1.46931,1.56531,1.56525,1.906,2.77,2.2585,1.47981,1.33594,1.56531,1.69331,2.768,1.46931,1.43731,1.56531,1.54369,1.52688,1.33163,1.56525,1.56531,1.56531,1.27169,1.21531,1.33594,1.47181,1.82131,1.47981,1.56525,1.56531],"SERVICES+1.5V": [1.05331,1.21331,1.56531,1.46931,1.56531,1.27063,1.33163,1.9065,1.56531,1.56525,1.56525,1.56525,1.43731,1.35094,1.28763,1.56525,1.56531,1.56531,1.46931,2.896,1.35194,1.9065,1.56531,1.56531,1.56531,1.27063,1.33163,2.416,1.56531,1.27088,1.56525,1.56531,1.56531,1.35194,2.76,1.33188,1.33594,1.56531,1.56531,1.39463,1.56525,2.256,1.47181,1.56531,1.56531,1.33163,1.28769,1.56531,1.56531,1.28763],"X1_POWER_MGTAVTT_N": [0.222875,0.2,0.2,0.541313,0.509313,0.2,0.2,0.2,0.521313,0.541313,0.2,0.2,0.2,0.455813,0.521313,0.2,0.2,0.2,0.541313,0.505313,0.2,0.2,0.2,0.6265,0.541313,0.2,0.2,0.2,0.453313,0.374875,0.2,0.2,0.2,0.541313,0.54125,0.2,0.2,0.2,0.541313,0.54,0.2,0.2,0.285313,0.848,0.413312,0.2,0.2,0.297312,0.541313,0.309313],"X1_POWER_VCCINT": [0.517313,0.2,0.2,0.2,0.744,0.498625,0.2,0.2,0.2,0.541313,0.455938,0.2,0.2,0.2,0.370625,0.541313,0.2,0.2,0.2,0.498625,0.541313,0.2,0.2,0.2,0.541313,0.541313,0.2,0.2,0.2,1.224,0.54,0.2,0.2,0.536,1.224,0.413312,0.2,0.2,0.456313,0.72,0.413312,0.2,0.2,0.325938,0.499938,0.245813,0.2,0.2,0.536,0.541313],"X1_POWER_VCCAUX": [0.2,0.2,0.2,0.541313,0.368,0.2,0.2,0.297312,0.541313,0.54,0.2,0.2,0.285313,0.541313,0.311312,0.2,0.21425,0.553313,0.541,0.2,0.2,0.54,1.224,0.456,0.2,0.2,0.453313,0.541313,0.214313,0.2,0.2,0.541313,0.541313,0.222625,0.2,0.2,0.413312,0.541313,0.2,0.2,0.2,0.445813,0.541313,0.219812,0.2,0.2,0.54125,0.541313,0.226625,0.2],"X1_POWER_+1.8V": [0.2,0.285313,0.848,0.297312,0.2,0.2,0.536,0.848,0.224,0.2,0.2,0.536,0.541313,0.536,0.2,0.2,0.266313,1.224,0.329938,0.2,0.2,0.349313,0.541313,0.536,0.2,0.2,0.41325,1.224,0.536,0.2,0.2,0.536,0.616,0.413312,0.2,0.2,0.536,1.224,0.238625,0.2,0.2,0.217312,0.510625,0.536,0.2,0.2,0.370625,0.562625,0.536,0.2],"X0_POWER_VCCINT": [1.48263,1.05331,1.18931,1.67331,1.52663,1.46931,1.56525,1.27063,1.69331,1.54363,1.56531,1.56525,1.56525,1.47181,1.54369,2.24931,1.39463,1.43731,1.59931,2.77,1.56531,1.28763,1.56531,1.47731,1.69331,1.67331,1.28763,1.43731,1.56731,2.896,1.67331,1.56531,1.27063,1.46931,1.56531,1.33163,1.56525,1.56525,1.46931,2.77,1.67331,1.56525,1.28763,2.768,1.69331,2.768,1.33163,1.28763,1.59931,1.81713],"X0_POWER_MGTAVTT_S": [1.56525,1.565,1.18131,1.46931,2.77,1.56531,1.27063,1.28763,1.67331,1.69331,1.70131,2.896,1.65063,1.70131,1.72531,1.67331,1.56531,2.77,2.896,2.07731,2.896,1.65063,1.56731,1.67331,1.69331,1.47131,1.27063,2.76,1.69331,1.69531,1.46931,1.14269,2.416,1.56531,1.54394,1.56531,1.22381,1.56531,2.768,1.59931,1.47131,2.416,1.43731,1.90663,1.87863,2.768,2.416,1.47131,1.69531,1.70131],"X1_POWER_MGTVCCAUX_N": [0.2,0.2,0.370625,0.541313,0.41325,0.2,0.2,0.293312,1.224,0.413312,0.2,0.2,0.2,0.541313,0.54,0.2,0.2,0.293312,0.541313,0.54,0.2,0.2,0.285313,0.541313,0.413312,0.2,0.2,0.2,0.541313,0.368,0.2,0.2,0.285313,0.7125,0.413312,0.2,0.2,0.309313,0.541313,0.541,0.2,0.2,0.285313,0.541313,0.413312,0.2,0.2,0.2,0.447313,0.54],"X1_POWER_MGTAVCC_S": [0.2,0.2,0.41325,0.541313,0.456062,0.2,0.2,0.263938,0.541313,0.472,0.2,0.2,0.368,0.541313,0.277313,0.2,0.2,0.41325,0.545313,0.536,0.2,0.2,0.413312,0.541313,0.365313,0.2,0.2,0.413312,1.224,0.536,0.2,0.2,0.536,0.503313,0.536,0.2,0.2,0.536,0.505437,0.536,0.2,0.2,0.354625,0.541313,0.536,0.2,0.2,0.536,0.517313,0.536],"X1_POWER_MGTAVCC_N": [0.2,0.2,0.28,0.626625,0.541,0.2,0.2,0.284,0.434625,0.541,0.2,0.2,0.247625,0.54125,0.413312,0.2,0.2,0.2,0.505437,0.541,0.2,0.2,0.2,0.541313,0.37,0.2,0.2,0.284,0.505437,0.413312,0.2,0.2,0.285,0.521313,0.457313,0.2,0.2,0.242625,1.224,0.445312,0.2,0.2,0.221313,0.541313,0.54125,0.2,0.2,0.28,0.541313,0.421813],"X1_POWER_MGTVCCAUC_S": [0.311312,0.2,0.2,0.413312,0.541313,0.36,0.2,0.2,0.541,0.541313,0.285313,0.2,0.2,0.541,0.541313,0.285313,0.2,0.2,0.413312,0.514625,0.285313,0.2,0.2,0.54,1.224,0.285313,0.2,0.2,0.429313,0.541313,0.297312,0.2,0.2,0.541,0.518625,0.2,0.2,0.2,0.304312,0.541313,0.317313,0.2,0.2,0.434625,0.541313,0.307625,0.2,0.2,0.413312,0.521313],"X1_POWER_MGTAVTT_S": [0.2,0.2,0.309313,1.224,0.349313,0.2,0.2,0.285313,0.498625,0.327625,0.2,0.2,0.285313,0.541313,0.413312,0.2,0.2,0.279938,0.541313,0.541,0.2,0.2,0.277813,0.507937,0.368,0.2,0.2,0.218313,0.541313,0.309313,0.2,0.2,0.54125,0.498625,0.2,0.2,0.2,0.488625,0.541313,0.2,0.2,0.2,0.54125,0.541313,0.2065,0.2,0.2,0.445312,0.518625,0.21425],"SERVICES_POWER_STANDBY_+3.3V": [1.56531,1.18131,1.56525,1.906,1.56531,1.56531,1.56525,1.22331,1.46931,1.69331,1.56531,1.56531,1.18131,1.33188,1.59731,1.47981,1.46931,1.28763,1.47131,1.69331,1.59931,1.56531,1.56525,2.768,1.72531,1.58788,1.43731,1.28763,1.46931,1.59931,1.90663,1.56531,1.56531,1.43731,1.54369,1.59931,1.56531,1.27063,2.896,1.72531,1.69331,1.43731,1.28763,1.56531,1.54369,1.59931,1.35194,1.33163,1.46931,1.67331],"SERVICES+1.8V": [1.56525,1.46931,1.43731,1.20263,2.384,1.47131,2.896,1.54369,1.56531,1.43731,1.56531,2.07725,1.90663,2.384,1.56531,1.47181,1.69331,1.59731,1.22381,1.27169,2.896,2.07725,1.69331,1.33594,1.56531,1.47181,1.69331,2.248,1.56531,1.56525,1.56531,1.54363,2.768,1.56531,1.56531,1.64263,1.54369,2.24813,1.43731,2.768,1.47981,1.69331,2.77,1.43731,1.56531,1.56531,1.69331,1.52688,1.33163,1.28763],"X0_POWER_MGTAVTT_N": [2.256,1.56531,1.18131,1.13863,1.56531,1.47731,2.77,1.56525,1.56531,1.47981,2.07725,1.57381,1.906,1.56531,1.56531,1.69331,1.56531,1.18331,1.906,1.56531,2.258,1.56531,1.33163,1.56525,1.64263,1.54369,2.416,1.27169,2.76,1.69331,1.90663,1.67331,1.56531,1.27063,1.90663,1.54369,1.67331,1.20263,2.256,1.56531,1.70269,1.56731,2.256,1.56525,1.46931,1.69331,1.56531,1.27063,1.27063,1.47131],"X1_POWER_+3.3V": [0.2,0.229313,0.502625,0.421313,0.2,0.2,0.28,0.541313,0.421313,0.2,0.2,0.242,0.517313,0.445312,0.2,0.2,0.28,0.509313,0.421813,0.2,0.2,0.221313,0.517375,0.370625,0.2,0.2,0.22,0.541313,0.423313,0.2,0.2,0.264313,0.519625,0.54125,0.2,0.2,0.222875,0.541313,0.541,0.2,0.2,0.202,0.541313,0.54125,0.2,0.2,0.219938,0.455938,0.541,0.2],