{"X0_POWER_VCCAUX": [1.23463,1.06131,1.906,1.18981,1.564,1.23463,1.564,1.864,1.18131,1.05331],"X0_POWER_+1.8V": [1.13863,1.564,1.33163,1.22394,1.565,1.05331,1.09544,1.56525,1.906,1.05331],"+12_SCALED": [0.2,0.359857,1.58964,1.32457,0.2,0.2,0.2,1.28793,0.776,0.2],"ARTIX_MGTAVCC": [1.05331,1.21531,1.906,1.18331,1.05331,1.564,1.18131,1.39463,1.08781,1.05331],"SERVICES+1.0V": [1.18131,1.05331,1.565,1.20669,1.13863,1.13863,1.20669,1.906,1.26663,1.2345],"SERVICES+1.5V": [1.564,1.564,1.33063,1.05331,1.564,1.18931,1.56525,1.05331,1.13863,1.49063],"X1_POWER_MGTAVTT_N": [0.455813,0.562625,0.222625,0.2,0.2,0.434625,0.514625,0.219313,0.2,0.2],"X1_POWER_VCCINT": [0.530625,0.2,0.2,0.2,0.712625,0.7225,0.2,0.2,0.2,0.498625],"X1_POWER_VCCAUX": [0.370625,0.413312,0.445312,0.2,0.2,0.2,0.72,0.498625,0.2,0.2],"X1_POWER_+1.8V": [0.2,0.530625,0.498625,0.200625,0.2,0.2,0.421813,0.509313,0.2,0.2],"X0_POWER_VCCINT": [1.13863,1.05331,1.56525,1.18131,1.56,1.09331,2.376,1.27063,1.05331,1.565],"X0_POWER_MGTAVTT_S": [1.564,1.56525,1.501,1.564,0.946625,1.565,1.43731,1.906,1.564,1.308],"X1_POWER_MGTVCCAUX_N": [0.2,0.413312,0.72,0.2,0.2,0.54,0.722,0.2,0.2,0.54],"X1_POWER_MGTAVCC_S": [0.453313,0.242,0.2,0.2,0.349313,0.562625,0.370625,0.2,0.2,0.536],"X1_POWER_MGTAVCC_N": [0.7225,0.54,0.2,0.2,0.262625,0.562625,0.433313,0.2,0.2,0.237312],"X1_POWER_MGTVCCAUC_S": [0.530625,0.285313,0.2,0.2,0.413312,0.514625,0.285313,0.2,0.2,0.344],"X1_POWER_MGTAVTT_S": [0.530625,0.2,0.2,0.2,0.541313,0.498625,0.2,0.2,0.2,0.498625],"SERVICES_POWER_STANDBY_+3.3V": [1.05331,1.39463,1.56525,1.05331,1.23463,1.05331,2.3765,1.39463,1.26663,1.05331],"SERVICES+1.8V": [1.13863,1.33163,1.43731,1.308,1.496,1.18131,1.49063,1.23463,1.56,1.4985],"X0_POWER_MGTAVTT_N": [1.18131,1.56525,1.39463,1.23463,1.05331,2.256,1.43731,1.14131,1.13863,1.56525],"X1_POWER_+3.3V": [0.2,0.368,1.224,0.305313,0.2,0.2,0.301313,0.530625,0.413312,0.2],"X0_POWER_+3.3V": [1.52263,1.565,1.23463,1.13863,1.39463,1.20669,1.564,1.565,1.18131,1.56525],"X0_POWER_MGTAVCC_S": [1.565,1.26663,1.26663,1.56,1.496,1.05331,1.49063,1.26663,1.13863,1.23463],"SERVICES+3.3V": [0.413312,0.2,0.2,0.322625,0.541313,0.349313,0.2,0.2,0.317313,0.562625],"5V_SCALED": [0.504643,0.2,0.2,0.211875,0.946429,0.668571,0.2,0.2,0.222768,0.687589],"Not Used": [1.05331,1.43731,1.906,1.26663,1.308,1.05331,1.52013,1.18344,1.08731,1.564],"X0_POWER_+1.8V_ANALOGUE": [2.256,1.564,1.13863,1.18131,1.43731,1.18131,1.05331,0.950688,1.18931,1.56525],"X0_POWER_MGTAVCC_N": [1.27063,1.13863,1.26663,2.376,1.56525,1.05331,1.05331,1.43731,1.39463,1.05325],"X0_POWER_MGTVCCAUC_N": [1.21544,1.13863,1.05331,1.906,1.56525,1.565,0.950688,1.564,1.56525,1.49063],"X1_POWER_+1.8V_ANALOGUE": [1.224,0.413312,0.2,0.2,0.60525,0.434625,0.2,0.2,0.464,0.541313],"X0_POWER_MGTVCCAUC_S": [1.49625,1.05331,0.951937,1.52263,1.906,1.08531,1.564,1.14269,2.256,1.52013],"ARTIX_MGTAVTT": [1.05331,2.376,1.75263,1.496,1.05331,1.14269,1.39463,1.43731,1.30925,1.05331],}