{"X0_POWER_VCCAUX": [0.132188,0.132375,0.132438,0.132438,0.132313,0.13275,0.132313,0.132438,0.132188,0.132313],"X0_POWER_+1.8V": [0.31275,0.312938,0.312938,0.313188,0.312875,0.312688,0.312813,0.31275,0.31275,0.313063],"+12_SCALED": [11.7879,11.7829,11.7851,11.7859,11.7829,11.7806,11.7842,11.7861,11.7859,11.7861],"ARTIX_MGTAVCC": [1.00769,1.00731,1.00713,1.006,1.00763,1.00719,1.00669,1.00663,1.007,1.00694],"SERVICES+1.0V": [1.00344,1.00663,1.00006,1.00412,1.00238,1.00331,0.998688,1.00669,1.00131,1.00375],"SERVICES+1.5V": [1.491,1.49006,1.49019,1.49,1.48975,1.48981,1.4915,1.49088,1.49138,1.49063],"X1_POWER_MGTAVTT_N": [0.1595,0.1595,0.159438,0.159438,0.159438,0.159688,0.159563,0.15975,0.159688,0.159563],"X1_POWER_VCCINT": [0.958125,0.958,0.958813,0.958688,0.957563,0.958688,0.958563,0.958313,0.959438,0.958063],"X1_POWER_VCCAUX": [0.131313,0.1315,0.131563,0.131375,0.131313,0.131188,0.131375,0.131375,0.131438,0.131438],"X1_POWER_+1.8V": [1.07769,1.19119,1.21538,1.28269,1.2585,1.2635,1.28094,1.25256,1.24181,1.29275],"X0_POWER_VCCINT": [0.956813,0.957063,0.956813,0.957,0.956438,0.956,0.956563,0.95625,0.956688,0.956375],"X0_POWER_MGTAVTT_S": [0.141,0.140563,0.140688,0.140438,0.140563,0.14075,0.1405,0.140438,0.1405,0.140563],"X1_POWER_MGTVCCAUX_N": [1.79794,1.79806,1.79788,1.79806,1.79781,1.79825,1.79844,1.79831,1.79819,1.79794],"X1_POWER_MGTAVCC_S": [0.121813,0.122063,0.122,0.122125,0.121875,0.121938,0.121938,0.121938,0.122063,0.122],"X1_POWER_MGTAVCC_N": [0.159188,0.159188,0.159375,0.159313,0.159313,0.159438,0.159313,0.159188,0.159375,0.15925],"X1_POWER_MGTVCCAUC_S": [1.79838,1.799,1.79819,1.79763,1.79825,1.79825,1.79806,1.79831,1.79906,1.79831],"X1_POWER_MGTAVTT_S": [0.12075,0.120625,0.120563,0.120688,0.120563,0.120625,0.120625,0.120688,0.120688,0.120813],"SERVICES_POWER_STANDBY_+3.3V": [3.31688,3.31756,3.31731,3.32319,3.32338,3.32181,3.31694,3.32069,3.31988,3.32288],"SERVICES+1.8V": [1.80631,1.80738,1.809,1.80638,1.81381,1.81238,1.81188,1.80625,1.80731,1.81075],"X0_POWER_MGTAVTT_N": [1.07344,1.17338,1.22731,1.24113,1.28094,1.25544,1.25838,1.26081,1.26788,1.29563],"X1_POWER_+3.3V": [3.31656,3.31488,3.306,3.30906,3.30475,3.31725,3.31044,3.3,3.312,3.31413],"X0_POWER_+3.3V": [3.31706,3.31556,3.31431,3.31713,3.32231,3.32463,3.31719,3.31225,3.31194,3.31725],"X0_POWER_MGTAVCC_S": [0.146,0.146188,0.146375,0.1465,0.146375,0.146063,0.146438,0.146313,0.146438,0.145938],"SERVICES+3.3V": [3.33856,3.33881,3.34369,3.34094,3.33938,3.336,3.33731,3.32713,3.33938,3.33306],"5V_SCALED": [4.96402,4.96,4.95946,4.96232,4.95893,4.9592,4.96223,4.96018,4.96071,4.96491],"Not Used": [3.16556,2.95531,2.74088,2.60425,2.46425,2.32294,2.27938,2.21069,2.14125,2.16719],"X0_POWER_+1.8V_ANALOGUE": [1.78656,1.78613,1.78625,1.78619,1.78669,1.78644,1.78631,1.78606,1.78581,1.78638],"X0_POWER_MGTAVCC_N": [0.145125,0.145188,0.144688,0.145125,0.144875,0.144938,0.144938,0.144813,0.145188,0.145063],"X0_POWER_MGTVCCAUC_N": [1.7865,1.78675,1.7865,1.7865,1.78631,1.78669,1.78656,1.78656,1.78556,1.78669],"X1_POWER_+1.8V_ANALOGUE": [1.798,1.79794,1.798,1.79788,1.79831,1.79831,1.79825,1.798,1.79825,1.79781],"X0_POWER_MGTVCCAUC_S": [1.78663,1.78694,1.78656,1.78631,1.78656,1.78638,1.78606,1.78663,1.78575,1.78619],"ARTIX_MGTAVTT": [1.20056,1.20056,1.20088,1.2005,1.20063,1.20069,1.20081,1.20031,1.20013,1.20038],}