{"X0_POWER_VCCAUX": [1.08531,1.52263,1.21331,1.564,1.13863,1.18131,2.3765,1.43731,1.05331,1.23463],"X0_POWER_+1.8V": [1.18131,1.49869,1.13863,1.05331,1.13863,1.48531,1.62925,1.09331,0.887688,1.564],"+12_SCALED": [0.931357,1.33357,0.4925,0.2,0.2,0.931357,1.33357,0.341643,0.2,0.2],"ARTIX_MGTAVCC": [1.56525,1.26663,0.882625,1.08531,1.49725,1.906,1.565,1.05331,1.26663,1.56525],"SERVICES+1.0V": [1.18131,1.56525,1.13863,1.05331,0.886688,1.52263,1.904,1.26663,1.05325,0.886688],"SERVICES+1.5V": [1.05331,1.05331,1.52013,1.56525,1.18131,1.23463,1.23463,1.39463,1.26663,1.496],"X1_POWER_MGTAVTT_N": [0.2,0.273313,0.7545,0.283625,0.2,0.2,0.226,0.541313,0.413312,0.2],"X1_POWER_VCCINT": [0.2,0.2,0.530625,0.498625,0.2,0.2,0.2,0.54125,0.541313,0.2],"X1_POWER_VCCAUX": [0.2,0.2,0.600125,0.541313,0.2,0.2,0.2,0.624,0.722,0.2],"X1_POWER_+1.8V": [0.2,0.2,0.413312,0.754,0.233625,0.2,0.2,0.466625,0.541313,0.261313],"X0_POWER_VCCINT": [1.56525,1.05331,0.886688,1.43731,1.52263,1.565,1.308,1.05331,1.18131,1.33163],"X0_POWER_MGTAVTT_S": [1.05331,1.20669,1.56525,1.56,1.56,1.13863,1.906,1.26663,1.564,1.05331],"X1_POWER_MGTVCCAUX_N": [0.2,0.349313,0.413312,0.536,0.2,0.2,0.317313,0.562625,0.242625,0.2],"X1_POWER_MGTAVCC_S": [0.2,0.413312,0.530625,0.2,0.2,0.2,0.530625,0.498625,0.2,0.2],"X1_POWER_MGTAVCC_N": [0.2,0.54,0.514625,0.317313,0.2,0.2,0.370625,0.434625,0.322625,0.2],"X1_POWER_MGTVCCAUC_S": [0.2,0.2,0.466625,0.536125,0.306625,0.2,0.2,0.374625,0.562625,0.285313],"X1_POWER_MGTAVTT_S": [0.2,0.541313,0.541,0.2,0.2,0.235313,0.498625,0.541,0.2,0.2],"SERVICES_POWER_STANDBY_+3.3V": [1.43731,1.26663,1.56,1.05331,1.565,1.56525,1.08531,0.882625,1.3945,1.565],"SERVICES+1.8V": [1.13863,2.3765,1.62925,1.39463,1.05331,1.13863,1.56525,1.49063,1.23463,1.05325],"X0_POWER_MGTAVTT_N": [1.05531,1.33163,1.56525,1.13863,1.05331,1.13863,1.9065,1.43731,1.05331,1.05331],"X1_POWER_+3.3V": [0.2,0.2,0.349313,0.7545,0.413312,0.2,0.2,0.349313,0.562625,0.54],"X0_POWER_+3.3V": [2.376,1.26663,1.23463,1.26663,1.56525,1.26663,1.05331,1.05331,1.13863,1.906],"X0_POWER_MGTAVCC_S": [1.23463,1.13863,1.43731,1.26663,0.882625,0.882625,1.56525,1.26663,1.565,1.05331],"SERVICES+3.3V": [0.2,0.464,0.514625,0.344,0.2,0.2,0.370625,0.60525,0.536,0.2],"5V_SCALED": [0.2,0.2175,0.626607,0.539018,0.2,0.2,0.211607,0.687589,0.580893,0.2],"Not Used": [1.20794,2.248,1.43731,1.20669,2.256,1.65063,2.3765,1.52263,1.08531,1.18131],"X0_POWER_+1.8V_ANALOGUE": [1.43731,1.05331,1.26663,1.906,1.56525,1.05331,1.56,1.13863,1.43731,1.56525],"X0_POWER_MGTAVCC_N": [1.05331,1.26663,1.906,1.18131,1.05331,1.05531,1.56525,1.56525,1.564,0.946625],"X0_POWER_MGTVCCAUC_N": [1.13863,1.13863,1.18131,1.56525,1.52263,1.564,1.05331,1.904,1.56525,1.20669],"X1_POWER_+1.8V_ANALOGUE": [0.2,0.2,0.306625,0.514625,0.413312,0.2,0.2,0.274625,0.562625,0.466625],"X0_POWER_MGTVCCAUC_S": [1.52013,1.05331,1.05331,1.43731,1.9,1.09381,1.56,1.13863,1.43731,1.49063],"ARTIX_MGTAVTT": [1.43731,1.05331,1.05331,1.18131,1.906,1.43731,1.13863,1.23463,1.564,1.22181],}