{"X0_POWER_VCCAUX": [1.43731,2.248,1.18131,1.05331,1.26663,1.39463,1.56525,0.950688,1.05331,1.26663],"X0_POWER_+1.8V": [1.05331,1.14269,1.52331,1.26663,0.829313,1.13863,1.56525,1.18131,1.05331,1.05531],"+12_SCALED": [0.2,0.2,0.746214,1.04107,0.2,0.2,0.2,1.22386,1.22386,0.2],"ARTIX_MGTAVCC": [1.13863,2.256,1.9065,1.565,1.3945,1.18663,1.39463,1.52263,1.14269,1.13863],"SERVICES+1.0V": [0.882625,1.18131,1.43731,1.30931,0.950688,1.23463,1.26663,2.256,1.56525,1.23463],"SERVICES+1.5V": [1.30625,1.09381,1.56525,1.13863,1.05331,1.13863,1.21331,2.3765,1.49625,1.13863],"X1_POWER_MGTAVTT_N": [0.498625,0.562625,0.242625,0.2,0.2,0.3465,0.391313,0.247938,0.2,0.2],"X1_POWER_VCCINT": [0.2,0.349313,0.413312,0.369313,0.2,0.2,0.349313,0.445312,0.357313,0.2],"X1_POWER_VCCAUX": [0.329313,0.518625,0.349313,0.2,0.2,0.349313,0.602625,0.344,0.2,0.2],"X1_POWER_+1.8V": [0.2,0.455938,0.498625,0.2,0.2,0.2,0.498625,0.413312,0.2,0.2],"X0_POWER_VCCINT": [1.23463,1.565,1.20669,2.3765,1.21331,1.13863,1.18131,1.62663,1.18981,1.23463],"X0_POWER_MGTAVTT_S": [1.39463,1.564,1.05331,1.21331,2.248,1.05331,1.43731,1.18981,1.05331,1.23463],"X1_POWER_MGTVCCAUX_N": [0.2,0.326875,0.562625,0.2,0.2,0.34925,0.7545,0.2,0.2,0.349313],"X1_POWER_MGTAVCC_S": [0.317313,0.514625,0.349313,0.2,0.2,0.84,0.466,0.2,0.2,0.317313],"X1_POWER_MGTAVCC_N": [0.562625,0.421313,0.2,0.2,0.28,0.530625,0.306625,0.2,0.2,0.254625],"X1_POWER_MGTVCCAUC_S": [0.2,0.238875,0.600125,0.541,0.2,0.2,0.242625,0.562625,0.368,0.2],"X1_POWER_MGTAVTT_S": [0.541,0.2,0.2,0.530625,0.72,0.2,0.2,0.584312,0.2,0.2],"SERVICES_POWER_STANDBY_+3.3V": [1.564,1.20669,1.864,1.18131,1.05331,1.05331,1.09544,1.56525,1.20269,0.886688],"SERVICES+1.8V": [1.23463,1.21331,1.906,1.05331,1.05331,1.26663,1.56525,1.564,1.05331,1.18131],"X0_POWER_MGTAVTT_N": [1.43731,1.20669,1.565,0.882625,1.39463,1.33063,1.56525,1.23463,1.2345,1.05331],"X1_POWER_+3.3V": [0.2,0.536,0.445312,0.472,0.2,0.2,0.536,0.455938,0.349313,0.2],"X0_POWER_+3.3V": [1.43731,1.49063,1.23463,1.23463,1.26663,1.39463,1.05331,0.882625,1.21331,1.49063],"X0_POWER_MGTAVCC_S": [1.906,1.13863,1.565,1.43731,1.565,1.23463,1.26663,1.39463,1.05325,1.05331],"SERVICES+3.3V": [0.72,0.2,0.2,0.344,0.530625,0.2,0.2,0.413312,0.53,0.2],"5V_SCALED": [0.2,0.413304,0.718036,0.350446,0.2,0.2,0.504732,0.504732,0.2,0.2],"Not Used": [1.23463,1.19188,1.62925,1.18131,1.05331,1.05331,1.39463,1.906,1.18131,1.13863],"X0_POWER_+1.8V_ANALOGUE": [1.05331,1.26663,1.39463,1.26663,1.13863,1.564,1.05331,1.43731,1.27063,1.05331],"X0_POWER_MGTAVCC_N": [1.43731,1.56525,1.18131,1.2345,1.05331,1.43731,1.14394,1.05331,1.56525,1.39463],"X0_POWER_MGTVCCAUC_N": [1.05331,1.18944,1.52263,1.501,0.962625,1.564,1.08531,1.56525,1.26663,1.564],"X1_POWER_+1.8V_ANALOGUE": [0.2,0.536,0.60525,0.370625,0.2,0.2,0.310625,0.530625,0.41325,0.2],"X0_POWER_MGTVCCAUC_S": [1.23463,1.05331,1.901,1.22381,1.26663,1.05331,1.26663,1.20669,1.906,1.08531],"ARTIX_MGTAVTT": [1.48431,0.882625,1.08531,1.56525,1.18131,1.308,1.05331,1.904,1.565,1.43731],}