{"X0_POWER_VCCAUX": [1.26663,1.48931,1.56525,0.946625,1.11463,1.13863,1.906,1.906,1.08531,1.05331],"X0_POWER_+1.8V": [1.26663,2.256,2.384,1.18131,1.05331,1.906,1.62925,1.906,1.23463,1.05331],"+12_SCALED": [0.274786,0.2,0.2,1.33357,0.3965,0.2,0.231929,1.29821,0.2,0.2],"ARTIX_MGTAVCC": [1.906,1.05331,1.09544,2.256,1.62813,1.08781,1.05331,1.18663,0.950688,1.564],"SERVICES+1.0V": [1.52013,1.13863,1.564,1.30931,1.49063,1.18131,0.882625,1.11731,1.43731,1.56525],"SERVICES+1.5V": [1.18131,1.496,1.23463,1.13863,1.56525,1.05331,0.882625,1.565,1.22331,1.43731],"X1_POWER_MGTAVTT_N": [0.413312,0.24,0.2,0.272,0.514625,0.247938,0.2,0.217312,0.562625,0.24025],"X1_POWER_VCCINT": [0.413312,0.2,0.2,0.2,0.514625,0.413312,0.2,0.2,0.348,0.541313],"X1_POWER_VCCAUX": [0.2,0.2,0.530625,0.311938,0.2,0.2,0.498625,0.53,0.2,0.2],"X1_POWER_+1.8V": [0.712625,0.530625,0.2,0.2,0.222875,0.562625,0.2,0.2,0.232625,0.541313],"X0_POWER_VCCINT": [1.05331,1.23463,1.37325,1.56525,1.23463,1.05331,1.23463,1.18131,1.56063,1.18131],"X0_POWER_MGTAVTT_S": [1.05331,1.26663,1.26663,1.37163,1.564,1.05325,1.05331,1.56525,1.18931,1.08531],"X1_POWER_MGTVCCAUX_N": [0.263438,0.562625,0.348,0.2,0.2,0.54,0.530625,0.299625,0.2,0.2],"X1_POWER_MGTAVCC_S": [0.541,0.2,0.2,0.263313,0.466625,0.413312,0.2,0.2,0.2,0.498625],"X1_POWER_MGTAVCC_N": [0.410625,0.2,0.2,0.2,0.530625,0.722,0.2,0.2,0.2,0.455312],"X1_POWER_MGTVCCAUC_S": [0.541313,0.2,0.2,0.285313,0.541313,0.2,0.2,0.413312,0.7225,0.2],"X1_POWER_MGTAVTT_S": [0.261313,0.60525,0.466625,0.2,0.2,0.530625,0.413312,0.2,0.2,0.445312],"SERVICES_POWER_STANDBY_+3.3V": [1.43731,1.904,1.09544,1.05331,1.50125,1.18131,1.05331,1.565,1.906,1.18131],"SERVICES+1.8V": [1.43731,1.23463,1.05331,1.37325,1.43731,1.872,0.882625,1.08531,1.14269,1.52263],"X0_POWER_MGTAVTT_N": [1.05331,1.906,1.43731,1.18131,1.05331,1.26663,1.43725,1.52263,1.20669,0.882625],"X1_POWER_+3.3V": [0.413312,0.2,0.2,0.530625,0.413312,0.2,0.2,0.2,0.530625,0.530625],"X0_POWER_+3.3V": [1.18144,1.23463,1.14394,1.56525,1.565,1.13863,1.496,1.26663,1.50125,1.18131],"X0_POWER_MGTAVCC_S": [1.05331,1.39463,1.20794,1.43731,1.05331,1.05331,1.14269,2.328,1.62863,1.26663],"SERVICES+3.3V": [0.600125,0.2,0.2,0.2,0.54125,0.530625,0.2,0.2,0.2,0.445813],"5V_SCALED": [0.660893,0.2,0.2,0.238036,0.672321,0.504643,0.2,0.2,0.356161,0.946429],"Not Used": [1.05331,1.08731,1.906,1.9065,1.23463,1.05325,1.21331,1.33063,1.23463,1.10663],"X0_POWER_+1.8V_ANALOGUE": [1.564,1.564,1.20669,1.50125,1.309,1.308,1.05331,2.376,2.3765,1.18131],"X0_POWER_MGTAVCC_N": [1.05331,1.20669,1.43731,1.37331,1.05331,1.23463,1.05531,1.52263,1.13863,1.05331],"X0_POWER_MGTVCCAUC_N": [1.20669,1.05331,1.13863,1.33163,2.256,1.26663,1.564,1.26663,1.56525,1.08731],"X1_POWER_+1.8V_ANALOGUE": [0.272625,0.562625,0.246625,0.2,0.2,0.7545,0.349313,0.2,0.2,0.530625],"X0_POWER_MGTVCCAUC_S": [1.15463,1.564,1.43731,1.43731,1.18131,1.05331,1.26663,1.43731,1.49063,1.13863],"ARTIX_MGTAVTT": [1.906,1.23463,1.11863,1.49063,1.52263,1.23463,1.05325,1.08531,1.89613,1.43731],}