{"X0_POWER_VCCAUX": [1.08781,1.27063,1.56531,1.33594,1.14269,1.565,1.43731,2.258,1.56531,1.18131],"X0_POWER_+1.8V": [1.05331,1.9065,1.56531,1.28763,1.21531,2.384,1.67331,1.56531,1.56525,1.18131],"+12_SCALED": [0.2,1.37021,1.29586,0.254857,0.2,0.2,1.37021,1.37021,0.2,0.2],"ARTIX_MGTAVCC": [1.56525,0.950625,1.56525,1.56531,1.56531,1.565,1.18131,1.46931,1.56531,1.565],"SERVICES+1.0V": [1.56531,1.27063,1.565,1.18131,1.27063,2.384,1.27063,1.565,1.18131,1.33188],"SERVICES+1.5V": [1.56525,1.56525,0.886625,1.13863,1.56525,1.56531,1.18131,1.08531,1.21331,2.384],"X1_POWER_MGTAVTT_N": [0.2,0.2,0.297312,0.541313,0.202625,0.2,0.456,0.541313,0.202125,0.2],"X1_POWER_VCCINT": [0.2,0.2,0.518625,0.536,0.2,0.2,0.541313,0.536,0.2,0.2],"X1_POWER_VCCAUX": [0.488688,0.541313,0.2,0.2,0.445312,0.54125,0.2,0.2,0.536,0.541313],"X1_POWER_+1.8V": [0.54125,0.2,0.2,0.285313,0.514625,0.541,0.2,0.2,0.278625,0.541313],"X0_POWER_VCCINT": [1.05331,1.56525,1.33594,1.56531,1.14269,1.06131,1.28763,2.768,1.56531,2.256],"X0_POWER_MGTAVTT_S": [1.18131,1.56525,1.28763,1.47981,1.56531,1.56525,1.56525,1.33594,1.56531,1.906],"X1_POWER_MGTVCCAUX_N": [0.498625,0.541313,0.2,0.2,0.2,0.413312,0.518625,0.2,0.2,0.2],"X1_POWER_MGTAVCC_S": [0.541313,0.370625,0.2,0.2,0.2,0.541313,0.445312,0.2,0.2,0.2],"X1_POWER_MGTAVCC_N": [0.370625,0.541313,0.2,0.2,0.413312,0.541313,0.2,0.2,0.54,0.541313],"X1_POWER_MGTVCCAUC_S": [0.455938,0.488625,0.2,0.2,0.541,0.541313,0.2,0.329938,0.498625,0.2],"X1_POWER_MGTAVTT_S": [0.305813,0.488125,0.2,0.2,0.242625,0.553313,0.54,0.2,0.2,0.289813],"SERVICES_POWER_STANDBY_+3.3V": [1.18131,1.35194,1.56531,1.565,1.56525,1.46931,1.56531,1.565,1.56525,1.56531],"SERVICES+1.8V": [2.76,1.56531,1.18131,1.18131,1.56525,1.56531,1.56531,1.565,1.18131,1.27063],"X0_POWER_MGTAVTT_N": [0.886688,1.27063,1.46931,1.56531,1.565,1.56525,1.56525,1.56531,1.33194,1.13863],"X1_POWER_+3.3V": [0.405313,0.2,0.2,0.2,0.541313,0.455312,0.2,0.2,0.2,0.541313],"X0_POWER_+3.3V": [0.950625,1.13863,1.56525,1.33594,1.21331,1.18331,2.256,2.77,2.768,1.46931],"X0_POWER_MGTAVCC_S": [1.05331,1.56525,1.56531,2.416,1.906,1.13863,1.27063,1.46931,1.47731,1.35194],"SERVICES+3.3V": [0.752,0.541313,0.2,0.2,0.2,0.541313,0.413312,0.2,0.2,0.2],"5V_SCALED": [0.535179,0.687143,0.2,0.2,0.580893,0.687589,0.2,0.2,0.367589,0.687589],"Not Used": [1.56,1.21581,2.77,2.77,1.43731,1.90663,1.59931,1.69331,1.56531,1.33594],"X0_POWER_+1.8V_ANALOGUE": [1.565,1.33163,1.56531,1.33188,1.56525,1.56525,1.56525,1.56531,1.33188,1.565],"X0_POWER_MGTAVCC_N": [1.39463,1.56525,1.33594,1.56531,1.27169,1.39463,1.56525,1.56531,1.56531,1.27063],"X0_POWER_MGTVCCAUC_N": [1.13863,1.28763,1.56531,1.27063,1.05331,1.56525,1.28763,1.56531,1.27063,1.565],"X1_POWER_+1.8V_ANALOGUE": [0.2,0.413312,0.541313,0.2,0.2,0.2,0.445312,0.541313,0.20125,0.2],"X0_POWER_MGTVCCAUC_S": [1.08531,1.18131,2.416,1.43731,1.56525,1.565,1.56525,2.258,1.46931,1.21331],"ARTIX_MGTAVTT": [1.18131,1.565,1.56525,1.56531,1.28794,1.09531,1.22381,1.35194,1.56531,1.56531],}