{"X0_POWER_VCCAUX": [0.886688,1.52013,1.43731,1.565,1.05331,1.05331,1.18344,1.39463,1.18131,1.13863],"X0_POWER_+1.8V": [1.564,1.20669,1.56525,1.09544,1.13863,1.08531,1.906,1.56525,1.14269,1.23463],"+12_SCALED": [0.2,1.98286,1.22386,0.209643,0.2,0.2,0.931357,1.22386,0.2,0.2],"ARTIX_MGTAVCC": [1.22131,1.43731,1.9,1.12263,1.565,2.248,1.864,1.18131,1.23463,1.05331],"SERVICES+1.0V": [1.56525,1.05331,1.13863,1.26663,1.43731,1.906,1.05331,1.304,1.564,1.43731],"SERVICES+1.5V": [1.39463,0.946688,1.05331,1.20269,1.62863,1.14394,1.05331,1.13863,1.43725,2.256],"X1_POWER_MGTAVTT_N": [0.434625,0.413312,0.2,0.2,0.307875,0.518625,0.349313,0.2,0.2,0.34925],"X1_POWER_VCCINT": [0.434625,0.530625,0.2,0.2,0.2,0.445312,0.536125,0.2,0.2,0.2],"X1_POWER_VCCAUX": [0.514625,0.54125,0.2,0.2,0.2,0.413312,0.304312,0.2,0.2,0.4665],"X1_POWER_+1.8V": [0.541313,0.2,0.2,0.349313,0.605313,0.413312,0.2,0.2,0.386625,0.530625],"X0_POWER_VCCINT": [1.49863,1.18131,0.882625,1.05331,1.26663,1.49063,1.26663,1.56,1.23463,1.39463],"X0_POWER_MGTAVTT_S": [1.05331,1.52263,1.20669,1.13863,1.05331,1.565,1.48063,1.27063,1.13863,1.05331],"X1_POWER_MGTVCCAUX_N": [0.54,0.2,0.2,0.242625,0.600125,0.413312,0.2,0.2,0.317313,0.562625],"X1_POWER_MGTAVCC_S": [1.224,0.2,0.2,0.2,0.434625,0.434625,0.2,0.2,0.2,0.54125],"X1_POWER_MGTAVCC_N": [0.541313,0.348,0.2,0.2,0.413312,0.562625,0.285313,0.2,0.2,0.413312],"X1_POWER_MGTVCCAUC_S": [0.258625,0.605,0.368625,0.2,0.2,0.413312,0.421313,0.317313,0.2,0.2],"X1_POWER_MGTAVTT_S": [0.530625,0.2,0.2,0.2,0.541313,0.413312,0.2,0.2,0.2,0.498625],"SERVICES_POWER_STANDBY_+3.3V": [1.20669,1.22394,1.26663,1.564,1.496,1.13863,1.906,1.565,1.309,1.13863],"SERVICES+1.8V": [1.43731,1.13863,1.05331,1.26663,1.20794,2.256,1.26663,1.56,1.09331,1.22394],"X0_POWER_MGTAVTT_N": [1.13863,1.26663,1.43731,1.18131,1.23463,1.05331,1.21531,1.56525,1.05331,1.05331],"X1_POWER_+3.3V": [0.413312,0.2,0.2,0.314625,0.562625,0.41325,0.2,0.2,0.304312,0.6265],"X0_POWER_+3.3V": [1.50125,1.904,1.564,1.05331,1.20263,1.33163,1.18931,1.13863,1.23463,1.26663],"X0_POWER_MGTAVCC_S": [0.950688,1.33163,1.49063,0.950688,1.564,1.564,1.21331,1.33163,1.05331,1.564],"SERVICES+3.3V": [0.562625,0.413312,0.2,0.2,0.293312,0.7545,0.496,0.2,0.2,0.308062],"5V_SCALED": [0.466607,0.504732,0.2,0.2,0.2,0.630446,0.687143,0.2,0.2,0.2],"Not Used": [1.564,1.56525,1.08531,1.05331,1.564,1.565,1.56525,1.39463,0.829313,1.308],"X0_POWER_+1.8V_ANALOGUE": [1.56525,1.56525,0.882625,1.05331,1.906,2.384,1.43725,1.05331,1.21863,1.20669],"X0_POWER_MGTAVCC_N": [1.18131,1.56525,1.48063,1.3945,1.05331,1.18131,1.50125,1.37331,1.05331,1.05331],"X0_POWER_MGTVCCAUC_N": [1.26663,2.256,1.48063,1.05331,1.14269,1.26663,1.56525,1.05331,1.3945,1.08531],"X1_POWER_+1.8V_ANALOGUE": [0.239312,0.541313,0.2065,0.2,0.2,0.520313,0.410625,0.2,0.2,0.2],"X0_POWER_MGTVCCAUC_S": [1.56525,1.18131,1.308,1.26663,1.50125,1.39463,1.26663,1.05331,1.05331,1.906],"ARTIX_MGTAVTT": [1.43731,1.27063,1.39463,1.56,1.373,1.906,1.39463,1.05331,1.05331,1.30925],}