{"X0_POWER_VCCAUX": [0.131875,0.132188,0.132125,0.132125,0.131813,0.131813,0.132188,0.131875,0.13225,0.13225],"X0_POWER_+1.8V": [0.312438,0.31225,0.3125,0.312313,0.31275,0.31275,0.312438,0.312688,0.31275,0.3125],"+12_SCALED": [11.7844,11.7859,11.7894,11.7894,11.7868,11.7851,11.787,11.7874,11.7857,11.7889],"ARTIX_MGTAVCC": [1.007,1.00613,1.00631,1.00669,1.00613,1.006,1.00625,1.00688,1.00681,1.008],"SERVICES+1.0V": [1.0015,1.00256,1.0015,1.00425,1.00206,1.00587,1.00281,1.00194,1.00556,1.004],"SERVICES+1.5V": [1.49,1.49081,1.48969,1.49031,1.49,1.49019,1.48963,1.4895,1.49131,1.49013],"X1_POWER_MGTAVTT_N": [0.159188,0.15925,0.159188,0.159438,0.159188,0.15925,0.159188,0.158938,0.159063,0.159],"X1_POWER_VCCINT": [0.957813,0.958438,0.95875,0.95775,0.9575,0.957813,0.958,0.957313,0.958063,0.956563],"X1_POWER_VCCAUX": [0.131188,0.131063,0.131188,0.131063,0.131125,0.131313,0.131313,0.131125,0.131063,0.131125],"X1_POWER_+1.8V": [1.07806,1.17813,1.22281,1.23856,1.27575,1.32544,1.31981,1.29894,1.31419,1.28788],"X0_POWER_VCCINT": [0.956625,0.956125,0.956063,0.955688,0.956625,0.955875,0.956188,0.956188,0.955563,0.955563],"X0_POWER_MGTAVTT_S": [0.14025,0.140438,0.140125,0.140125,0.140063,0.140438,0.140188,0.140188,0.140188,0.14],"X1_POWER_MGTVCCAUX_N": [1.79794,1.79794,1.79781,1.798,1.7975,1.79806,1.7975,1.79781,1.79781,1.79844],"X1_POWER_MGTAVCC_S": [0.12175,0.121813,0.121813,0.121688,0.121688,0.121875,0.121625,0.121688,0.121875,0.121688],"X1_POWER_MGTAVCC_N": [0.159,0.15875,0.158688,0.158938,0.159,0.158938,0.159063,0.158938,0.158938,0.159063],"X1_POWER_MGTVCCAUC_S": [1.79813,1.79756,1.79794,1.798,1.798,1.79813,1.79775,1.79831,1.79813,1.79719],"X1_POWER_MGTAVTT_S": [0.120438,0.120625,0.120438,0.120625,0.120563,0.120563,0.120313,0.120375,0.120438,0.120438],"SERVICES_POWER_STANDBY_+3.3V": [3.322,3.32481,3.31556,3.321,3.3205,3.31919,3.3215,3.32056,3.3225,3.32256],"SERVICES+1.8V": [1.81313,1.80406,1.819,1.8095,1.81338,1.81413,1.81319,1.80381,1.81106,1.81619],"X0_POWER_MGTAVTT_N": [1.07469,1.17638,1.23281,1.25519,1.254,1.24556,1.29931,1.31456,1.28188,1.25494],"X1_POWER_+3.3V": [3.30925,3.31019,3.30531,3.30406,3.30381,3.3065,3.31531,3.30988,3.30606,3.30119],"X0_POWER_+3.3V": [3.31938,3.32394,3.31288,3.316,3.31469,3.32425,3.316,3.32281,3.32031,3.31919],"X0_POWER_MGTAVCC_S": [0.1455,0.145562,0.145688,0.145562,0.1455,0.145688,0.145625,0.145562,0.145625,0.145688],"SERVICES+3.3V": [3.33,3.33238,3.33419,3.34125,3.33081,3.34344,3.33113,3.33181,3.339,3.33975],"5V_SCALED": [4.95866,4.96071,4.96545,4.96321,4.96518,4.96,4.96009,4.96223,4.95848,4.96161],"Not Used": [3.096,2.87181,2.71738,2.6125,2.49656,2.35319,2.2945,2.26781,2.26663,2.25956],"X0_POWER_+1.8V_ANALOGUE": [1.78644,1.78588,1.78681,1.78644,1.78656,1.78675,1.78606,1.78638,1.78675,1.78644],"X0_POWER_MGTAVCC_N": [0.144438,0.1445,0.14475,0.144813,0.144188,0.144438,0.144625,0.144625,0.144438,0.144625],"X0_POWER_MGTVCCAUC_N": [1.78613,1.78619,1.78625,1.78594,1.78688,1.78656,1.78638,1.78644,1.78706,1.78694],"X1_POWER_+1.8V_ANALOGUE": [1.79794,1.79844,1.79831,1.79819,1.798,1.7975,1.79744,1.7975,1.79788,1.79756],"X0_POWER_MGTVCCAUC_S": [1.78688,1.78625,1.78669,1.78656,1.78675,1.78656,1.78681,1.78669,1.78681,1.78669],"ARTIX_MGTAVTT": [1.20013,1.20031,1.2,1.20031,1.20013,1.20038,1.2,1.20031,1.20063,1.20056],}