{"X0_POWER_VCCAUX": [1.43731,1.13863,1.05331,1.08531,1.43731,1.52263,1.13863,0.882625,1.26663,1.50113],"X0_POWER_+1.8V": [2.248,1.18131,1.565,1.26663,1.56525,1.18131,1.05331,1.23463,1.39463,1.49869],"+12_SCALED": [1.11414,0.2,0.2,0.2,1.37021,0.931357,0.2,0.2,0.459286,1.33593],"ARTIX_MGTAVCC": [2.256,1.18131,1.05331,1.56525,1.52263,1.565,1.05325,1.08531,2.3765,2.256],"SERVICES+1.0V": [1.05331,1.20669,1.43731,1.39463,1.56,1.23463,1.564,1.33163,1.565,0.950688],"SERVICES+1.5V": [1.05331,1.21331,1.43731,1.565,1.05331,1.05331,1.27063,1.43731,1.05331,1.05331],"X1_POWER_MGTAVTT_N": [0.413312,0.541313,0.306625,0.2,0.2,0.541,0.530625,0.285313,0.2,0.2],"X1_POWER_VCCINT": [0.2,0.541,0.530625,0.304312,0.2,0.2,0.541,0.541313,0.226625,0.2],"X1_POWER_VCCAUX": [0.368,0.712,0.413312,0.2,0.2,0.263313,0.530625,0.54,0.2,0.2],"X1_POWER_+1.8V": [0.2,0.498625,0.728,0.2,0.2,0.2,0.530625,0.498625,0.2,0.2],"X0_POWER_VCCINT": [1.20669,1.23463,1.20269,1.43731,1.21331,1.05331,1.564,1.08531,1.52263,1.20263],"X0_POWER_MGTAVTT_S": [1.26663,1.43731,1.26663,1.05331,1.23463,1.13863,1.49863,1.26663,1.23463,1.05331],"X1_POWER_MGTVCCAUX_N": [1.224,0.413312,0.2,0.2,0.413312,0.60525,0.2,0.2,0.2,0.712625],"X1_POWER_MGTAVCC_S": [0.541313,0.4665,0.2,0.2,0.2,0.732,0.541,0.2,0.2,0.328],"X1_POWER_MGTAVCC_N": [0.626625,0.600125,0.2,0.2,0.2,0.498625,0.72,0.2,0.2,0.2],"X1_POWER_MGTVCCAUC_S": [0.2,0.311375,0.530625,0.349313,0.2,0.2,0.306625,0.514625,0.336,0.2],"X1_POWER_MGTAVTT_S": [0.541313,0.263313,0.2,0.2,0.413312,0.514625,0.349313,0.2,0.2,0.349313],"SERVICES_POWER_STANDBY_+3.3V": [1.20263,1.05331,1.39463,1.27063,1.39463,1.05331,1.05331,1.26663,1.906,1.56525],"SERVICES+1.8V": [1.23463,0.950688,1.56525,1.43731,1.05331,1.05331,1.565,1.43731,1.26663,1.13863],"X0_POWER_MGTAVTT_N": [1.62925,1.38931,1.496,1.05331,1.43725,1.56525,1.564,0.797312,1.23463,1.18131],"X1_POWER_+3.3V": [0.2,0.541,0.455813,0.254625,0.2,0.2,0.445312,0.498625,0.28,0.2],"X0_POWER_+3.3V": [1.18344,1.05331,1.08531,1.56525,1.906,1.565,1.23463,1.05331,1.50131,1.39463],"X0_POWER_MGTAVCC_S": [1.33163,1.56525,0.946625,1.3945,1.26663,1.56525,1.26663,1.13863,1.23463,1.23463],"SERVICES+3.3V": [0.2,0.2,0.445312,0.498625,0.2,0.2,0.2,0.498625,0.413312,0.2],"5V_SCALED": [0.2,0.626607,0.56375,0.2,0.2,0.2,0.580893,0.44375,0.2,0.2],"Not Used": [1.39463,1.496,0.882625,2.384,2.77,1.56531,1.05331,1.565,1.52013,1.43731],"X0_POWER_+1.8V_ANALOGUE": [1.18331,1.05331,1.43731,1.43731,1.18131,1.564,1.05331,1.43731,1.33163,1.26663],"X0_POWER_MGTAVCC_N": [1.52013,1.26663,1.05331,1.05331,1.18131,1.43731,1.33063,1.05331,1.13863,1.565],"X0_POWER_MGTVCCAUC_N": [1.564,0.950688,2.256,1.56531,1.08731,1.13863,1.26663,1.56525,1.56525,1.13863],"X1_POWER_+1.8V_ANALOGUE": [0.2,0.2,0.445312,0.445312,0.2,0.2,0.2,0.413312,0.466625,0.2],"X0_POWER_MGTVCCAUC_S": [1.13863,1.564,1.18131,1.43731,1.18131,1.30925,1.05331,1.565,1.20669,1.52013],"ARTIX_MGTAVTT": [1.43731,0.950688,1.23463,1.18131,1.33588,1.18931,1.05331,1.09531,1.22394,1.62925],}