{"X0_POWER_VCCAUX": [0.152938,0.152563,0.153188,0.1525,0.152938,0.152813,0.153,0.152875,0.152688,0.153],"X0_POWER_+1.8V": [0.320688,0.320375,0.320625,0.320813,0.320375,0.32075,0.320438,0.320813,0.32025,0.320813],"+12_SCALED": [11.7979,11.8007,11.7951,11.7962,11.8014,11.8014,11.7988,11.8003,11.8011,11.7988],"ARTIX_MGTAVCC": [0.993563,0.9935,0.994688,0.9995,0.9975,0.993,0.99875,0.996688,0.999688,0.9945],"SERVICES+1.0V": [1.00094,1.002,1.00106,1.00131,1,0.999,1.00725,1.004,1.00238,1.00219],"SERVICES+1.5V": [1.48963,1.49025,1.49038,1.48913,1.49006,1.49,1.48956,1.48963,1.4905,1.49113],"X1_POWER_MGTAVTT_N": [0.138625,0.138688,0.138938,0.138188,0.13875,0.138688,0.138813,0.138625,0.138563,0.138375],"X1_POWER_VCCINT": [0.0151875,0.015125,0.0153125,0.0155625,0.0153125,0.0151875,0.0153125,0.0154375,0.0155625,0.0153125],"X1_POWER_VCCAUX": [0.128313,0.12825,0.128188,0.128313,0.12825,0.128438,0.128063,0.128313,0.128375,0.128125],"X1_POWER_+1.8V": [1.07494,1.1745,1.23225,1.25225,1.23656,1.26956,1.30194,1.326,1.31431,1.27769],"X0_POWER_VCCINT": [0.013375,0.0134375,0.0134375,0.013,0.0134375,0.0134375,0.0133125,0.0128125,0.0133125,0.0135625],"X0_POWER_MGTAVTT_S": [0.154688,0.154688,0.154875,0.154813,0.155063,0.154938,0.155063,0.15475,0.15475,0.154625],"X1_POWER_MGTVCCAUX_N": [1.797,1.79731,1.79731,1.79719,1.79756,1.79738,1.79688,1.7975,1.79694,1.79694],"X1_POWER_MGTAVCC_S": [0.1605,0.160438,0.160563,0.160625,0.1605,0.160375,0.160563,0.160438,0.160375,0.160438],"X1_POWER_MGTAVCC_N": [0.142687,0.142875,0.142938,0.143063,0.142875,0.142938,0.142687,0.142813,0.14275,0.142938],"X1_POWER_MGTVCCAUC_S": [1.79631,1.79719,1.79706,1.79775,1.79725,1.79769,1.79681,1.79688,1.79731,1.79619],"X1_POWER_MGTAVTT_S": [0.243563,0.243438,0.243313,0.24325,0.243375,0.243563,0.2435,0.2435,0.243313,0.243375],"SERVICES_POWER_STANDBY_+3.3V": [3.33281,3.32981,3.33544,3.33463,3.33425,3.33356,3.33625,3.33144,3.327,3.33856],"SERVICES+1.8V": [1.80206,1.80819,1.80331,1.80819,1.80713,1.80981,1.80675,1.80563,1.81394,1.80175],"X0_POWER_MGTAVTT_N": [0.158625,0.158375,0.159188,0.158688,0.158625,0.158688,0.158625,0.158813,0.159188,0.158625],"X1_POWER_+3.3V": [3.31969,3.3175,3.322,3.32244,3.32006,3.32438,3.32275,3.32394,3.30963,3.32081],"X0_POWER_+3.3V": [3.30819,3.30775,3.31925,3.31956,3.31144,3.3085,3.30631,3.30838,3.30725,3.31238],"X0_POWER_MGTAVCC_S": [0.150313,0.150313,0.150125,0.150125,0.150375,0.15025,0.150188,0.150313,0.150313,0.150125],"SERVICES+3.3V": [3.33356,3.33088,3.33963,3.33838,3.33338,3.33869,3.33463,3.33694,3.34281,3.33119],"5V_SCALED": [4.95339,4.95446,4.95464,4.95438,4.95384,4.95188,4.95286,4.95429,4.95429,4.95143],"Not Used": [3.10769,2.83019,2.65188,2.55925,2.50181,2.37713,2.28513,2.22913,2.21006,2.13406],"X0_POWER_+1.8V_ANALOGUE": [1.79913,1.79856,1.79875,1.79881,1.79856,1.79894,1.79869,1.79944,1.79838,1.7985],"X0_POWER_MGTAVCC_N": [1.07344,1.169,1.2085,1.25413,1.24831,1.22813,1.23944,1.28419,1.26419,1.27375],"X0_POWER_MGTVCCAUC_N": [1.79813,1.79875,1.7985,1.79863,1.79888,1.799,1.79894,1.79888,1.79794,1.7985],"X1_POWER_+1.8V_ANALOGUE": [1.79744,1.79663,1.79738,1.79731,1.79694,1.79669,1.79756,1.79744,1.79763,1.79763],"X0_POWER_MGTVCCAUC_S": [1.79894,1.79881,1.79919,1.79844,1.7985,1.79881,1.79894,1.79925,1.799,1.79869],"ARTIX_MGTAVTT": [1.18869,1.18838,1.18794,1.18838,1.18856,1.18819,1.18863,1.1885,1.18869,1.18813],}