{"X0_POWER_VCCAUX": [1.08531,1.564,1.565,1.13863,1.565,1.13863,1.56525,2.76,1.41731,1.56525],"X0_POWER_+1.8V": [1.05331,1.05331,1.05331,1.18131,1.565,1.56525,1.18131,1.18131,1.56525,1.22331],"+12_SCALED": [0.2,0.2,0.2,0.2,0.2,0.2,0.2,0.2,0.2,0.2],"ARTIX_MGTAVCC": [1.56,1.05331,1.56525,1.21331,1.56531,1.56531,1.56525,1.21531,1.56531,1.13863],"SERVICES+1.0V": [1.05331,0.946625,1.08531,1.13863,1.18131,1.56525,1.56525,1.56525,1.21331,1.56525],"SERVICES+1.5V": [1.56,1.05331,1.565,1.565,1.18131,1.08531,1.565,1.18131,1.565,1.565],"X1_POWER_MGTAVTT_N": [0.2,0.2,0.2,0.2,0.2,0.2,0.2,0.2,0.2,0.2],"X1_POWER_VCCINT": [0.2,0.2,0.2,0.2,0.2,0.2,0.2,0.2,0.2,0.2],"X1_POWER_VCCAUX": [0.2,0.2,0.2,0.2,0.2,0.2,0.2,0.2,0.2,0.2],"X1_POWER_+1.8V": [0.2,0.2,0.2,0.2,0.2,0.2,0.2,0.2,0.2,0.2],"X0_POWER_VCCINT": [0.946625,1.564,1.565,1.565,1.565,1.18131,1.56531,1.565,1.565,1.565],"X0_POWER_MGTAVTT_S": [1.05331,1.564,1.18131,1.18131,1.18131,1.21531,1.56525,1.41731,1.41731,1.56531],"X1_POWER_MGTVCCAUX_N": [0.2,0.2,0.2,0.2,0.2,0.2,0.2,0.2,0.2,0.2],"X1_POWER_MGTAVCC_S": [0.2,0.2,0.2,0.2,0.2,0.2,0.2,0.2,0.2,0.2],"X1_POWER_MGTAVCC_N": [0.2,0.2,0.2,0.2,0.2,0.2,0.2,0.2,0.2,0.2],"X1_POWER_MGTVCCAUC_S": [0.2,0.2,0.2,0.2,0.2,0.2,0.2,0.2,0.2,0.2],"X1_POWER_MGTAVTT_S": [0.2,0.2,0.2,0.2,0.2,0.2,0.2,0.2,0.2,0.2],"SERVICES_POWER_STANDBY_+3.3V": [1.564,1.564,1.18131,1.09531,1.21331,1.38663,1.56525,1.56531,1.34131,1.21531],"SERVICES+1.8V": [0.882625,1.564,1.564,1.50125,1.906,1.56531,1.56531,1.56525,1.56525,1.56525],"X0_POWER_MGTAVTT_N": [1.05331,1.564,1.20263,1.56525,1.56525,1.20263,1.56525,1.565,1.56525,1.565],"X1_POWER_+3.3V": [0.2,0.2,0.2,0.2,0.2,0.2,0.2,0.2,0.2,0.2],"X0_POWER_+3.3V": [1.05331,1.13863,1.09331,1.56525,1.21331,1.21531,1.56531,1.56531,1.22381,1.56525],"X0_POWER_MGTAVCC_S": [1.564,1.08531,1.05331,1.09381,1.18131,1.22331,1.56525,1.56525,1.56525,1.21531],"SERVICES+3.3V": [0.2,0.2,0.2,0.2,0.2,0.2,0.2,0.2,0.2,0.2],"5V_SCALED": [0.2,0.2,0.2,0.2,0.2,0.2,0.2,0.2,0.2,0.2],"Not Used": [1.30931,1.44263,1.56531,1.56531,1.44788,1.56531,1.56531,1.90663,1.56531,1.56531],"X0_POWER_+1.8V_ANALOGUE": [1.05331,1.565,1.18131,1.565,1.565,1.13863,1.21531,1.22331,1.56531,1.44263],"X0_POWER_MGTAVCC_N": [1.564,1.09331,1.18131,1.565,1.18131,1.56525,1.56525,1.56525,1.56525,1.09331],"X0_POWER_MGTVCCAUC_N": [1.56,1.56,1.05331,1.18131,1.56525,1.22331,2.768,1.56531,2.896,1.56531],"X1_POWER_+1.8V_ANALOGUE": [0.2,0.2,0.2,0.2,0.2,0.2,0.2,0.2,0.2,0.2],"X0_POWER_MGTVCCAUC_S": [1.05331,1.05331,1.09381,1.22331,1.56531,1.56525,1.9065,1.565,1.56525,1.18131],"ARTIX_MGTAVTT": [1.56,1.08531,1.09531,1.09331,1.18131,1.21331,1.56531,1.51463,1.56531,1.41731],}