{"X0_POWER_VCCAUX": [0.13225],"X0_POWER_+1.8V": [0.3125],"+12_SCALED": [11.7855],"ARTIX_MGTAVCC": [1.00587],"SERVICES+1.0V": [1.00456],"SERVICES+1.5V": [1.49106],"X1_POWER_MGTAVTT_N": [0.159563],"X1_POWER_VCCINT": [0.957938],"X1_POWER_VCCAUX": [0.131188],"X1_POWER_+1.8V": [1.07681],"X0_POWER_VCCINT": [0.956813],"X0_POWER_MGTAVTT_S": [0.140438],"X1_POWER_MGTVCCAUX_N": [1.79775],"X1_POWER_MGTAVCC_S": [0.122],"X1_POWER_MGTAVCC_N": [0.159375],"X1_POWER_MGTVCCAUC_S": [1.7985],"X1_POWER_MGTAVTT_S": [0.120875],"SERVICES_POWER_STANDBY_+3.3V": [3.32075],"SERVICES+1.8V": [1.805],"X0_POWER_MGTAVTT_N": [1.07506],"X1_POWER_+3.3V": [3.31025],"X0_POWER_+3.3V": [3.31575],"X0_POWER_MGTAVCC_S": [0.145938],"SERVICES+3.3V": [3.33313],"5V_SCALED": [4.95938],"Not Used": [3.06388],"X0_POWER_+1.8V_ANALOGUE": [1.78719],"X0_POWER_MGTAVCC_N": [0.144938],"X0_POWER_MGTVCCAUC_N": [1.78619],"X1_POWER_+1.8V_ANALOGUE": [1.79806],"X0_POWER_MGTVCCAUC_S": [1.7865],"ARTIX_MGTAVTT": [1.20113],}