{"X0_POWER_VCCAUX": [1.50125,1.26663,0.882625,1.05331,1.26663,1.52263,1.565,1.23463,1.05331,1.18131],"X0_POWER_+1.8V": [1.23463,1.52263,1.26663,1.05331,1.05331,1.565,1.49063,1.26663,0.882625,1.89613],"+12_SCALED": [0.337143,3.71086,0.785,0.2,0.2,0.785,1.04107,0.574786,0.2,0.2],"ARTIX_MGTAVCC": [2.256,1.33163,1.23463,1.05331,1.52013,1.43731,1.26663,1.05331,1.26663,1.52263],"SERVICES+1.0V": [1.33063,1.3945,1.13863,1.56525,1.18131,0.882625,1.564,1.14394,1.13863,1.05331],"SERVICES+1.5V": [1.26663,1.232,1.05331,1.33063,1.20669,1.5225,1.23463,1.564,1.21531,1.565],"X1_POWER_MGTAVTT_N": [0.530625,0.370625,0.2,0.2,0.536,0.413312,0.277313,0.2,0.2,0.326937],"X1_POWER_VCCINT": [0.279438,0.2,0.2,0.413312,0.413312,0.289313,0.2,0.2,0.54,0.541313],"X1_POWER_VCCAUX": [0.498625,0.413312,0.2,0.2,0.434625,0.413312,0.2,0.2,0.202625,0.541313],"X1_POWER_+1.8V": [0.541313,0.2,0.2,0.202813,0.6245,0.53,0.2,0.2,0.498625,0.2],"X0_POWER_VCCINT": [1.56525,1.13863,1.13863,1.18131,1.43731,1.39463,1.05331,0.946625,1.26663,1.906],"X0_POWER_MGTAVTT_S": [1.39463,1.49063,1.05331,1.05331,1.23463,1.56525,1.49063,1.09331,1.496,1.39263],"X1_POWER_MGTVCCAUX_N": [0.541313,0.53,0.2,0.2,0.453313,0.520313,0.2,0.2,0.536125,0.413312],"X1_POWER_MGTAVCC_S": [0.530625,0.2,0.2,0.2,0.453313,0.530625,0.2,0.2,0.2,0.370625],"X1_POWER_MGTAVCC_N": [0.453313,0.247625,0.2,0.2,0.349,0.541313,0.245313,0.2,0.2,0.413312],"X1_POWER_MGTVCCAUC_S": [0.541,0.2,0.2,0.216,0.498625,0.530625,0.2,0.2,0.2,0.7225],"X1_POWER_MGTAVTT_S": [0.2,0.466625,0.60525,0.2,0.2,0.530625,0.413312,0.2,0.2,0.541313],"SERVICES_POWER_STANDBY_+3.3V": [1.56525,1.21531,1.564,1.05331,1.14394,1.906,1.20669,1.564,1.56,1.05331],"SERVICES+1.8V": [1.06131,1.906,2.256,1.26663,1.05331,1.20794,1.34331,1.05331,1.05331,1.13863],"X0_POWER_MGTAVTT_N": [1.43731,1.33063,1.13863,1.23463,1.05331,1.50125,1.49063,1.23463,1.05331,1.564],"X1_POWER_+3.3V": [0.2,0.2,0.285313,0.60525,0.54,0.2,0.2,0.274625,0.604313,0.349313],"X0_POWER_+3.3V": [1.43725,1.05331,1.39463,1.43731,1.564,0.882625,1.09381,2.3765,1.565,1.05331],"X0_POWER_MGTAVCC_S": [1.13863,1.26663,1.43731,1.26663,1.05331,0.951688,1.906,1.26663,1.23463,1.3945],"SERVICES+3.3V": [0.530625,0.2,0.2,0.413312,0.54,0.2,0.2,0.28,0.562625,0.273313],"5V_SCALED": [0.2,0.2,0.241875,0.672321,0.550446,0.2,0.2,0.281875,0.946429,0.580893],"Not Used": [1.906,1.56525,1.13863,1.05331,1.26663,1.43731,1.21531,1.564,1.05325,1.08731],"X0_POWER_+1.8V_ANALOGUE": [1.43731,1.08531,1.308,1.13863,1.43731,1.52263,1.09331,1.05331,1.564,1.14269],"X0_POWER_MGTAVCC_N": [1.56525,1.13863,1.05331,1.13863,1.54531,1.11863,1.05331,1.37325,1.22331,1.564],"X0_POWER_MGTVCCAUC_N": [1.22394,1.13863,1.05331,1.39463,1.26663,1.18131,1.05331,1.09331,1.26663,1.20669],"X1_POWER_+1.8V_ANALOGUE": [0.541313,0.200625,0.2,0.2,0.464,0.562625,0.2,0.2,0.2,0.5305],"X0_POWER_MGTVCCAUC_S": [1.43731,1.14269,1.564,1.05331,1.39463,1.21594,1.37325,1.05331,1.3945,1.08531],"ARTIX_MGTAVTT": [1.904,1.33163,1.08531,1.394,1.565,1.21331,1.14269,1.13863,1.26663,1.39463],}