{"X0_POWER_VCCAUX": [0.131875,0.132188,0.131938,0.13225,0.132125,0.132063,0.132188,0.132,0.132688,0.131938,0.13225,0.131813,0.132188,0.131938,0.13225,0.132125,0.131938,0.132188,0.132125,0.132063,0.132063,0.132063,0.13225,0.131938,0.131938,0.132188,0.132313,0.132313,0.132313,0.132125,0.132063,0.132063,0.132125,0.132438,0.13225,0.132375,0.132063,0.1325,0.132188,0.132438,0.132125,0.132375,0.132313,0.132313,0.13225,0.132188,0.132063,0.132375,0.132313,0.132125],"X0_POWER_+1.8V": [0.3125,0.31275,0.312438,0.312313,0.3125,0.3125,0.3125,0.312688,0.312188,0.312563,0.312438,0.312563,0.31275,0.312563,0.3125,0.312563,0.3125,0.312375,0.3125,0.312688,0.312688,0.31275,0.312938,0.312,0.312563,0.312438,0.312563,0.312563,0.31275,0.312875,0.312438,0.31275,0.312375,0.312438,0.312625,0.3125,0.312563,0.3125,0.312688,0.312563,0.31275,0.312813,0.312688,0.312625,0.312625,0.312563,0.312438,0.312625,0.312625,0.31275],"+12_SCALED": [11.7857,11.7876,11.7861,11.7851,11.7855,11.7842,11.7857,11.7866,11.7851,11.7864,11.7846,11.7857,11.7853,11.7868,11.7844,11.7855,11.7864,11.7876,11.7859,11.7864,11.7872,11.7846,11.7851,11.7834,11.7825,11.7846,11.7864,11.7874,11.7874,11.7874,11.7868,11.7849,11.7842,11.7855,11.7838,11.7849,11.7876,11.7859,11.7853,11.7876,11.7855,11.7891,11.7861,11.7879,11.7851,11.7868,11.784,11.7846,11.784,11.7842],"ARTIX_MGTAVCC": [1.00694,1.00694,1.00706,1.00706,1.00631,1.00681,1.00644,1.00663,1.008,1.00788,1.00675,1.00713,1.00788,1.00675,1.00644,1.008,1.00613,1.0065,1.00731,1.00631,1.00644,1.00669,1.00669,1.00738,1.00731,1.0075,1.00656,1.00644,1.0075,1.00631,1.00656,1.00744,1.00663,1.00638,1.00625,1.00744,1.00713,1.00587,1.00656,1.00713,1.00769,1.00594,1.00688,1.00706,1.00619,1.00706,1.00763,1.00625,1.00638,1.00688],"SERVICES+1.0V": [1.00444,1.00069,1.00388,1.00538,1.00456,1.00406,1.00056,1.00331,1.00469,1.00644,1.00381,1.00606,1.00231,1.00206,1.00738,1.00094,1.00219,1.00531,1.00331,1.00125,1.00394,0.999813,1.00125,0.9975,1.00044,1.00106,0.999063,1.00356,1.00031,1.004,1.00619,1.00119,1.00331,1.00031,1.00169,1.00213,1.00156,1.004,1.00119,1.00256,1.00075,1.00169,1.00313,1.00081,1.002,1.00238,1.00069,1.00538,1.00106,1.00444],"SERVICES+1.5V": [1.49131,1.48944,1.49019,1.49013,1.49,1.49056,1.49019,1.49038,1.49019,1.49106,1.49088,1.49038,1.48981,1.48981,1.49081,1.49013,1.4905,1.49138,1.49044,1.48975,1.49069,1.49013,1.49038,1.49006,1.4895,1.49025,1.49031,1.49038,1.48994,1.49081,1.49013,1.49081,1.4905,1.48975,1.49138,1.49069,1.49044,1.49063,1.48944,1.49069,1.49013,1.48975,1.48938,1.49094,1.49138,1.48969,1.48975,1.49019,1.49069,1.49025],"X1_POWER_MGTAVTT_N": [0.159438,0.159188,0.15925,0.159188,0.159438,0.159375,0.159438,0.159375,0.15925,0.159313,0.159313,0.159313,0.15925,0.1595,0.159438,0.159375,0.159375,0.159313,0.159375,0.15925,0.159313,0.159563,0.159313,0.159188,0.159438,0.159438,0.159438,0.159313,0.159375,0.159313,0.159625,0.159438,0.159375,0.159375,0.159313,0.159438,0.159188,0.159313,0.159375,0.15925,0.1595,0.1595,0.159438,0.159438,0.159375,0.159313,0.159438,0.15925,0.159313,0.159188],"X1_POWER_VCCINT": [0.957313,0.958375,0.9585,0.957938,0.9585,0.957688,0.958375,0.958063,0.958438,0.957688,0.957688,0.95775,0.95825,0.958188,0.958438,0.95825,0.958063,0.959125,0.958438,0.95975,0.958625,0.958563,0.957188,0.959063,0.95775,0.958,0.9585,0.959188,0.95925,0.957813,0.958063,0.958375,0.958688,0.958375,0.958188,0.958938,0.9585,0.959,0.958313,0.957625,0.958063,0.959,0.958,0.958875,0.957688,0.957813,0.957625,0.958,0.958063,0.957063],"X1_POWER_VCCAUX": [0.131313,0.131375,0.131188,0.131313,0.13125,0.131438,0.131313,0.131375,0.13125,0.13125,0.131188,0.131375,0.131313,0.13125,0.131375,0.13125,0.131375,0.131313,0.131188,0.131375,0.131375,0.131188,0.13125,0.13125,0.131375,0.13125,0.131438,0.1315,0.131375,0.131375,0.131313,0.131313,0.131438,0.131313,0.131375,0.13125,0.131438,0.131375,0.131313,0.131438,0.13125,0.131313,0.13125,0.131313,0.13125,0.131438,0.131438,0.131375,0.131438,0.131313],"X1_POWER_+1.8V": [1.07525,1.18106,1.25213,1.23894,1.28019,1.25294,1.25106,1.23756,1.27106,1.30719,1.34619,1.30481,1.32863,1.33094,1.34475,1.29581,1.30144,1.32631,1.32519,1.317,1.28356,1.26475,1.28244,1.25775,1.25575,1.25738,1.26175,1.26956,1.29594,1.31075,1.35556,1.33613,1.34963,1.32144,1.31081,1.35306,1.32463,1.3185,1.29625,1.29569,1.30281,1.33006,1.33569,1.35638,1.33738,1.36313,1.36706,1.37544,1.41019,1.3605],"X0_POWER_VCCINT": [0.955688,0.956125,0.956125,0.9565,0.956375,0.95675,0.956438,0.956563,0.956563,0.956063,0.956688,0.956563,0.956375,0.95675,0.956813,0.956188,0.956375,0.956625,0.956313,0.956063,0.956188,0.956938,0.956313,0.956875,0.956313,0.95625,0.956625,0.956688,0.95675,0.956875,0.956438,0.956063,0.95625,0.957,0.956813,0.95625,0.956625,0.957375,0.956563,0.9565,0.956313,0.956313,0.956313,0.956563,0.956313,0.956563,0.95675,0.956313,0.956563,0.956813],"X0_POWER_MGTAVTT_S": [0.139938,0.140313,0.14025,0.140563,0.140313,0.14025,0.14,0.140438,0.14025,0.140188,0.140063,0.140313,0.140313,0.140313,0.140438,0.140188,0.140625,0.139938,0.140313,0.140313,0.140313,0.14025,0.140188,0.140563,0.140375,0.140188,0.140438,0.140125,0.140125,0.140125,0.140438,0.14025,0.140125,0.140438,0.140188,0.140438,0.140625,0.140125,0.140125,0.140188,0.140563,0.140563,0.14025,0.140188,0.140125,0.14025,0.140188,0.140313,0.140125,0.140375],"X1_POWER_MGTVCCAUX_N": [1.79831,1.79794,1.79863,1.798,1.79831,1.79731,1.79775,1.79844,1.79838,1.79881,1.79819,1.798,1.79831,1.79781,1.79794,1.79763,1.798,1.79788,1.79775,1.79769,1.798,1.79781,1.79756,1.798,1.79813,1.79813,1.79806,1.79788,1.79781,1.79781,1.79825,1.7975,1.79806,1.79781,1.79769,1.79806,1.79819,1.798,1.79763,1.79781,1.7975,1.79763,1.79806,1.7975,1.79806,1.79756,1.79844,1.7985,1.798,1.79838],"X1_POWER_MGTAVCC_S": [0.121938,0.121813,0.122,0.121938,0.121938,0.122,0.121813,0.121938,0.121875,0.121875,0.122,0.121938,0.121938,0.121938,0.121875,0.121938,0.121875,0.121938,0.121938,0.122063,0.121875,0.121875,0.122,0.121813,0.121938,0.121938,0.121875,0.121875,0.121938,0.121938,0.122,0.121938,0.121875,0.121938,0.121688,0.121938,0.121875,0.121813,0.121938,0.121938,0.121938,0.121938,0.121813,0.122,0.122,0.121875,0.121938,0.121813,0.122,0.121938],"X1_POWER_MGTAVCC_N": [0.159188,0.159188,0.159188,0.159125,0.159313,0.159125,0.159313,0.159188,0.159188,0.159188,0.159125,0.15925,0.159063,0.159188,0.159313,0.159188,0.159125,0.159,0.159188,0.159063,0.159188,0.15925,0.159125,0.159188,0.159125,0.159,0.159313,0.159188,0.159125,0.159188,0.159188,0.15925,0.159188,0.159125,0.159375,0.15925,0.159125,0.159188,0.159188,0.159375,0.159188,0.159125,0.159063,0.15925,0.159063,0.159188,0.15925,0.15925,0.159313,0.15925],"X1_POWER_MGTVCCAUC_S": [1.79781,1.79744,1.79781,1.79756,1.79806,1.79794,1.79788,1.79856,1.79831,1.79813,1.79825,1.79763,1.79775,1.79838,1.79788,1.79788,1.79788,1.79713,1.79781,1.79756,1.798,1.79825,1.7985,1.79831,1.79831,1.79813,1.79819,1.798,1.79775,1.79794,1.7975,1.798,1.79831,1.79831,1.79763,1.79775,1.798,1.79744,1.79744,1.798,1.79794,1.79813,1.79844,1.79806,1.79838,1.79788,1.79756,1.79838,1.79781,1.79794],"X1_POWER_MGTAVTT_S": [0.120563,0.120563,0.120625,0.1205,0.12075,0.120625,0.120625,0.120563,0.120563,0.12075,0.120813,0.120688,0.120563,0.120563,0.120688,0.1205,0.120625,0.1205,0.12075,0.1205,0.120688,0.120625,0.120563,0.1205,0.120625,0.120438,0.120813,0.120563,0.120813,0.120563,0.120625,0.120563,0.1205,0.120688,0.120625,0.120625,0.120563,0.120625,0.120625,0.120688,0.120625,0.120688,0.120688,0.120688,0.120688,0.120563,0.120625,0.120813,0.120688,0.120688],"SERVICES_POWER_STANDBY_+3.3V": [3.321,3.31925,3.32063,3.3175,3.32375,3.31963,3.3225,3.32269,3.32306,3.32019,3.32019,3.32125,3.32219,3.32294,3.321,3.32688,3.32244,3.31625,3.31938,3.31438,3.315,3.31938,3.32213,3.32113,3.328,3.31769,3.32081,3.32038,3.31156,3.31944,3.31981,3.3115,3.32344,3.32144,3.31894,3.3215,3.32306,3.321,3.32175,3.31606,3.30975,3.31981,3.316,3.32131,3.31906,3.31963,3.32081,3.313,3.31781,3.32081],