{"X0_POWER_VCCAUX": [0.779,0.861,0.958,1.036,1.032,1.024,0.991,1.0805,1.104,1.092],"X0_POWER_+1.8V": [0.848,0.8405,0.916,1,1.042,1.0245,1.004,1.053,1.136,1.164],"+12_SCALED": [0,0,0,0,0,0,0,0,0,0],"ARTIX_MGTAVCC": [1.13356,1.19638,1.23094,1.26475,1.28406,1.28594,1.30069,1.34944,1.35031,1.34844],"SERVICES+1.0V": [1.126,1.17731,1.24469,1.30025,1.32275,1.32,1.2935,1.30969,1.35456,1.34788],"SERVICES+1.5V": [1.11762,1.22475,1.23988,1.29263,1.30425,1.338,1.36569,1.38344,1.36869,1.395],"X1_POWER_MGTAVTT_N": [1.12306,1.17313,1.21744,1.20394,1.24144,1.28425,1.24956,1.21013,1.26406,1.27206],"X1_POWER_VCCINT": [1.067,1.155,1.17844,1.24494,1.29863,1.30331,1.32394,1.31775,1.28844,1.27194],"X1_POWER_VCCAUX": [1.12938,1.19269,1.21575,1.28406,1.25106,1.23206,1.25244,1.245,1.28681,1.26275],"X1_POWER_+1.8V": [1.13031,1.19288,1.21144,1.268,1.28913,1.2775,1.3185,1.28606,1.2685,1.29238],"X0_POWER_VCCINT": [0.784,0.89,0.978,1.011,1.044,1.064,1.036,1.044,1.0485,1.086],"X0_POWER_MGTAVTT_S": [0.767,0.936,0.952,1.01,1.053,1.108,1.1285,1.1,1.0965,1.09],"X1_POWER_MGTVCCAUX_N": [1.13731,1.30713,1.46394,1.56263,1.60238,1.56438,1.61469,1.61625,1.60456,1.585],"X1_POWER_MGTAVCC_S": [1.15556,1.20494,1.28794,1.29713,1.32456,1.33888,1.38631,1.37069,1.4105,1.37256],"X1_POWER_MGTAVCC_N": [1.15019,1.25494,1.269,1.31081,1.36588,1.3775,1.33419,1.36575,1.37963,1.34075],"X1_POWER_MGTVCCAUC_S": [1.12719,1.18606,1.19381,1.21181,1.26875,1.29288,1.28744,1.27044,1.30106,1.31581],"X1_POWER_MGTAVTT_S": [1.17381,1.24406,1.3115,1.36444,1.38706,1.36419,1.37625,1.32969,1.34956,1.32881],"SERVICES_POWER_STANDBY_+3.3V": [1.10869,1.18944,1.20463,1.21625,1.2055,1.247,1.30144,1.32025,1.3185,1.31688],"SERVICES+1.8V": [1.12569,1.18525,1.20644,1.26069,1.29638,1.325,1.33844,1.38856,1.38744,1.38806],"X0_POWER_MGTAVTT_N": [0.773,0.85,0.916,0.972,0.991,1.064,1.0485,1.044,1.146,1.146],"X1_POWER_+3.3V": [1.11363,1.20075,1.23606,1.26931,1.28831,1.266,1.28619,1.27494,1.31131,1.34544],"X0_POWER_+3.3V": [0.757,0.878,0.952,1.035,1.064,1.076,1.117,1.178,1.21,1.236],"X0_POWER_MGTAVCC_S": [0.762,0.888,0.978,1,1,1.008,1.034,1.032,1.024,0.987],"SERVICES+3.3V": [1.13194,1.19894,1.25338,1.27231,1.33056,1.35275,1.35056,1.34519,1.32963,1.3555],"5V_SCALED": [0,0,0,0,0,0,0,0,0,0],"Not Used": [1.25231,1.38869,1.51544,1.59994,1.70281,1.67944,1.69588,1.7465,1.72769,1.76431],"X0_POWER_+1.8V_ANALOGUE": [0.798,0.924,1.011,1.044,1.066,1.054,1.108,1.119,1.152,1.09],"X0_POWER_MGTAVCC_N": [0.78,0.856,0.948,0.98,1.028,1.01,1.044,1.062,1.042,1.064],"X0_POWER_MGTVCCAUC_N": [0.924,0.938,0.957,1.054,1.096,1.082,1.119,1.164,1.14,1.149],"X1_POWER_+1.8V_ANALOGUE": [1.1195,1.22294,1.23269,1.26163,1.27225,1.29875,1.30819,1.34569,1.30481,1.32606],"X0_POWER_MGTVCCAUC_S": [0.772,0.84,0.892,0.984,1.02,1.092,1.074,1.096,1.076,1.0965],"ARTIX_MGTAVTT": [1.15469,1.19213,1.20481,1.2485,1.22169,1.23306,1.25456,1.24256,1.28888,1.27644],}