{"X0_POWER_VCCAUX": [0.206,0.2,0.209312,0.206625,0.2,0.24,0.22,0.207813,0.226625,0.2],"X0_POWER_+1.8V": [0.2,0.221313,0.2,0.2,0.2,0.207062,0.214625,0.202937,0.2,0.24],"+12_SCALED": [0.2,0.2,0.216071,0.337143,0.250143,0.2,0.337143,0.337143,0.2,0.2],"ARTIX_MGTAVCC": [0.223312,0.221813,0.216,0.264,0.221313,0.226,0.206625,0.2405,0.206625,0.221313],"SERVICES+1.0V": [0.264,0.2,0.2,0.2,0.24,0.2,0.212,0.2405,0.24,0.209312],"SERVICES+1.5V": [0.24,0.24,0.24,0.2,0.223312,0.24,0.206125,0.24,0.2,0.226],"X1_POWER_MGTAVTT_N": [0.2,0.207313,0.2,0.212,0.2,0.24,0.200625,0.209,0.20925,0.24],"X1_POWER_VCCINT": [0.24,0.24,0.221313,0.207062,0.216,0.221,0.216,0.2,0.216,0.206125],"X1_POWER_VCCAUX": [0.24,0.2,0.2,0.221313,0.22125,0.221,0.20725,0.24,0.2405,0.2],"X1_POWER_+1.8V": [0.207813,0.22125,0.22125,0.215687,0.242,0.207813,0.2,0.20925,0.226,0.212],"X0_POWER_VCCINT": [0.2,0.2,0.264,0.264,0.2,0.2,0.216,0.2,0.209312,0.2],"X0_POWER_MGTAVTT_S": [0.2,0.24,0.22125,0.229313,0.2,0.200625,0.200625,0.22,0.24,0.20925],"X1_POWER_MGTVCCAUX_N": [0.221313,0.24,0.264,0.2,0.264,0.209312,0.264,0.221313,0.2,0.2],"X1_POWER_MGTAVCC_S": [0.221,0.264,0.216,0.221313,0.2,0.216,0.24,0.202625,0.22,0.214875],"X1_POWER_MGTAVCC_N": [0.202625,0.264,0.264,0.24,0.207938,0.2,0.207062,0.221,0.2405,0.2],"X1_POWER_MGTVCCAUC_S": [0.24,0.216,0.22125,0.22125,0.221313,0.214625,0.216,0.24,0.24,0.202625],"X1_POWER_MGTAVTT_S": [0.22,0.20675,0.221313,0.209312,0.200625,0.221313,0.22,0.264,0.2,0.202625],"SERVICES_POWER_STANDBY_+3.3V": [0.22125,0.2,0.2,0.2,0.22,0.2,0.24,0.2405,0.22,0.2],"SERVICES+1.8V": [0.221313,0.22125,0.226625,0.24,0.2,0.215687,0.226,0.2065,0.2,0.2],"X0_POWER_MGTAVTT_N": [1.08531,1.56525,1.565,1.56525,1.56525,1.09594,1.13863,1.18144,1.56525,1.565],"X1_POWER_+3.3V": [0.24,0.221313,0.24,0.207062,0.2,0.202937,0.2,0.216,0.229313,0.22],"X0_POWER_+3.3V": [0.24,0.203938,0.264,0.22,0.2,0.24,0.22125,0.2,0.202625,0.264],"X0_POWER_MGTAVCC_S": [0.207313,0.206875,0.2,0.2,0.216,0.221313,0.2,0.24,0.221313,0.209],"SERVICES+3.3V": [0.22,0.2,0.2,0.2,0.2,0.24,0.2,0.24,0.2,0.2],"5V_SCALED": [0.2,0.2,0.2,0.257143,0.2,0.2,0.230446,0.257857,0.257143,0.26],"Not Used": [1.228,1.564,1.565,1.18144,1.56525,1.56525,1.13863,1.565,1.56525,1.13863],"X0_POWER_+1.8V_ANALOGUE": [0.206688,0.264,0.2,0.2,0.216,0.22125,0.202625,0.202625,0.216,0.24],"X0_POWER_MGTAVCC_N": [0.2,0.24,0.2,0.2,0.2,0.209,0.226625,0.203938,0.206125,0.221313],"X0_POWER_MGTVCCAUC_N": [0.207062,0.216,0.221313,0.2,0.216,0.24,0.24,0.24,0.20725,0.2],"X1_POWER_+1.8V_ANALOGUE": [0.215687,0.2,0.264,0.207813,0.22125,0.22125,0.22,0.202625,0.24,0.2],"X0_POWER_MGTVCCAUC_S": [0.264,0.209312,0.24,0.202625,0.221313,0.24,0.206125,0.24,0.2,0.212],"ARTIX_MGTAVTT": [0.207813,0.2,0.209312,0.207813,0.2,0.264,0.22125,0.242,0.212,0.209],}