{"X0_POWER_VCCAUX": [1.05331,1.05331,1.43731,1.18344,1.05331,1.23463,1.49063,1.33063,0.882625,1.13863],"X0_POWER_+1.8V": [1.05331,1.50125,1.501,0.946688,1.09381,1.43731,1.906,1.23463,1.564,1.20669],"+12_SCALED": [0.2,1.28793,0.931357,0.2,0.2,0.2,1.27871,0.931357,0.2,0.2],"ARTIX_MGTAVCC": [1.43731,1.49063,1.05331,0.882625,1.18131,1.56525,1.50125,1.05331,1.564,1.26663],"SERVICES+1.0V": [1.43731,1.05331,1.05331,1.906,1.43731,1.564,0.882625,1.13863,1.20669,1.52263],"SERVICES+1.5V": [1.43731,1.22369,1.372,1.23463,1.565,1.49063,1.564,1.05325,1.20794,1.56525],"X1_POWER_MGTAVTT_N": [0.752,0.541,0.2,0.2,0.221,0.562625,0.498625,0.2,0.2,0.224],"X1_POWER_VCCINT": [0.7225,0.541,0.2,0.2,0.2005,0.413312,0.434625,0.2,0.2,0.247938],"X1_POWER_VCCAUX": [0.325813,0.509313,0.2,0.2,0.2,0.413312,0.541313,0.2,0.2,0.2],"X1_POWER_+1.8V": [0.349313,0.7545,0.2,0.2,0.357313,0.7545,0.2,0.2,0.562625,0.285313],"X0_POWER_VCCINT": [1.56531,1.18131,1.56,1.05331,1.48263,1.39463,1.23463,0.882625,1.26663,2.376],"X0_POWER_MGTAVTT_S": [1.49063,1.26663,1.05331,0.886688,1.26663,2.256,2.376,1.14269,1.13863,1.56525],"X1_POWER_MGTVCCAUX_N": [0.54125,0.2,0.2,0.242625,0.413312,0.466625,0.2,0.2,0.2,0.445312],"X1_POWER_MGTAVCC_S": [0.413312,0.304312,0.2,0.2,0.53,0.413312,0.290625,0.2,0.2,0.413312],"X1_POWER_MGTAVCC_N": [0.562625,0.54,0.2,0.2,0.2,0.514625,0.349313,0.2,0.2,0.349313],"X1_POWER_MGTVCCAUC_S": [0.498625,0.605313,0.253312,0.2,0.2,0.466625,0.60525,0.264,0.2,0.2],"X1_POWER_MGTAVTT_S": [0.60525,0.2,0.2,0.2,0.445813,0.447313,0.2,0.2,0.2,0.530625],"SERVICES_POWER_STANDBY_+3.3V": [1.56525,1.26663,1.39463,1.05325,1.26663,1.33063,1.13863,1.14269,0.882625,1.14269],"SERVICES+1.8V": [1.43731,1.05331,1.05331,1.21531,1.62925,1.18981,1.13863,1.564,1.18131,1.43731],"X0_POWER_MGTAVTT_N": [1.18131,1.56525,1.564,1.05331,1.18131,1.52263,1.33163,1.05331,1.13863,1.37325],"X1_POWER_+3.3V": [0.2,0.2,0.530625,0.466625,0.2,0.2,0.319875,0.528625,0.2,0.2],"X0_POWER_+3.3V": [1.62925,1.18131,1.05331,1.564,1.13863,1.33163,1.39463,1.2345,1.05331,1.26663],"X0_POWER_MGTAVCC_S": [2.256,2.3765,1.14269,1.564,1.43731,1.33163,1.565,1.05331,1.564,1.18131],"SERVICES+3.3V": [0.562625,0.2,0.2,0.2,0.541313,0.498625,0.2,0.2,0.2,0.722],"5V_SCALED": [0.558036,0.356161,0.2,0.2,0.413304,0.472321,0.413304,0.2,0.2,0.685714],"Not Used": [1.26663,1.21531,1.18131,1.05331,1.08731,1.9065,1.56531,1.21331,1.13863,1.08531],"X0_POWER_+1.8V_ANALOGUE": [1.56525,1.13863,0.950688,1.564,1.906,1.14269,0.882625,1.565,1.38125,2.256],"X0_POWER_MGTAVCC_N": [1.14269,2.256,1.21531,1.13863,1.26663,1.52263,1.18131,1.23463,1.23463,1.565],"X0_POWER_MGTVCCAUC_N": [1.23463,1.21531,1.906,1.23463,1.05331,1.26663,1.52263,1.37325,1.05331,1.08531],"X1_POWER_+1.8V_ANALOGUE": [0.306625,0.541313,0.466625,0.2,0.2,0.2,0.562625,0.386625,0.2,0.2],"X0_POWER_MGTVCCAUC_S": [1.21331,1.23463,2.256,1.52263,1.13863,1.13863,1.62925,1.906,1.56,1.564],"ARTIX_MGTAVTT": [1.906,1.18131,1.05331,1.05331,1.37325,2.3765,1.43731,0.887938,1.08531,1.21531],}