{"X0_POWER_VCCAUX": [1.43731,1.26663,0.839312,1.23463,1.52013,1.33163,1.26663,1.496,1.05331,1.26663],"X0_POWER_+1.8V": [1.43731,1.23463,1.05331,1.26663,1.49063,1.56525,1.06131,1.05331,1.26663,1.43731],"+12_SCALED": [1.22386,0.2,0.2,0.2,1.07579,0.931357,0.2,0.2,0.2,1.23307],"ARTIX_MGTAVCC": [1.564,1.56525,1.3945,1.18131,1.43731,1.13863,1.05331,1.18344,1.52263,1.26663],"SERVICES+1.0V": [1.13863,1.39463,1.26663,1.33163,1.26663,1.05331,1.05331,1.43731,1.52263,1.864],"SERVICES+1.5V": [1.23463,1.13863,1.49625,1.43731,1.26663,1.23463,1.05331,1.27063,1.56525,1.09531],"X1_POWER_MGTAVTT_N": [0.498625,0.2,0.2,0.214625,0.514625,0.297312,0.2,0.2,0.541313,0.413312],"X1_POWER_VCCINT": [0.562625,0.262625,0.2,0.2,0.752,0.34925,0.2,0.2,0.541,0.368],"X1_POWER_VCCAUX": [0.2,0.2,0.530625,0.530625,0.2,0.2,0.2,0.72,0.530625,0.2],"X1_POWER_+1.8V": [0.2,0.2,0.317313,0.562625,0.297312,0.2,0.2,0.413312,0.530625,0.2],"X0_POWER_VCCINT": [1.08731,1.43731,1.43731,1.05331,1.39463,0.950688,2.3765,1.864,1.08531,1.13863],"X0_POWER_MGTAVTT_S": [1.18131,1.904,1.39463,1.05325,1.05331,1.565,1.50125,1.26663,1.484,1.05331],"X1_POWER_MGTVCCAUX_N": [0.229313,0.2,0.2,0.445312,0.626,0.217312,0.2,0.2,0.445312,0.514625],"X1_POWER_MGTAVCC_S": [0.2,0.2,0.349313,0.605313,0.349313,0.2,0.2,0.322625,0.84,0.349313],"X1_POWER_MGTAVCC_N": [0.2,0.2,0.530625,0.423937,0.2,0.2,0.5305,0.530625,0.2,0.2],"X1_POWER_MGTVCCAUC_S": [0.2,0.2,0.528,0.4645,0.2,0.2,0.541,0.498625,0.2,0.2],"X1_POWER_MGTAVTT_S": [0.319875,0.2,0.2,0.445312,0.541313,0.216312,0.2,0.2,0.541313,0.434625],"SERVICES_POWER_STANDBY_+3.3V": [1.09863,1.13863,1.43731,1.23463,1.05331,1.48925,1.23463,1.56,1.26663,1.43731],"SERVICES+1.8V": [1.18131,1.564,1.20263,2.384,2.256,2.384,1.18344,1.56525,1.43731,1.18131],"X0_POWER_MGTAVTT_N": [1.43731,1.501,1.05331,1.05331,1.20669,1.56525,1.17713,1.23463,1.564,1.26663],"X1_POWER_+3.3V": [0.2,0.2,0.293312,0.413312,0.54,0.2,0.2,0.530625,0.530625,0.2],"X0_POWER_+3.3V": [1.08531,1.52131,1.906,1.904,1.564,1.13863,1.50131,1.906,1.20269,1.564],"X0_POWER_MGTAVCC_S": [1.26663,1.22331,1.13863,1.05331,1.20669,1.906,1.56525,1.13863,1.05331,1.08531],"SERVICES+3.3V": [0.302625,0.2,0.2,0.307875,0.530625,0.243625,0.2,0.2,0.434625,0.72],"5V_SCALED": [0.2,0.2,0.672143,0.626607,0.2,0.2,0.672321,0.383571,0.2,0.266607],"Not Used": [1.5225,1.05331,1.23463,2.248,1.62925,1.18131,1.05331,1.05331,1.43731,2.256],"X0_POWER_+1.8V_ANALOGUE": [1.906,2.256,1.906,1.564,1.23463,1.904,1.906,1.18131,1.05331,1.16263],"X0_POWER_MGTAVCC_N": [1.56525,1.43731,1.05331,1.05331,1.18131,1.43731,1.26663,1.05331,1.05331,1.06131],"X0_POWER_MGTVCCAUC_N": [1.18131,1.39463,1.30925,1.05325,1.05331,1.22131,2.3765,1.56525,0.882625,1.14269],"X1_POWER_+1.8V_ANALOGUE": [0.541313,0.541313,0.206625,0.2,0.2,0.528625,0.562625,0.2,0.2,0.2],"X0_POWER_MGTVCCAUC_S": [1.08531,1.43731,1.906,0.950688,1.05331,1.37325,2.256,1.39463,1.23463,1.564],"ARTIX_MGTAVTT": [1.05331,1.906,2.3765,1.43731,1.05331,1.05331,1.20669,1.61063,1.13863,1.13863],}