{"X0_POWER_VCCAUX": [1.52263,1.906,1.05331,1.05331,1.52263,1.56525,1.18131,1.13863,0.933313,1.26663],"X0_POWER_+1.8V": [1.52263,1.565,1.56,1.05325,1.26663,1.50125,1.564,1.05331,1.13863,1.906],"+12_SCALED": [1.36914,1.352,0.2,0.2,1.352,1.22386,0.561071,0.2,0.2,0.931357],"ARTIX_MGTAVCC": [1.56525,1.56,1.05331,1.18131,1.43731,1.18131,0.882625,1.564,1.18131,1.906],"SERVICES+1.0V": [1.08531,1.56525,1.43731,1.20669,1.05331,0.946688,1.21331,1.89613,1.565,1.05331],"SERVICES+1.5V": [1.08731,1.13863,1.43725,1.52013,1.18131,1.05331,1.05331,2.256,1.43731,0.950688],"X1_POWER_MGTAVTT_N": [0.2,0.2,0.498625,0.445312,0.2,0.2,0.2,0.530625,0.530625,0.2],"X1_POWER_VCCINT": [0.2,0.2,0.472,0.562625,0.370625,0.2,0.2,0.322625,0.541313,0.250625],"X1_POWER_VCCAUX": [0.2,0.2,0.413312,0.498625,0.275313,0.2,0.2,0.349,0.60525,0.2],"X1_POWER_+1.8V": [0.2,0.2,0.319875,0.413312,0.370625,0.2,0.2,0.349313,0.541313,0.322625],"X0_POWER_VCCINT": [1.18344,1.05331,1.39463,1.43731,1.43731,1.08531,1.564,1.05331,1.43731,1.21331],"X0_POWER_MGTAVTT_S": [1.43731,1.14269,1.3945,1.23463,1.56525,1.49063,1.23463,0.887938,1.05331,2.256],"X1_POWER_MGTVCCAUX_N": [0.2,0.371625,0.530625,0.236625,0.2,0.2,0.541,0.541313,0.219313,0.2],"X1_POWER_MGTAVCC_S": [0.2,0.293813,0.605,0.466625,0.2,0.2,0.274625,0.514625,0.4665,0.2],"X1_POWER_MGTAVCC_N": [0.2,0.222625,0.562625,0.445312,0.2,0.2,0.214625,0.498625,0.541,0.2],"X1_POWER_MGTVCCAUC_S": [0.2,0.2,0.274625,0.413312,0.413312,0.2,0.2,0.275313,0.541313,0.247625],"X1_POWER_MGTAVTT_S": [0.2,0.382625,0.498625,0.472,0.2,0.2,0.413312,0.530625,0.310625,0.2],"SERVICES_POWER_STANDBY_+3.3V": [1.904,1.309,1.05331,1.39463,1.43725,1.39213,1.05331,1.23463,1.565,1.26663],"SERVICES+1.8V": [1.05331,1.13863,1.43731,1.21331,1.05331,1.56,1.39463,1.26663,1.26663,1.05331],"X0_POWER_MGTAVTT_N": [1.43731,1.26663,1.26663,1.05331,1.565,2.248,1.43731,1.564,1.05325,1.18381],"X1_POWER_+3.3V": [0.2,0.2,0.258625,0.562625,0.4665,0.2,0.2,0.258625,0.530625,0.382625],"X0_POWER_+3.3V": [1.18131,1.23463,1.564,1.33063,1.18931,1.05331,1.564,1.05331,1.35131,1.14269],"X0_POWER_MGTAVCC_S": [1.906,1.906,1.564,1.308,1.05331,1.39463,1.18131,0.946625,1.564,1.39463],"SERVICES+3.3V": [0.2,0.2,0.498625,0.445312,0.2,0.2,0.2,0.530625,0.530625,0.2],"5V_SCALED": [0.2,0.2,0.504732,0.504732,0.260893,0.2,0.2,0.504732,0.687589,0.2],"Not Used": [1.39463,0.950688,0.882625,1.18131,1.43731,1.52263,1.05331,1.05331,1.18344,2.248],"X0_POWER_+1.8V_ANALOGUE": [1.08531,1.39463,1.26663,1.43731,1.18131,1.05331,1.564,1.23463,1.39463,1.26663],"X0_POWER_MGTAVCC_N": [1.39463,1.26663,1.05331,1.05331,1.26663,1.56525,1.26663,1.05531,1.13863,1.09381],"X0_POWER_MGTVCCAUC_N": [0.887938,1.23463,1.26663,1.43731,1.18131,1.05331,0.886688,1.51263,1.49063,1.18131],"X1_POWER_+1.8V_ANALOGUE": [0.2,0.2,0.24,0.541313,0.349313,0.2,0.2,0.536,0.7225,0.472],"X0_POWER_MGTVCCAUC_S": [1.906,1.564,1.05331,1.43731,1.49063,1.05331,1.564,1.39463,1.20669,1.21594],"ARTIX_MGTAVTT": [1.14269,1.23463,1.05331,1.18344,2.376,1.22131,1.05331,1.19063,1.26663,1.52263],}