{"SERVICES_POWER_STANDBY_+3.3V": [1.906,1.08531,1.565,1.56525,1.56531,1.46931,1.18331,1.21531,1.46931,1.52769],"ARTIX_MGTAVTT": [0.886625,1.565,1.32144,1.35194,2.384,2.256,1.47131,1.47731,1.56525,1.18131],"+12_SCALED": [1.37021,0.2,0.2,0.2,1.37021,1.37021,0.2,0.2,0.2,0.785],"5V_SCALED": [0.266607,0.931429,0.2,0.2,0.265446,0.687589,0.287589,0.2,0.2,0.626607],"SERVICES+3.3V": [0.54,0.518625,0.310625,0.2,0.2,0.413312,0.511313,0.285313,0.2,0.2],"SERVICES+1.8V": [1.565,1.33188,1.56531,1.56525,1.565,1.27063,1.47131,1.9065,1.56525,1.56531],"ARTIX_MGTAVCC": [1.20263,1.56531,1.56531,1.18131,1.28763,1.56531,1.33594,1.18131,1.904,1.56531],"SERVICES+1.0V": [1.565,1.33188,1.33594,1.56525,1.56525,1.43731,1.56531,1.56531,1.27088,1.18331],"SERVICES+1.5V": [1.565,1.56531,1.56531,1.565,1.13863,1.56525,2.416,1.67331,1.56525,1.56525],}