{"X0_POWER_VCCAUX": [1.14269,1.56525,1.18131,1.05331,1.05331,1.20669,1.52263,1.18131,1.05331,1.23463],"X0_POWER_+1.8V": [1.906,1.906,1.26663,1.05331,1.26663,2.248,1.43731,1.56525,1.56,1.23463],"+12_SCALED": [1.04107,0.798714,0.283143,0.2,0.2,2.01029,1.33357,0.2,0.2,0.2],"ARTIX_MGTAVCC": [1.43731,1.26663,1.05331,1.26663,1.906,1.22394,1.51613,1.23463,1.23463,1.21531],"SERVICES+1.0V": [1.09544,1.56525,1.18344,1.05331,1.05331,1.18344,1.43531,1.18131,1.05331,1.26663],"SERVICES+1.5V": [1.18131,1.43731,1.20669,1.23463,1.05331,1.43725,1.43731,1.26663,1.56,1.56],"X1_POWER_MGTAVTT_N": [0.848,0.54,0.2,0.2,0.302625,0.541313,0.374625,0.2,0.2,0.285313],"X1_POWER_VCCINT": [0.2,0.2,0.536,0.72,0.305313,0.2,0.2,0.536,0.541313,0.242625],"X1_POWER_VCCAUX": [0.498625,0.421313,0.2,0.2,0.2,0.530625,0.466625,0.2,0.2,0.2],"X1_POWER_+1.8V": [0.530625,0.7225,0.2,0.2,0.2,0.41325,0.530625,0.2,0.2,0.2],"X0_POWER_VCCINT": [1.43731,1.564,1.496,1.564,1.43731,1.565,1.308,1.05331,1.18131,1.56063],"X0_POWER_MGTAVTT_S": [1.564,1.52225,1.56525,1.564,0.829313,1.23463,1.18131,1.43731,1.26663,1.06131],"X1_POWER_MGTVCCAUX_N": [0.541,0.2,0.2,0.306625,0.528,0.371625,0.2,0.2,0.297312,0.453813],"X1_POWER_MGTAVCC_S": [0.453313,0.2,0.2,0.2,0.445312,0.541313,0.2,0.2,0.2,0.466625],"X1_POWER_MGTAVCC_N": [0.541313,0.349313,0.2,0.2,0.413312,0.517313,0.37,0.2,0.2,0.317313],"X1_POWER_MGTVCCAUC_S": [0.2,0.2,0.2,0.60525,0.386625,0.2,0.2,0.2,0.413312,0.413312],"X1_POWER_MGTAVTT_S": [0.455813,0.2,0.2,0.2,0.541313,0.445312,0.2,0.2,0.2,0.541313],"SERVICES_POWER_STANDBY_+3.3V": [1.906,1.26663,0.886688,1.564,1.20269,1.56525,1.501,1.13863,1.564,1.564],"SERVICES+1.8V": [1.33163,1.19131,1.05331,1.565,1.56525,1.39463,0.957313,2.256,1.43731,1.23463],"X0_POWER_MGTAVTT_N": [1.26663,1.49031,1.20669,1.564,1.362,1.13863,1.864,1.37331,1.05331,1.564],"X1_POWER_+3.3V": [0.349313,0.541313,0.311438,0.2,0.2,0.4665,0.562625,0.34925,0.2,0.2],"X0_POWER_+3.3V": [1.43731,1.564,1.05331,1.565,1.56525,1.26663,1.05331,1.23463,1.05331,1.49063],"X0_POWER_MGTAVCC_S": [1.564,1.43731,1.56525,1.05331,1.05331,1.05331,1.27063,1.39725,1.564,1.56],"SERVICES+3.3V": [0.2,0.2,0.498625,0.54125,0.2,0.2,0.2,0.528625,0.72,0.2],"5V_SCALED": [0.2,0.2,0.6875,0.672321,0.2,0.2,0.2,0.672321,0.946429,0.2],"Not Used": [1.49063,1.18131,1.56,1.234,1.18663,1.43731,1.18131,0.950688,1.05331,1.52263],"X0_POWER_+1.8V_ANALOGUE": [1.48531,1.23463,1.05331,1.906,1.56525,1.13863,1.05331,1.564,1.52263,1.906],"X0_POWER_MGTAVCC_N": [1.564,1.21331,1.52263,1.13863,1.05331,1.18131,1.906,1.22131,1.564,1.05331],"X0_POWER_MGTVCCAUC_N": [1.565,1.56,1.564,1.906,1.49063,1.05331,1.05331,1.39463,1.39463,1.26663],"X1_POWER_+1.8V_ANALOGUE": [0.2,0.2,0.2,0.498625,0.349313,0.2,0.2,0.2,0.530625,0.349313],"X0_POWER_MGTVCCAUC_S": [1.56525,1.56,1.05325,1.565,1.52263,1.26663,1.56,1.05331,1.18131,1.62925],"ARTIX_MGTAVTT": [1.906,1.20669,1.05331,1.05331,1.22394,2.384,1.50125,1.05331,1.13863,1.50125],}