{"X0_POWER_VCCAUX": [0.776,0.858,0.948,0.987,1.052,1.088,1.044,1.066,1.052,1.092],"X0_POWER_+1.8V": [0.86,0.884,0.927,1.03,1.011,1.053,1.101,1.086,1.136,1.1285],"+12_SCALED": [0,0,0,0,0,0,0,0,0,0],"ARTIX_MGTAVCC": [1.13294,1.19788,1.23219,1.25875,1.26706,1.29506,1.30438,1.32613,1.32475,1.31488],"SERVICES+1.0V": [1.12363,1.17656,1.24063,1.28763,1.2795,1.33306,1.34606,1.30944,1.35069,1.32669],"SERVICES+1.5V": [1.11588,1.22231,1.23388,1.26944,1.31144,1.36581,1.37563,1.40813,1.35356,1.33944],"X1_POWER_MGTAVTT_N": [1.12219,1.16031,1.183,1.24594,1.28681,1.25919,1.2565,1.23819,1.27263,1.28819],"X1_POWER_VCCINT": [1.06744,1.16025,1.18075,1.25731,1.25506,1.24556,1.29381,1.29281,1.28694,1.26856],"X1_POWER_VCCAUX": [1.13175,1.18869,1.19875,1.13844,1.20844,1.25781,1.25688,1.25244,1.23444,1.25556],"X1_POWER_+1.8V": [1.12894,1.19063,1.20444,1.24294,1.29444,1.2945,1.28425,1.25144,1.24375,1.29219],"X0_POWER_VCCINT": [0.78,0.8725,0.918,0.976,1.008,1.024,0.987,1.044,1.064,1.042],"X0_POWER_MGTAVTT_S": [0.762,0.916,0.816,0.884,0.954,1.044,1.062,1.044,1.077,1.1],"X1_POWER_MGTVCCAUX_N": [0.433188,0.764063,1.05431,1.27894,1.43881,1.51931,1.52181,1.52806,1.54144,1.511],"X1_POWER_MGTAVCC_S": [1.1545,1.20825,1.2745,1.32431,1.32488,1.33356,1.34088,1.3875,1.36838,1.39163],"X1_POWER_MGTAVCC_N": [1.14569,1.23075,1.27481,1.29344,1.30906,1.3455,1.30525,1.33738,1.35619,1.33706],"X1_POWER_MGTVCCAUC_S": [1.12413,1.17156,1.24194,1.30969,1.36688,1.39444,1.40706,1.44606,1.40425,1.42806],"X1_POWER_MGTAVTT_S": [1.16506,1.21419,1.28588,1.27931,1.34006,1.35663,1.33275,1.34531,1.30294,1.33156],"SERVICES_POWER_STANDBY_+3.3V": [1.10688,1.17475,1.22544,1.23656,1.26419,1.27525,1.31294,1.28081,1.25025,1.23113],"SERVICES+1.8V": [1.12694,1.19363,1.23225,1.27056,1.32331,1.33313,1.35969,1.36981,1.40588,1.43981],"X0_POWER_MGTAVTT_N": [0.773,0.86,0.956,1.028,0.991,1.0805,1.1,1.077,1.104,1.0965],"X1_POWER_+3.3V": [1.11213,1.19538,1.22388,1.23444,1.2535,1.23538,1.26981,1.29881,1.29656,1.28869],"X0_POWER_+3.3V": [0.756,0.868,0.884,0.94,0.968,0.976,1.008,1.013,1.0485,1.072],"X0_POWER_MGTAVCC_S": [0.772,0.84,0.878,0.927,1.028,0.991,1.034,0.8725,0.912,0.9645],"SERVICES+3.3V": [1.13469,1.21244,1.29381,1.30231,1.34981,1.341,1.38556,1.372,1.40031,1.41656],"5V_SCALED": [0,0,0,0,0,0,0,0,0,0],"Not Used": [1.20881,1.41719,1.51113,1.56131,1.62975,1.6725,1.62738,1.67169,1.64,1.62044],"X0_POWER_+1.8V_ANALOGUE": [0.788,0.904,0.927,1.044,1.086,1.152,1.116,1.168,1.168,1.176],"X0_POWER_MGTAVCC_N": [0.765,0.925,1,0.986,1.0485,1.076,1.086,1.128,1.018,1.053],"X0_POWER_MGTVCCAUC_N": [0.958,0.948,1.011,1.0805,1.14,1.17,1.18,1.183,1.232,1.218],"X1_POWER_+1.8V_ANALOGUE": [1.12781,1.1865,1.19456,1.23406,1.27988,1.36113,1.37706,1.34563,1.32231,1.32594],"X0_POWER_MGTVCCAUC_S": [0.7925,0.9165,0.968,1.01,1.052,1.09,1.052,1.0965,1.077,1.104],"ARTIX_MGTAVTT": [1.1425,1.21388,1.26594,1.28906,1.21644,1.22088,1.21469,1.27725,1.32531,1.30813],}