{"X0_POWER_VCCAUX": [1.13863,1.08731,1.56525,1.26663,0.882625,1.05331,1.56525,1.26663,1.05325,1.05331],"X0_POWER_+1.8V": [1.43731,1.21531,1.564,1.3945,1.565,1.26663,1.564,1.05331,1.21331,1.56525],"+12_SCALED": [1.33357,1.32629,0.2,0.2,0.4925,3.71086,0.931357,0.2,0.2,0.410214],"ARTIX_MGTAVCC": [1.43731,1.39463,1.05331,1.13863,1.13863,1.43731,1.43731,1.564,1.23463,1.564],"SERVICES+1.0V": [1.564,1.33163,1.18344,1.564,0.950688,1.26663,1.33163,1.565,1.13863,1.05331],"SERVICES+1.5V": [1.18131,1.05331,1.26663,1.43731,1.18131,1.05331,1.06131,1.43731,1.13863,1.05331],"X1_POWER_MGTAVTT_N": [0.2,0.2,0.455438,0.541313,0.2,0.2,0.2,0.498625,0.413312,0.2],"X1_POWER_VCCINT": [0.2,0.2,0.434625,0.445312,0.2,0.2,0.2,0.498625,0.423937,0.2],"X1_POWER_VCCAUX": [0.2,0.2,0.413312,0.530625,0.285313,0.2,0.2,0.54,0.498625,0.240125],"X1_POWER_+1.8V": [0.2,0.2,0.305313,0.562625,0.302625,0.2,0.2,0.305313,0.514625,0.41325],"X0_POWER_VCCINT": [1.43731,1.18131,1.14931,1.26663,1.21331,1.56525,1.06131,1.05331,1.13863,1.33163],"X0_POWER_MGTAVTT_S": [1.564,1.23463,1.08731,2.3765,1.56525,1.05331,1.564,1.08531,1.52263,1.26663],"X1_POWER_MGTVCCAUX_N": [0.2,0.2,0.317313,0.517313,0.413312,0.2,0.2,0.302625,0.530625,0.413312],"X1_POWER_MGTAVCC_S": [0.263438,0.2,0.2,0.517313,0.54,0.2,0.2,0.413312,0.498625,0.229313],"X1_POWER_MGTAVCC_N": [0.2,0.2,0.455938,0.41325,0.2,0.2,0.258625,0.584312,0.466625,0.2],"X1_POWER_MGTVCCAUC_S": [0.2,0.2,0.434625,0.541313,0.247938,0.2,0.2,0.477313,0.498625,0.2],"X1_POWER_MGTAVTT_S": [0.2,0.2,0.2,0.530625,0.466625,0.2,0.2,0.2,0.498625,0.530625],"SERVICES_POWER_STANDBY_+3.3V": [1.30931,1.56525,1.20263,1.05331,1.564,1.18131,1.906,1.26663,1.23463,1.05331],"SERVICES+1.8V": [1.13863,1.43731,1.43731,1.08531,1.05331,1.05331,1.39463,1.21331,1.13863,1.05331],"X0_POWER_MGTAVTT_N": [1.62925,1.18131,1.13863,1.20669,1.906,1.26663,1.05331,1.05331,1.906,1.565],"X1_POWER_+3.3V": [0.238625,0.541313,0.290625,0.2,0.208813,0.60525,0.297312,0.2,0.210625,0.514625],"X0_POWER_+3.3V": [1.56525,1.26663,1.496,1.05331,1.52263,2.376,1.43731,1.13863,1.05331,1.26663],"X0_POWER_MGTAVCC_S": [1.09331,1.05331,1.906,1.56525,1.20269,1.23463,1.496,1.20669,1.49863,1.08531],"SERVICES+3.3V": [0.2,0.313313,0.541313,0.247938,0.2,0.2,0.279375,0.541313,0.4665,0.2],"5V_SCALED": [0.2,0.2,0.672321,0.535179,0.2,0.2,0.2,0.945714,0.550446,0.2],"Not Used": [1.565,1.49063,1.05331,1.05325,1.05331,1.43731,1.26663,0.882625,1.08531,1.43731],"X0_POWER_+1.8V_ANALOGUE": [1.05331,1.50138,1.49063,1.05331,1.56,1.48263,1.39463,1.56,0.946688,1.43731],"X0_POWER_MGTAVCC_N": [1.23463,1.05331,1.43731,1.43731,1.18131,1.05331,1.05331,2.256,1.56531,1.15869],"X0_POWER_MGTVCCAUC_N": [1.564,1.23463,1.18131,2.384,1.33163,1.564,1.05331,2.376,1.50125,1.564],"X1_POWER_+1.8V_ANALOGUE": [0.2,0.2,0.246625,0.530625,0.2425,0.2,0.2,0.349313,0.541313,0.41325],"X0_POWER_MGTVCCAUC_S": [1.564,1.05331,1.43731,1.43731,1.05331,1.05331,1.56525,1.39463,1.05331,1.23463],"ARTIX_MGTAVTT": [1.43731,1.14269,1.08731,1.05331,1.09544,1.56525,2.256,1.20669,1.564,1.26663],}