{"X0_POWER_VCCAUX": [1.33194,1.56525,1.56525,1.906,1.46931,1.13863,1.13863,1.35194,1.52263,1.13863],"X0_POWER_+1.8V": [0.882625,1.56525,1.46931,1.56531,1.13863,1.56525,2.24863,1.47131,1.27063,1.56525],"+12_SCALED": [1.37021,0.2,0.2,0.206857,1.95543,0.247357,0.2,0.245643,1.28793,0.389643],"ARTIX_MGTAVCC": [1.27063,1.09531,1.56525,1.56531,2.416,1.46931,1.56525,1.56531,1.56531,1.56731],"SERVICES+1.0V": [1.09331,1.33594,1.47731,2.384,1.56525,1.27063,1.56531,1.56531,1.33188,1.56525],"SERVICES+1.5V": [1.564,1.56531,1.33188,1.56525,1.56525,1.56525,1.46931,1.47981,1.56531,1.56525],"X1_POWER_MGTAVTT_N": [0.2,0.2,0.456,0.455438,0.277313,0.2,0.2,0.317313,0.455938,0.536],"X1_POWER_VCCINT": [0.2,0.2,0.293312,0.541313,0.54,0.2,0.2,0.54125,0.455938,0.2],"X1_POWER_VCCAUX": [0.2,0.2,0.293312,0.54125,0.317313,0.2,0.2,0.322625,1.224,0.221313],"X1_POWER_+1.8V": [0.2,0.2,0.413312,0.54125,0.2,0.2,0.541313,0.421313,0.2,0.2],"X0_POWER_VCCINT": [1.18131,1.18131,1.56531,1.52663,2.416,1.27169,1.56525,1.46931,2.896,1.69331],"X0_POWER_MGTAVTT_S": [1.09331,1.35194,1.46931,1.56531,1.18131,1.27063,1.56531,1.56731,1.33188,1.56525],"X1_POWER_MGTVCCAUX_N": [0.2,0.285313,0.505437,0.413312,0.2,0.2,0.285313,0.445813,0.368,0.2],"X1_POWER_MGTAVCC_S": [0.2,0.2,0.455312,0.514625,0.2,0.2,0.2,0.413312,0.541313,0.2],"X1_POWER_MGTAVCC_N": [0.2,0.2,0.541,0.498625,0.261813,0.2,0.2,0.541,0.445813,0.254875],"X1_POWER_MGTVCCAUC_S": [0.2,0.413312,0.455938,0.2,0.2,0.305313,0.488625,0.2,0.2,0.2],"X1_POWER_MGTAVTT_S": [0.2,0.2,0.541313,0.54125,0.2,0.2,0.204625,0.541313,0.445312,0.2],"SERVICES_POWER_STANDBY_+3.3V": [1.56525,1.08531,1.565,1.35194,1.56531,2.76,1.22381,1.28763,2.768,1.69331],"SERVICES+1.8V": [1.565,1.9065,1.56531,1.65063,1.56525,1.20663,2.416,1.52688,1.56531,1.21531],"X0_POWER_MGTAVTT_N": [1.13863,1.56531,1.56531,1.13863,1.565,1.27063,2.768,1.56531,1.28769,1.21331],"X1_POWER_+3.3V": [0.541313,0.285313,0.2,0.242625,1.224,0.285313,0.2,0.472,0.541313,0.2],"X0_POWER_+3.3V": [1.20263,1.13863,1.906,1.69331,1.47131,1.27169,1.14269,1.56531,1.52663,1.47731],"X0_POWER_MGTAVCC_S": [1.13863,1.56531,1.56531,1.27063,1.56525,1.28763,2.77,1.90663,1.65063,1.56531],"SERVICES+3.3V": [0.2,0.2,0.541313,0.297312,0.2,0.2,0.517313,0.413312,0.2,0.2],"5V_SCALED": [0.504732,0.504732,0.2,0.2,0.6875,0.504732,0.2,0.2,0.562589,0.6875],"Not Used": [1.56531,1.28763,1.56531,2.248,1.72531,1.70131,1.56531,2.896,2.896,2.07731],"X0_POWER_+1.8V_ANALOGUE": [1.33594,1.56531,1.18131,1.56525,1.47131,2.77,1.56531,2.256,1.47981,1.52663],"X0_POWER_MGTAVCC_N": [1.18131,1.56531,1.33594,1.18131,1.56525,1.56525,1.46931,1.56531,1.56525,1.08531],"X0_POWER_MGTVCCAUC_N": [1.05331,1.05331,2.416,2.77,1.56525,1.21331,1.56531,1.46931,1.26663,1.13863],"X1_POWER_+1.8V_ANALOGUE": [0.541313,0.498625,0.2,0.2,0.457313,0.541313,0.2,0.2,0.321313,0.541313],"X0_POWER_MGTVCCAUC_S": [1.08531,1.565,1.56525,1.56531,2.384,1.20263,1.18131,2.768,1.69331,1.56531],"ARTIX_MGTAVTT": [1.56525,1.565,1.56525,2.258,2.77,1.56531,1.56525,2.384,1.69863,1.54369],}