{"X0_POWER_VCCAUX": [1.26663,1.27063,1.26663,1.23463,1.56,1.05331,1.49331,1.56525,1.23463,1.23463],"X0_POWER_+1.8V": [1.56,1.48263,1.18131,1.23463,0.882625,1.26663,1.39463,1.565,1.05331,1.13863],"+12_SCALED": [0.4445,1.22386,0.711929,0.2,0.2,0.227429,1.28793,1.36571,0.2,0.2],"ARTIX_MGTAVCC": [1.39463,1.26663,0.946625,1.23463,1.26663,1.906,1.39463,1.564,1.05331,1.26663],"SERVICES+1.0V": [1.49331,1.26663,0.927813,1.05331,1.906,1.18131,1.05325,1.564,1.49625,1.26663],"SERVICES+1.5V": [1.18131,1.56,0.887688,1.15463,1.13863,1.23463,1.308,1.21331,1.05331,1.496],"X1_POWER_MGTAVTT_N": [0.318625,0.2,0.2,0.434625,0.413312,0.28,0.2,0.2,0.541,0.514625],"X1_POWER_VCCINT": [0.413312,0.562625,0.226625,0.2,0.2,0.434625,0.584312,0.218,0.2,0.2],"X1_POWER_VCCAUX": [0.346625,0.2,0.2,0.349313,0.562625,0.319938,0.2,0.2,0.319875,0.626625],"X1_POWER_+1.8V": [0.445312,0.2,0.2,0.232125,0.517313,0.413312,0.2,0.2,0.215938,1.224],"X0_POWER_VCCINT": [1.18344,1.05331,1.564,1.43731,1.564,1.05325,1.18131,1.56525,1.13863,1.13863],"X0_POWER_MGTAVTT_S": [0.950688,1.08731,2.3765,1.56531,1.09663,1.564,1.18131,1.56525,1.565,1.05331],"X1_POWER_MGTVCCAUX_N": [0.2,0.2,0.349313,0.541313,0.2,0.2,0.349313,0.514625,0.2,0.2],"X1_POWER_MGTAVCC_S": [0.2,0.2,0.239938,0.514625,0.413312,0.2,0.2,0.242625,0.541313,0.287875],"X1_POWER_MGTAVCC_N": [0.2245,0.2,0.2,0.530625,0.541313,0.2,0.2,0.2,0.447313,0.712625],"X1_POWER_MGTVCCAUC_S": [0.472,0.7125,0.41325,0.2,0.2,0.322625,0.60525,0.317313,0.2,0.2],"X1_POWER_MGTAVTT_S": [0.413312,0.2,0.2,0.445312,0.370625,0.2,0.2,0.263313,0.498625,0.536],"SERVICES_POWER_STANDBY_+3.3V": [1.56525,1.49063,1.564,0.886688,1.564,1.906,1.43731,1.23463,1.234,1.13863],"SERVICES+1.8V": [1.05331,1.05331,1.18131,1.49063,1.23463,0.950688,1.26663,1.22369,1.23463,1.23463],"X0_POWER_MGTAVTT_N": [1.564,1.14269,1.21531,1.3945,1.05331,1.56525,1.26663,0.881375,1.564,1.20669],"X1_POWER_+3.3V": [0.530625,0.2,0.2,0.2,0.530625,0.72,0.2,0.2,0.2,0.722],"X0_POWER_+3.3V": [1.13863,2.256,1.33163,1.23463,1.05331,1.52263,1.565,1.23463,1.564,1.26663],"X0_POWER_MGTAVCC_S": [1.904,1.39463,0.950688,1.565,1.52263,1.565,0.797312,1.05331,1.43731,1.13863],"SERVICES+3.3V": [0.530625,0.541,0.2,0.2,0.258625,0.562625,0.413312,0.2,0.2,0.2],"5V_SCALED": [0.630446,1.11429,0.2,0.2,0.2,0.504732,0.931429,0.2,0.2,0.2],"Not Used": [1.13863,1.56525,1.05331,1.23463,1.05331,1.43731,1.38931,0.946625,1.05331,1.18131],"X0_POWER_+1.8V_ANALOGUE": [1.09331,1.906,1.49063,1.05331,1.23463,1.13863,2.248,1.43731,1.08531,1.3945],"X0_POWER_MGTAVCC_N": [1.18131,1.05331,1.56525,1.906,1.13863,1.05331,1.906,1.33163,1.30925,1.05331],"X0_POWER_MGTVCCAUC_N": [1.565,1.18344,1.56525,1.564,1.05331,1.05331,1.26663,1.26663,1.13863,1.05331],"X1_POWER_+1.8V_ANALOGUE": [0.216,0.848,0.466625,0.2,0.2,0.3285,0.498625,0.541,0.2,0.2],"X0_POWER_MGTVCCAUC_S": [1.562,1.52263,1.565,1.05331,1.08531,1.52013,1.49063,1.05331,1.05331,1.906],"ARTIX_MGTAVTT": [1.906,1.18131,1.23463,1.23463,1.18131,1.43731,1.26663,1.2345,1.23463,1.906],}