{"X0_POWER_VCCAUX": [1.12231,1.16256,1.19656,1.22119,1.22631,1.22756,1.25094,1.22969,1.26181,1.266],"X0_POWER_+1.8V": [1.06994,1.16163,1.19744,1.22819,1.24625,1.28225,1.27213,1.28794,1.23131,1.25469],"+12_SCALED": [0,0,0,0,0,0,0,0,0,0],"ARTIX_MGTAVCC": [1.127,1.18288,1.2525,1.26225,1.29544,1.30481,1.34619,1.25244,1.17156,1.23394],"SERVICES+1.0V": [1.12575,1.17881,1.25263,1.25244,1.2575,1.27413,1.32531,1.32219,1.33325,1.35688],"SERVICES+1.5V": [1.13169,1.19369,1.22719,1.25844,1.27788,1.33988,1.377,1.35125,1.34375,1.38694],"X1_POWER_MGTAVTT_N": [1.76756,1.7585,1.79175,1.7895,1.76263,1.79119,1.79375,1.75519,1.76694,1.79888],"X1_POWER_VCCINT": [1.2295,1.30994,1.39719,1.41438,1.41388,1.42713,1.46494,1.48831,1.48075,1.47788],"X1_POWER_VCCAUX": [1.73413,1.73569,1.7625,1.74863,1.72556,1.74338,1.76675,1.75231,1.72644,1.75163],"X1_POWER_+1.8V": [1.70819,1.68956,1.68275,1.70038,1.70463,1.68519,1.68788,1.71119,1.72044,1.70225],"X0_POWER_VCCINT": [1.13406,1.19894,1.23569,1.27225,1.30294,1.32925,1.33,1.31763,1.26144,1.25406],"X0_POWER_MGTAVTT_S": [1.119,1.21031,1.26763,1.23763,1.26219,1.27919,1.29038,1.28044,1.23569,1.26331],"X1_POWER_MGTVCCAUX_N": [1.85906,1.88113,1.87725,1.90344,1.9155,1.90181,1.88144,1.91188,1.92588,1.88906],"X1_POWER_MGTAVCC_S": [1.80469,1.77725,1.75944,1.80669,1.78519,1.76769,1.78081,1.7625,1.7935,1.79556],"X1_POWER_MGTAVCC_N": [1.7165,1.74775,1.74544,1.71506,1.72906,1.74631,1.738,1.71106,1.73194,1.74831],"X1_POWER_MGTVCCAUC_S": [1.72319,1.71669,1.69913,1.72094,1.73713,1.70644,1.6975,1.71406,1.73125,1.708],"X1_POWER_MGTAVTT_S": [1.7575,1.78456,1.78431,1.76038,1.74313,1.77613,1.77744,1.75531,1.78163,1.79181],"SERVICES_POWER_STANDBY_+3.3V": [1.10488,1.17281,1.22213,1.22294,1.22194,1.22806,1.12419,1.11969,1.215,1.26788],"SERVICES+1.8V": [1.54963,1.54988,1.54894,1.55063,1.54763,1.54925,1.54788,1.5465,1.54856,1.5485],"X0_POWER_MGTAVTT_N": [1.12344,1.17831,1.23681,1.267,1.28631,1.27013,1.25063,1.22369,1.24263,1.27506],"X1_POWER_+3.3V": [1.47444,1.49138,1.53769,1.52663,1.54256,1.54294,1.51044,1.49706,1.55219,1.5535],"X0_POWER_+3.3V": [1.10744,1.17563,1.22688,1.23631,1.26506,1.27613,1.313,1.25988,1.23481,1.25513],"X0_POWER_MGTAVCC_S": [1.12025,1.15863,1.18506,1.18913,1.20031,1.222,1.19181,1.21625,1.14756,1.21113],"SERVICES+3.3V": [1.54781,1.5485,1.54725,1.54894,1.54513,1.54963,1.54644,1.55006,1.54913,1.54644],"5V_SCALED": [0,0,0,0,0,0,0,0,0,0],"Not Used": [1.1845,1.3245,1.46581,1.62094,1.72269,1.81744,1.87906,1.91294,1.944,1.94719],"X0_POWER_+1.8V_ANALOGUE": [1.12606,1.18031,1.24963,1.24094,1.29,1.28694,1.27494,1.30194,1.33619,1.34844],"X0_POWER_MGTAVCC_N": [1.12188,1.16862,1.21056,1.26181,1.27419,1.31288,1.27719,1.24544,1.29906,1.31013],"X0_POWER_MGTVCCAUC_N": [1.15581,1.18488,1.19606,1.17181,1.22287,1.23494,1.15075,1.23894,1.20444,1.18113],"X1_POWER_+1.8V_ANALOGUE": [1.64275,1.6665,1.66263,1.63813,1.66281,1.676,1.66713,1.66844,1.63544,1.65363],"X0_POWER_MGTVCCAUC_S": [1.13044,1.19094,1.21681,1.21556,1.28694,1.28119,1.26163,1.24125,1.29763,1.301],"ARTIX_MGTAVTT": [1.13,1.18156,1.24763,1.20681,1.25869,1.24056,1.128,1.17213,1.22088,1.22438],}