{"X0_POWER_VCCAUX": [0.946688,1.05331,1.50125,1.565,1.05331,1.13863,1.52263,1.26663,1.2345,1.05331],"X0_POWER_+1.8V": [1.564,1.39463,1.56525,1.49063,1.13863,1.05331,1.26663,1.43731,1.18931,1.13863],"+12_SCALED": [0.2,0.2,1.33357,0.931357,0.2,0.2,0.364143,1.33357,0.931357,0.2],"ARTIX_MGTAVCC": [1.18663,2.376,1.43731,1.26663,1.05331,1.08531,2.256,1.47463,1.565,1.05331],"SERVICES+1.0V": [1.13863,1.90606,1.906,1.565,1.308,1.05331,1.43731,1.565,1.05331,1.05331],"SERVICES+1.5V": [1.26663,1.05331,1.373,2.248,1.56525,1.13863,1.05331,1.906,1.43731,1.05331],"X1_POWER_MGTAVTT_N": [0.310875,0.2,0.2,0.2,0.530625,0.445312,0.2,0.2,0.200625,0.498625],"X1_POWER_VCCINT": [0.285,0.514625,0.242625,0.2,0.2,0.445312,0.562625,0.28,0.2,0.2],"X1_POWER_VCCAUX": [0.541313,0.349,0.2,0.2,0.413312,0.514625,0.290625,0.2,0.2,0.413312],"X1_POWER_+1.8V": [0.541313,0.413312,0.2,0.2,0.349313,0.498625,0.306125,0.2,0.2,0.530625],"X0_POWER_VCCINT": [1.14269,1.05331,1.56525,1.27063,1.13863,1.564,1.18131,2.376,1.18131,1.05331],"X0_POWER_MGTAVTT_S": [1.43731,1.39463,1.05331,1.564,1.26663,1.49063,1.26663,1.23463,1.05331,1.521],"X1_POWER_MGTVCCAUX_N": [0.2,0.2,0.712625,0.54125,0.2,0.2,0.2,0.445312,0.530625,0.2],"X1_POWER_MGTAVCC_S": [0.2,0.2,0.2,0.498625,0.445312,0.2,0.2,0.2,0.530625,0.54125],"X1_POWER_MGTAVCC_N": [0.317313,0.2,0.2,0.349313,1.224,0.472,0.2,0.2,0.413312,0.498625],"X1_POWER_MGTVCCAUC_S": [0.297312,0.626625,0.349313,0.2,0.2,0.464,0.530625,0.536,0.2,0.2],"X1_POWER_MGTAVTT_S": [0.2,0.2,0.3705,0.434625,0.349313,0.2,0.2,0.349313,0.7225,0.302625],"SERVICES_POWER_STANDBY_+3.3V": [1.23463,1.26663,1.62925,1.18131,1.05331,1.564,1.18931,1.21531,1.13863,1.05331],"SERVICES+1.8V": [1.43731,1.565,1.3945,1.564,1.48063,1.43731,1.05531,1.13863,1.05331,1.49331],"X0_POWER_MGTAVTT_N": [1.906,1.22131,1.05331,1.906,1.26663,1.496,1.23463,1.56525,1.08531,1.496],"X1_POWER_+3.3V": [0.498625,0.2,0.2,0.2,0.530625,0.541,0.2,0.2,0.413312,0.7125],"X0_POWER_+3.3V": [1.52263,1.906,1.18131,0.950688,1.3945,1.13863,1.39463,1.29863,1.05331,1.05331],"X0_POWER_MGTAVCC_S": [1.52263,1.13863,1.13863,1.52263,2.256,2.376,1.906,1.05331,1.564,1.906],"SERVICES+3.3V": [0.455813,0.413312,0.2,0.2,0.229313,0.84,0.528,0.2,0.2,0.258625],"5V_SCALED": [0.535179,0.672321,0.2,0.2,0.2,0.672321,0.671429,0.2,0.2,0.2],"Not Used": [1.05331,1.43731,1.39463,1.18131,1.05331,1.05331,1.43731,1.21531,1.13863,1.05331],"X0_POWER_+1.8V_ANALOGUE": [1.26663,1.20669,1.20669,1.564,1.20669,1.20269,1.05331,1.43731,1.05331,1.564],"X0_POWER_MGTAVCC_N": [1.13863,1.56525,1.56525,1.23463,1.23463,1.26663,1.18131,1.05331,1.564,1.20269],"X0_POWER_MGTVCCAUC_N": [1.13863,1.56525,1.26663,1.05331,1.05331,1.14269,1.43731,1.33063,1.13863,1.05331],"X1_POWER_+1.8V_ANALOGUE": [0.2,0.562625,0.317313,0.2,0.2,0.3285,0.562625,0.4665,0.2,0.2],"X0_POWER_MGTVCCAUC_S": [1.56525,1.49863,1.05331,1.564,1.49625,1.49063,1.05331,1.564,1.56525,1.52013],"ARTIX_MGTAVTT": [1.08531,1.33163,1.904,1.05331,1.13863,1.565,1.49625,1.904,1.13863,1.05331],}