{"X0_POWER_VCCAUX": [1.05331,1.56525,1.35194,1.47731,1.56531,1.565,1.56531,1.56531,1.56525,1.05331],"X0_POWER_+1.8V": [1.564,1.13863,1.46931,1.56531,1.19331,1.18131,1.56531,1.47981,1.56531,1.56525],"+12_SCALED": [0.2,1.352,1.37021,0.421571,0.2,0.2,0.711929,1.07536,1.36571,0.2],"ARTIX_MGTAVCC": [1.18131,1.56531,1.56525,1.565,1.13863,1.27169,1.47181,1.56531,1.56525,1.18931],"SERVICES+1.0V": [1.34931,1.33188,1.30931,1.08531,1.56525,1.56531,1.56525,1.564,1.56525,1.56531],"SERVICES+1.5V": [1.09381,1.564,1.56525,1.56525,1.26663,1.05331,1.13863,1.27169,1.564,1.564],"X1_POWER_MGTAVTT_N": [0.541313,0.2,0.2,0.2,0.453313,0.541313,0.2,0.2,0.2,0.455938],"X1_POWER_VCCINT": [0.2,0.541313,0.541313,0.2,0.2,0.2,0.455813,0.541313,0.2,0.2],"X1_POWER_VCCAUX": [0.541313,0.2,0.2,0.2,0.413312,0.517313,0.2,0.2,0.2,0.541],"X1_POWER_+1.8V": [0.541313,0.54,0.2,0.2,0.848,0.54,0.2,0.2,0.54125,0.54125],"X0_POWER_VCCINT": [1.33188,2.384,1.56525,1.18131,1.43731,1.56531,1.18131,1.13863,1.35194,1.56531],"X0_POWER_MGTAVTT_S": [1.18131,1.56525,1.56531,2.768,1.56531,1.27063,1.18131,1.56531,2.77,1.69331],"X1_POWER_MGTVCCAUX_N": [0.2,0.541313,0.242625,0.2,0.2,0.541313,0.54,0.2,0.2,0.498625],"X1_POWER_MGTAVCC_S": [0.413312,0.2,0.2,0.242625,0.541313,0.218438,0.2,0.2,0.536,0.541313],"X1_POWER_MGTAVCC_N": [0.445312,0.2,0.2,0.261313,1.224,0.457313,0.2,0.2,0.2,0.488937],"X1_POWER_MGTVCCAUC_S": [0.2,0.413312,0.541313,0.247813,0.2,0.2,0.541,0.517313,0.265312,0.2],"X1_POWER_MGTAVTT_S": [0.285313,0.2,0.2,0.54125,0.509313,0.2,0.2,0.2,0.445312,0.541313],"SERVICES_POWER_STANDBY_+3.3V": [1.565,1.56531,1.56531,1.18131,1.565,1.56525,1.46931,1.56531,1.56525,1.56525],"SERVICES+1.8V": [1.565,1.565,1.27169,1.33594,1.18131,1.05331,1.27063,2.768,1.20669,1.08531],"X0_POWER_MGTAVTT_N": [1.564,1.28794,1.56531,1.27063,1.18131,1.28763,1.56531,1.27063,1.56525,2.384],"X1_POWER_+3.3V": [0.2,0.2,0.222625,0.541313,0.541,0.2,0.2,0.242625,0.498625,0.421313],"X0_POWER_+3.3V": [1.564,1.18131,2.768,1.56531,1.565,1.27063,1.56531,1.56525,1.18131,1.56525],"X0_POWER_MGTAVCC_S": [1.565,1.565,2.256,1.52663,1.56531,1.16338,1.26663,1.33594,1.47981,1.56531],"SERVICES+3.3V": [0.317313,0.506438,0.311438,0.2,0.2,0.349313,0.54125,0.349313,0.2,0.2],"5V_SCALED": [0.238036,0.687589,0.442857,0.2,0.2,0.321429,0.504732,0.504732,0.2,0.2],"Not Used": [1.09381,1.56531,1.56531,1.56531,1.9065,1.47131,2.896,1.69331,1.56531,1.27063],"X0_POWER_+1.8V_ANALOGUE": [1.565,1.56525,1.33594,1.56531,1.18131,1.18131,1.22381,2.768,1.56531,1.21331],"X0_POWER_MGTAVCC_N": [1.56531,1.43731,1.565,1.18131,1.56531,1.35194,1.13863,1.39463,1.33594,1.46931],"X0_POWER_MGTVCCAUC_N": [1.564,1.26663,1.33194,1.56525,1.13863,1.564,1.26663,1.56531,1.33188,1.08531],"X1_POWER_+1.8V_ANALOGUE": [0.2,0.326937,0.553313,0.54,0.2,0.2,0.456,0.498625,0.370625,0.2],"X0_POWER_MGTVCCAUC_S": [1.05331,1.56525,2.384,1.46931,1.19063,1.13863,1.33594,1.56531,1.56525,1.13863],"ARTIX_MGTAVTT": [1.27063,1.35194,1.33163,1.565,1.18131,1.33188,1.56531,1.27063,1.18131,1.18131],}