{"X0_POWER_VCCAUX": [0.78,0.861,0.968,0.952,0.991,1.068,1.028,0.991,1.074,0.957],"X0_POWER_+1.8V": [0.86,0.884,0.908,0.952,1.005,1.032,1.016,1.05,1.0845,1.114],"+12_SCALED": [0,0,0,0,0,0,0,0,0,0],"ARTIX_MGTAVCC": [1.12838,1.18206,1.25406,1.24494,1.30069,1.31725,1.28481,1.26569,1.28669,1.27081],"SERVICES+1.0V": [1.11944,1.21313,1.24925,1.21506,1.26256,1.23931,1.26044,1.2655,1.27344,1.28544],"SERVICES+1.5V": [1.10738,1.18288,1.24806,1.21381,1.26056,1.256,1.23638,1.25331,1.23306,1.24794],"X1_POWER_MGTAVTT_N": [1.106,1.16,1.16513,1.17319,1.19169,1.184,1.16288,1.17181,1.19081,1.18206],"X1_POWER_VCCINT": [1.06656,1.14663,1.21456,1.26694,1.27256,1.28144,1.23788,1.26325,1.25856,1.24313],"X1_POWER_VCCAUX": [1.12281,1.15238,1.16281,1.18438,1.14431,1.20788,1.22944,1.21481,1.23875,1.23444],"X1_POWER_+1.8V": [1.12444,1.16763,1.19681,1.20644,1.22906,1.21375,1.24538,1.26588,1.24744,1.26975],"X0_POWER_VCCINT": [0.798,0.916,0.962,0.94,0.958,1.018,1.042,1.028,0.987,1.032],"X0_POWER_MGTAVTT_S": [0.776,0.845,0.916,0.98,1.024,0.987,1.054,1.104,1.0965,1.074],"X1_POWER_MGTVCCAUX_N": [0.684313,0.941,1.10063,1.15338,1.14631,1.2075,1.22025,1.18438,1.17294,1.22931],"X1_POWER_MGTAVCC_S": [1.13963,1.16056,1.17256,1.19981,1.20644,1.21769,1.18481,1.17744,1.22138,1.16163],"X1_POWER_MGTAVCC_N": [1.13113,1.17944,1.21613,1.17688,1.21144,1.23906,1.23069,1.212,1.23381,1.226],"X1_POWER_MGTVCCAUC_S": [1.12644,1.18294,1.24344,1.28144,1.24113,1.26513,1.26556,1.26456,1.26544,1.26475],"X1_POWER_MGTAVTT_S": [1.13388,1.14913,1.18588,1.15638,1.15706,1.1155,1.19069,1.17394,1.19994,1.19075],"SERVICES_POWER_STANDBY_+3.3V": [1.10638,1.17813,1.23206,1.2385,1.26981,1.29256,1.28619,1.25975,1.24931,1.12363],"SERVICES+1.8V": [1.12056,1.15794,1.19981,1.25069,1.24494,1.26138,1.27213,1.30069,1.31456,1.27581],"X0_POWER_MGTAVTT_N": [0.798,0.904,0.918,0.98,1.016,1.054,1.092,1.0485,1.0805,1.0965],"X1_POWER_+3.3V": [1.11988,1.20988,1.23231,1.22488,1.21606,1.18819,1.17613,1.21331,1.25525,1.22256],"X0_POWER_+3.3V": [0.752,0.858,0.936,0.938,0.949,0.98,1.011,1.024,0.979,1.005],"X0_POWER_MGTAVCC_S": [0.765,0.9185,0.957,1.036,1.01,1.036,1.032,1.016,1.053,1.086],"SERVICES+3.3V": [1.12406,1.17588,1.24369,1.29531,1.29669,1.30244,1.3195,1.28825,1.27769,1.32906],"5V_SCALED": [0,0,0,0,0,0,0,0,0,0],"Not Used": [1.20981,1.41694,1.49944,1.592,1.60419,1.56731,1.57563,1.57444,1.57363,1.56956],"X0_POWER_+1.8V_ANALOGUE": [0.78,0.861,0.958,0.845,0.812,0.861,0.9645,0.944,0.968,0.958],"X0_POWER_MGTAVCC_N": [0.7665,0.94,0.936,0.948,0.984,1.028,0.991,1.076,1.068,1.05],"X0_POWER_MGTVCCAUC_N": [0.922,0.927,0.991,1.05,1.052,1.062,1.012,1.034,1.008,1.016],"X1_POWER_+1.8V_ANALOGUE": [1.11588,1.21431,1.27019,1.28388,1.24613,1.29044,1.271,1.28344,1.24675,1.29325],"X0_POWER_MGTVCCAUC_S": [0.788,0.881,0.927,1.012,1.03,0.991,1.012,1.024,0.978,0.991],"ARTIX_MGTAVTT": [1.13875,1.206,1.23619,1.25819,1.25225,1.23963,1.272,1.28731,1.26006,1.25706],}