{"X0_POWER_VCCAUX": [1.56531,1.56531,1.13863,1.18131,1.56531,1.47981,1.56531,1.56525,1.21581,1.56531],"X0_POWER_+1.8V": [1.20669,1.56531,1.56525,1.13863,1.22331,1.59731,1.56731,1.27063,1.56525,1.56525],"+12_SCALED": [1.18957,1.37021,0.2,0.2,0.2,1.37021,1.04107,0.2,0.2,0.221],"ARTIX_MGTAVCC": [1.56531,1.33188,1.565,1.21331,1.56531,1.33188,1.18131,1.56525,1.46931,1.56531],"SERVICES+1.0V": [1.22381,1.56531,1.28763,1.13863,1.18331,1.56531,1.56531,1.56531,1.56525,1.56525],"SERVICES+1.5V": [1.26663,1.56531,1.26663,1.565,1.56525,1.56531,2.768,2.416,1.56525,1.33594],"X1_POWER_MGTAVTT_N": [0.2,0.303937,0.541313,0.2,0.2,0.472,0.546625,0.2,0.2,0.54],"X1_POWER_VCCINT": [0.2,0.2,0.322938,0.457313,0.2,0.2,0.541,0.455938,0.2,0.2],"X1_POWER_VCCAUX": [0.541313,0.54,0.2,0.2,0.285313,0.514625,0.322938,0.2,0.2,0.309438],"X1_POWER_+1.8V": [0.541313,0.370625,0.2,0.2,0.2,0.509313,0.54125,0.2,0.2,0.2],"X0_POWER_VCCINT": [1.33588,1.13863,1.13863,1.56525,1.46931,1.47131,1.27063,1.56525,1.27063,1.52663],"X0_POWER_MGTAVTT_S": [1.56525,1.43731,2.256,1.13863,1.56525,2.888,1.59931,1.46931,1.22331,2.76],"X1_POWER_MGTVCCAUX_N": [0.2,0.2,0.455312,1.224,0.2,0.2,0.2,0.445312,0.455938,0.2],"X1_POWER_MGTAVCC_S": [0.2,0.2,0.541313,0.413312,0.2,0.2,0.498625,0.322625,0.2,0.2],"X1_POWER_MGTAVCC_N": [0.54125,0.413312,0.2,0.2,0.466625,0.455438,0.2,0.2,0.456313,0.541313],"X1_POWER_MGTVCCAUC_S": [0.413312,0.510625,0.245813,0.2,0.28,0.541313,0.456313,0.2,0.2,0.505313],"X1_POWER_MGTAVTT_S": [0.2,0.284,0.541313,0.54125,0.2,0.2,0.261313,0.498625,0.541,0.2],"SERVICES_POWER_STANDBY_+3.3V": [1.08531,1.39463,1.56531,1.56531,2.256,1.18131,2.768,1.59931,1.56531,1.56525],"SERVICES+1.8V": [1.18131,1.46931,2.256,1.18331,1.56525,1.56531,1.56731,1.56531,1.56525,1.56525],"X0_POWER_MGTAVTT_N": [1.56531,1.33188,1.56525,1.564,1.21581,2.768,2.77,2.77,2.77,2.77],"X1_POWER_+3.3V": [0.377313,0.445312,0.2,0.2,0.2,0.453313,0.498625,0.2,0.2,0.2],"X0_POWER_+3.3V": [1.32144,1.18131,1.565,1.565,1.9065,1.46931,1.56525,1.565,1.56525,1.56531],"X0_POWER_MGTAVCC_S": [1.21331,1.35194,2.416,1.27063,1.56531,2.768,2.77,1.59731,1.56525,1.33163],"SERVICES+3.3V": [0.2,0.455938,0.498625,0.2,0.2,0.203625,0.455938,0.541313,0.2,0.2],"5V_SCALED": [0.329821,0.629554,0.321875,0.2,0.2,0.687589,0.321875,0.2,0.217054,0.687589],"Not Used": [1.56525,1.52663,1.56531,1.56525,1.56531,1.72531,1.69331,2.77,1.56531,1.56531],"X0_POWER_+1.8V_ANALOGUE": [1.27063,1.13863,1.565,1.56525,1.56531,1.56531,1.18131,1.56525,1.46931,1.69331],"X0_POWER_MGTAVCC_N": [1.56525,1.35194,1.56525,1.18131,1.26944,1.56531,1.56731,1.56525,1.05331,1.56525],"X0_POWER_MGTVCCAUC_N": [1.21531,1.18131,1.14269,1.46931,1.54363,1.46931,1.22331,1.56525,1.56531,1.56731],"X1_POWER_+1.8V_ANALOGUE": [0.307438,0.2,0.2,0.37,0.541313,0.2,0.2,0.2,0.541,0.390625],"X0_POWER_MGTVCCAUC_S": [1.56531,1.56525,1.565,1.56525,1.56531,1.46931,1.56525,1.56525,1.56531,1.56531],"ARTIX_MGTAVTT": [1.56531,1.27063,1.56525,1.565,1.56525,1.35194,1.33188,1.56525,1.13863,1.56531],}