{"X0_POWER_VCCAUX": [0.772,0.836,0.884,0.932,0.962,0.957,1.0485,1.068,1.06,1.032],"X0_POWER_+1.8V": [0.842,0.7985,0.921,0.9865,1.053,1.0965,1.076,1.096,1.066,1.035],"+12_SCALED": [0,0,0,0,0,0,0,0,0,0],"ARTIX_MGTAVCC": [1.13388,1.20506,1.25075,1.23956,1.28606,1.27394,1.32025,1.29381,1.30206,1.32631],"SERVICES+1.0V": [1.12475,1.17956,1.24706,1.30625,1.32506,1.31619,1.29256,1.29063,1.27944,1.34625],"SERVICES+1.5V": [1.11725,1.21863,1.24575,1.32544,1.30894,1.36881,1.38619,1.3645,1.36625,1.37325],"X1_POWER_MGTAVTT_N": [1.12425,1.17,1.22519,1.25231,1.25806,1.27013,1.30763,1.35231,1.33756,1.372],"X1_POWER_VCCINT": [1.0645,1.14575,1.21806,1.16131,1.20244,1.24175,1.28056,1.24163,1.28163,1.25256],"X1_POWER_VCCAUX": [1.13681,1.19388,1.236,1.28544,1.28631,1.28169,1.26906,1.314,1.29488,1.31644],"X1_POWER_+1.8V": [1.12781,1.185,1.20994,1.29181,1.30794,1.36188,1.37269,1.41375,1.38063,1.35281],"X0_POWER_VCCINT": [0.788,0.89,0.968,0.984,1.032,1.012,1.044,1.052,1.086,1.112],"X0_POWER_MGTAVTT_S": [0.764,0.9165,0.968,0.986,1.054,1.104,1.108,1.1325,1.114,1.14],"X1_POWER_MGTVCCAUX_N": [1.07131,1.25156,1.35344,1.42269,1.46375,1.50419,1.47338,1.46463,1.51181,1.4865],"X1_POWER_MGTAVCC_S": [1.15456,1.20288,1.26581,1.30513,1.34231,1.37875,1.33869,1.37794,1.33769,1.36863],"X1_POWER_MGTAVCC_N": [1.15125,1.24569,1.33069,1.36431,1.39194,1.40438,1.40419,1.43338,1.44788,1.421],"X1_POWER_MGTVCCAUC_S": [1.1215,1.16838,1.20994,1.26588,1.28044,1.24281,1.28763,1.27213,1.29763,1.29563],"X1_POWER_MGTAVTT_S": [1.16456,1.21456,1.28644,1.26388,1.30794,1.36869,1.39525,1.4015,1.42356,1.413],"SERVICES_POWER_STANDBY_+3.3V": [1.10831,1.18375,1.25244,1.24313,1.28394,1.26744,1.29138,1.28244,1.2615,1.26944],"SERVICES+1.8V": [1.12587,1.18663,1.20231,1.26881,1.31731,1.31294,1.29881,1.33106,1.35744,1.36481],"X0_POWER_MGTAVTT_N": [0.767,0.92,0.968,0.978,1.018,1.068,1.064,1.0245,1.024,0.991],"X1_POWER_+3.3V": [1.114,1.2005,1.25531,1.279,1.34275,1.38206,1.35594,1.36719,1.40013,1.41006],"X0_POWER_+3.3V": [0.762,0.88,0.925,1.0125,1.032,1.012,1.044,1.036,1.044,1.064],"X0_POWER_MGTAVCC_S": [0.762,0.89,0.98,1.01,1.036,1.034,1.032,1.018,1.068,1.064],"SERVICES+3.3V": [1.12956,1.19475,1.23619,1.28738,1.29225,1.3055,1.34925,1.33144,1.35638,1.357],"5V_SCALED": [0,0,0,0,0,0,0,0,0,0],"Not Used": [1.24144,1.44575,1.51575,1.57413,1.57881,1.59688,1.65675,1.667,1.61206,1.61869],"X0_POWER_+1.8V_ANALOGUE": [0.78,0.874,0.9,0.856,0.954,1.024,0.968,0.976,1.016,1.053],"X0_POWER_MGTAVCC_N": [0.785,0.872,0.912,0.949,1.005,1.0245,0.9865,1.053,1.0965,1.067],"X0_POWER_MGTVCCAUC_N": [0.918,0.904,0.936,0.9645,0.972,1,1.011,1.054,1.104,1.0965],"X1_POWER_+1.8V_ANALOGUE": [1.12031,1.16881,1.21119,1.26406,1.2745,1.31219,1.2685,1.28463,1.26156,1.27331],"X0_POWER_MGTVCCAUC_S": [0.786,0.882,0.948,1,0.986,1.054,1.114,1.136,1.116,1.14],"ARTIX_MGTAVTT": [1.14406,1.21763,1.21263,1.26944,1.29481,1.29,1.272,1.29694,1.29981,1.307],}