{"X0_POWER_VCCAUX": [2.384,2.384,1.30931,1.27169,1.56531,1.33188,1.565,1.33188,1.56531,1.56531],"X0_POWER_+1.8V": [1.13863,1.565,1.33594,2.416,1.27063,1.56525,1.56531,1.56531,1.18131,1.27063],"+12_SCALED": [1.07021,0.931357,0.2,0.2,1.37,1.36914,0.2,0.2,1.37,1.37],"ARTIX_MGTAVCC": [1.35194,1.20669,1.56525,2.256,1.56731,1.9065,1.56525,1.56525,1.56525,1.56531],"SERVICES+1.0V": [1.56531,1.56525,1.05331,1.56525,2.76,1.46931,1.56525,1.56525,2.76,1.56531],"SERVICES+1.5V": [1.56525,1.565,1.565,1.56525,1.56531,1.28763,1.56525,1.56525,2.384,1.56531],"X1_POWER_MGTAVTT_N": [0.455938,0.2,0.2,0.2,0.370625,0.54125,0.2,0.2,0.219313,0.498625],"X1_POWER_VCCINT": [0.541313,0.413312,0.2,0.2,0.310875,0.514625,0.413312,0.2,0.2,0.293312],"X1_POWER_VCCAUX": [0.553313,0.2,0.2,0.2,0.445813,0.541313,0.2,0.2,0.2,0.445813],"X1_POWER_+1.8V": [0.297312,0.2,0.2,0.541313,0.413312,0.2,0.2,0.445312,0.541313,0.2],"X0_POWER_VCCINT": [1.43731,1.13863,1.18131,1.56531,1.56531,1.28763,1.56525,1.14269,1.56531,1.46369],"X0_POWER_MGTAVTT_S": [0.886625,1.18131,1.56531,1.56531,1.56525,1.13863,1.906,1.56531,1.46931,2.76],"X1_POWER_MGTVCCAUX_N": [0.2,0.2,0.2,0.541313,0.453313,0.2,0.2,0.2,0.541313,0.423937],"X1_POWER_MGTAVCC_S": [0.328,0.2,0.2,0.246625,0.712,0.536,0.2,0.2,0.413312,0.518625],"X1_POWER_MGTAVCC_N": [0.445312,0.2,0.2,0.306625,0.541313,0.541,0.2,0.2,0.2,0.541313],"X1_POWER_MGTVCCAUC_S": [0.541313,0.541,0.2,0.2,0.2,0.541313,0.541,0.2,0.2,0.2],"X1_POWER_MGTAVTT_S": [0.245313,0.2,0.2,0.54125,0.54125,0.242625,0.2,0.2,0.541313,0.509313],"SERVICES_POWER_STANDBY_+3.3V": [1.906,1.22381,1.565,1.56525,1.56531,2.768,1.56531,1.56525,1.27063,2.768],"SERVICES+1.8V": [1.56531,1.18131,1.13863,1.56531,1.56531,1.56531,1.27063,1.13863,1.46931,2.896],"X0_POWER_MGTAVTT_N": [1.05331,1.56525,1.52263,1.56531,1.13863,1.13863,1.35194,1.56531,1.56525,1.56525],"X1_POWER_+3.3V": [0.2,0.423313,0.541313,0.2,0.2,0.541313,0.54125,0.2,0.2,0.536],"X0_POWER_+3.3V": [1.27063,0.950625,1.18131,1.33188,1.47931,1.35194,1.56525,1.28763,1.56531,1.52663],"X0_POWER_MGTAVCC_S": [1.564,1.56525,1.46931,1.33594,1.21581,1.28763,1.56531,2.77,1.52769,2.384],"SERVICES+3.3V": [0.541313,0.2,0.2,0.2,0.445312,0.541313,0.2,0.2,0.2,0.445312],"5V_SCALED": [0.649464,0.339018,0.2,0.2,0.428571,0.649464,0.291161,0.2,0.2,0.685714],"Not Used": [1.56531,1.46931,2.384,1.56531,2.77,1.80263,1.56531,1.33163,1.56531,1.69331],"X0_POWER_+1.8V_ANALOGUE": [1.05331,2.416,1.52663,1.27169,1.56525,1.56531,1.56525,1.565,1.56525,1.56531],"X0_POWER_MGTAVCC_N": [1.565,1.28763,1.47731,1.56531,2.256,1.33163,1.47181,2.77,1.56531,1.21331],"X0_POWER_MGTVCCAUC_N": [1.906,1.21331,1.565,1.56531,1.9065,1.56525,1.13863,1.46931,1.56531,1.27063],"X1_POWER_+1.8V_ANALOGUE": [0.541313,0.505313,0.2,0.2,0.2,0.541313,0.498625,0.2,0.2,0.521313],"X0_POWER_MGTVCCAUC_S": [1.18131,1.565,1.56525,1.56531,1.46931,1.27063,1.18131,1.906,1.56531,1.56531],"ARTIX_MGTAVTT": [1.56531,1.09531,1.13863,1.33588,1.52663,1.46931,1.33163,1.28763,1.56531,1.56531],}