{"X0_POWER_VCCAUX": [1.564,1.564,1.26663,1.20263,1.565,1.496,1.564,1.26663,1.39463,1.05531],"X0_POWER_+1.8V": [1.05331,1.05331,1.43731,1.906,1.13863,1.23463,1.26663,1.906,1.56525,1.05331],"+12_SCALED": [1.32457,0.2,0.2,2.09257,0.931357,0.2,0.2,1.37021,0.778143,0.2],"ARTIX_MGTAVCC": [1.08531,1.19163,1.43731,1.43731,1.18131,1.05331,1.05331,1.20794,1.906,1.20794],"SERVICES+1.0V": [1.904,1.05331,1.565,1.56525,1.906,1.05331,1.564,1.39463,1.22131,1.26663],"SERVICES+1.5V": [1.09063,1.21331,1.904,1.05331,1.906,1.13863,1.13863,1.18131,1.43731,1.26663],"X1_POWER_MGTAVTT_N": [0.2,0.278625,0.530625,0.536,0.2,0.2,0.349313,0.562625,0.536,0.2],"X1_POWER_VCCINT": [0.2,0.2,0.302625,0.60525,0.413312,0.2,0.2,0.317313,0.562625,0.370625],"X1_POWER_VCCAUX": [0.2,0.2,0.453813,0.466625,0.2,0.2,0.261313,0.605,0.53,0.2],"X1_POWER_+1.8V": [0.2,0.2,0.530625,0.541313,0.2,0.2,0.2,0.72,0.712625,0.2],"X0_POWER_VCCINT": [1.43731,1.18931,1.05331,1.39463,1.43731,1.39463,1.13863,1.05331,1.48263,1.43731],"X0_POWER_MGTAVTT_S": [1.08531,2.384,1.56525,1.13863,1.21331,1.43731,1.18981,1.05331,1.13863,2.256],"X1_POWER_MGTVCCAUX_N": [0.2,0.2,0.2,0.541313,0.413312,0.2,0.2,0.541313,0.274625,0.2],"X1_POWER_MGTAVCC_S": [0.541,0.2,0.2,0.2,0.530625,0.261313,0.2,0.2,0.562625,0.472],"X1_POWER_MGTAVCC_N": [0.2,0.2,0.541313,0.72,0.2,0.2,0.536,0.530625,0.319625,0.2],"X1_POWER_MGTVCCAUC_S": [0.2,0.2,0.315375,0.562625,0.271313,0.2,0.252625,0.541313,0.413312,0.2],"X1_POWER_MGTAVTT_S": [0.2,0.514625,0.464125,0.2,0.2,0.541313,0.344,0.2,0.2,0.541313],"SERVICES_POWER_STANDBY_+3.3V": [1.18131,1.05331,1.565,1.43731,1.565,1.308,1.56,1.05331,1.22394,1.49863],"SERVICES+1.8V": [1.13863,1.26663,1.26663,1.14269,0.882625,1.18663,1.43731,1.18131,1.05331,1.13863],"X0_POWER_MGTAVTT_N": [1.06131,1.3945,1.906,2.256,1.43731,1.18663,1.26663,1.56525,1.43731,1.565],"X1_POWER_+3.3V": [0.2,0.2,0.541,0.541313,0.261313,0.2,0.2,0.541,0.60525,0.258625],"X0_POWER_+3.3V": [1.08531,1.13863,1.565,1.52263,1.565,0.882625,1.14269,1.43731,1.564,0.967313],"X0_POWER_MGTAVCC_S": [1.565,1.05331,1.13863,1.904,1.18131,1.05331,1.18131,1.43731,1.14269,1.05331],"SERVICES+3.3V": [0.84,0.2,0.2,0.245313,0.530625,0.2,0.2,0.349313,0.514625,0.2],"5V_SCALED": [0.2,0.2,0.6875,0.687589,0.2,0.2,0.2,0.626607,0.626607,0.2],"Not Used": [1.05331,1.05331,1.906,1.39463,1.906,1.05331,1.05331,1.21531,1.56531,1.565],"X0_POWER_+1.8V_ANALOGUE": [1.13863,0.886688,1.52263,1.43731,1.18131,1.23463,1.56,1.08531,1.33163,1.33163],"X0_POWER_MGTAVCC_N": [1.565,1.23463,1.43731,1.565,1.05331,1.52013,1.26663,1.05331,1.13863,1.50125],"X0_POWER_MGTVCCAUC_N": [1.564,1.23463,1.20669,1.43731,1.18131,0.887688,1.23463,1.56525,1.52263,1.26663],"X1_POWER_+1.8V_ANALOGUE": [0.2,0.2,0.445312,0.7125,0.2,0.2,0.2,0.541313,0.450625,0.2],"X0_POWER_MGTVCCAUC_S": [1.56525,1.05331,1.05331,1.43731,1.43731,1.904,1.23463,1.564,1.26663,1.906],"ARTIX_MGTAVTT": [1.18131,1.46131,1.37325,1.05331,1.26663,1.906,1.26663,1.05331,1.08531,1.43731],}