{"X0_POWER_VCCAUX": [0.776,0.853,0.927,1.0245,0.98,1.028,1.005,1.029,1.008,1.034],"X0_POWER_+1.8V": [0.8625,0.916,0.936,0.958,1.04,1.044,1.064,1.05,1.09,1.05],"+12_SCALED": [0,0,0,0,0,0,0,0,0,0],"ARTIX_MGTAVCC": [1.13631,1.20081,1.23656,1.27369,1.3205,1.29963,1.31519,1.28763,1.28444,1.26906],"SERVICES+1.0V": [1.12581,1.17625,1.2315,1.25713,1.26294,1.28106,1.25306,1.25106,1.24331,1.29788],"SERVICES+1.5V": [1.11169,1.19819,1.20556,1.25375,1.26081,1.27638,1.32706,1.32738,1.33875,1.36606],"X1_POWER_MGTAVTT_N": [1.13119,1.16531,1.19788,1.21869,1.21656,1.19644,1.21306,1.26581,1.27525,1.28413],"X1_POWER_VCCINT": [1.06556,1.14894,1.24344,1.28669,1.27256,1.29681,1.29756,1.30094,1.30388,1.32813],"X1_POWER_VCCAUX": [1.13244,1.18488,1.18819,1.19131,1.22469,1.22844,1.23556,1.26125,1.26544,1.27688],"X1_POWER_+1.8V": [1.13131,1.19638,1.24056,1.293,1.27994,1.33806,1.34888,1.29969,1.18544,1.20038],"X0_POWER_VCCINT": [0.788,0.893,0.9865,1.032,1.012,1.036,1.03,1.013,1.05,1.077],"X0_POWER_MGTAVTT_S": [0.765,0.927,1.013,1.0485,1.086,1.132,1.117,1.148,1.18,1.196],"X1_POWER_MGTVCCAUX_N": [1.11031,1.29563,1.4065,1.49356,1.50506,1.46719,1.52406,1.52606,1.53238,1.55381],"X1_POWER_MGTAVCC_S": [1.16344,1.22744,1.28006,1.28144,1.29619,1.34244,1.413,1.38244,1.37781,1.36481],"X1_POWER_MGTAVCC_N": [1.15219,1.19413,1.24175,1.31713,1.32144,1.33763,1.38294,1.3695,1.40375,1.43975],"X1_POWER_MGTVCCAUC_S": [1.12794,1.18688,1.196,1.21769,1.19656,1.21463,1.27506,1.313,1.26575,1.27425],"X1_POWER_MGTAVTT_S": [1.16819,1.23713,1.29944,1.33775,1.37981,1.35925,1.37144,1.41169,1.37456,1.42444],"SERVICES_POWER_STANDBY_+3.3V": [1.10588,1.1815,1.24631,1.29325,1.288,1.26994,1.30131,1.31344,1.27794,1.32819],"SERVICES+1.8V": [1.12313,1.18356,1.27769,1.34494,1.32263,1.33019,1.35481,1.34988,1.3405,1.38381],"X0_POWER_MGTAVTT_N": [0.7665,0.948,0.972,0.991,1.076,1.076,1.092,1.06,1.032,1.02],"X1_POWER_+3.3V": [1.11931,1.21813,1.202,1.22656,1.24369,1.29569,1.28688,1.16156,1.19075,1.19569],"X0_POWER_+3.3V": [0.764,0.897,0.89,0.972,0.979,1.012,1.044,1.052,1.084,1.108],"X0_POWER_MGTAVCC_S": [0.78,0.856,0.948,0.979,0.987,1.067,1.066,1.054,1.104,1.0965],"SERVICES+3.3V": [1.13138,1.202,1.248,1.2485,1.24881,1.24994,1.25538,1.27825,1.34394,1.39763],"5V_SCALED": [0,0,0,0,0,0,0,0,0,0],"Not Used": [1.23919,1.43869,1.5885,1.61994,1.64244,1.62506,1.6555,1.66675,1.61419,1.63163],"X0_POWER_+1.8V_ANALOGUE": [0.7925,0.908,0.927,1.024,0.976,1.008,1.018,1.0665,1.053,1.0965],"X0_POWER_MGTAVCC_N": [0.786,0.878,0.925,1.02,1.072,1.0665,1.05,1.0845,1.117,1.149],"X0_POWER_MGTVCCAUC_N": [0.922,0.927,1.012,0.986,1.044,1.068,1.064,1.0485,1.0845,1.117],"X1_POWER_+1.8V_ANALOGUE": [1.12131,1.166,1.20131,1.23094,1.25606,1.25213,1.237,1.26188,1.27375,1.3105],"X0_POWER_MGTVCCAUC_S": [0.779,0.872,0.9165,0.976,1.012,1.044,1.068,1.06,1.0345,1.04],"ARTIX_MGTAVTT": [1.14275,1.21688,1.21056,1.26294,1.21388,1.27531,1.32088,1.30081,1.31,1.33625],}