{"X0_POWER_VCCAUX": [0.788,0.884,0.936,0.957,1.04,1.02,1.074,1.064,1.035,1.03],"X0_POWER_+1.8V": [0.858,0.884,0.927,1.029,1,1.008,1.035,1.032,1.024,0.991],"+12_SCALED": [0,0,0,0,0,0,0,0,0,0],"ARTIX_MGTAVCC": [1.13894,1.20288,1.24463,1.301,1.31375,1.27638,1.32388,1.31825,1.28813,1.27563],"SERVICES+1.0V": [1.11994,1.2305,1.24763,1.30006,1.30006,1.3045,1.3175,1.281,1.24594,1.30406],"SERVICES+1.5V": [1.11713,1.2155,1.27806,1.32263,1.30488,1.32313,1.30231,1.31938,1.29856,1.30494],"X1_POWER_MGTAVTT_N": [1.11856,1.16344,1.193,1.19556,1.20944,1.24263,1.25938,1.24106,1.25675,1.23594],"X1_POWER_VCCINT": [1.06425,1.14775,1.2145,1.25694,1.26669,1.278,1.31725,1.27306,1.29331,1.28206],"X1_POWER_VCCAUX": [1.12475,1.16475,1.2,1.22125,1.20619,1.23681,1.25663,1.23844,1.25619,1.23375],"X1_POWER_+1.8V": [1.12788,1.18725,1.18988,1.20375,1.23763,1.25788,1.24288,1.28006,1.23419,1.24881],"X0_POWER_VCCINT": [0.784,0.881,0.964,0.9865,1.076,1.104,1.114,1.146,1.168,1.156],"X0_POWER_MGTAVTT_S": [0.78,0.858,0.958,1.04,1.05,1.0845,1.117,1.152,1.004,1.024],"X1_POWER_MGTVCCAUX_N": [0.409125,0.7635,1.05163,1.25225,1.29456,1.34219,1.39844,1.40131,1.40769,1.436],"X1_POWER_MGTAVCC_S": [1.142,1.23006,1.25338,1.24594,1.29913,1.29806,1.29763,1.29369,1.28313,1.25519],"X1_POWER_MGTAVCC_N": [1.14181,1.22431,1.22356,1.23013,1.2495,1.2265,1.23081,1.25063,1.23806,1.26869],"X1_POWER_MGTVCCAUC_S": [1.12019,1.16294,1.16506,1.20769,1.24056,1.27381,1.30956,1.33163,1.32638,1.30988],"X1_POWER_MGTAVTT_S": [1.1595,1.20181,1.22606,1.2255,1.22756,1.23463,1.24888,1.22475,1.23119,1.24906],"SERVICES_POWER_STANDBY_+3.3V": [1.11031,1.17794,1.22006,1.21275,1.27181,1.303,1.31306,1.27344,1.30981,1.34194],"SERVICES+1.8V": [1.12619,1.18806,1.20969,1.27913,1.34256,1.37756,1.33056,1.34338,1.38588,1.35881],"X0_POWER_MGTAVTT_N": [0.765,0.936,0.94,0.958,1.036,1.029,1.012,1.0485,1.076,1.0845],"X1_POWER_+3.3V": [1.10644,1.19162,1.20931,1.24219,1.26531,1.27213,1.29281,1.26475,1.25494,1.24794],"X0_POWER_+3.3V": [0.756,0.8725,0.924,1.024,1.012,1.068,1.077,1.114,1.148,1.178],"X0_POWER_MGTAVCC_S": [0.757,0.878,0.924,1.004,1.008,1.029,1.0105,1.042,1.0485,1.0805],"SERVICES+3.3V": [1.12744,1.19631,1.23725,1.28231,1.26831,1.3065,1.3435,1.37956,1.33863,1.36888],"5V_SCALED": [0,0,0,0,0,0,0,0,0,0],"Not Used": [1.22981,1.39813,1.52638,1.59244,1.61869,1.61713,1.6105,1.59244,1.64675,1.64431],"X0_POWER_+1.8V_ANALOGUE": [0.786,0.888,0.976,0.984,1.016,1.0805,1.116,1.108,1.1285,1.108],"X0_POWER_MGTAVCC_N": [0.776,0.8525,0.922,1,0.987,1.044,1.06,1.029,1.008,1.029],"X0_POWER_MGTVCCAUC_N": [0.98,0.9,0.912,0.964,0.9645,0.968,0.98,1.028,0.991,1.076],"X1_POWER_+1.8V_ANALOGUE": [1.12019,1.16469,1.18113,1.24625,1.296,1.2905,1.27169,1.29888,1.28681,1.2805],"X0_POWER_MGTVCCAUC_S": [0.794,0.912,0.976,1.036,1.062,1.068,1.0845,1.14,1.156,1.124],"ARTIX_MGTAVTT": [1.15081,1.24081,1.30081,1.336,1.36531,1.38375,1.36225,1.37056,1.403,1.42506],}