{"X0_POWER_VCCAUX": [1.14269,1.56525,1.906,1.13863,1.13863,1.56525,1.56525,1.3945,0.950688,1.21331],"X0_POWER_+1.8V": [1.5225,1.43731,1.18131,1.28831,1.13863,1.52013,1.56525,1.904,1.23463,1.23463],"+12_SCALED": [1.36914,0.931357,0.273071,0.2,0.2,0.931357,1.247,0.2,0.2,0.2],"ARTIX_MGTAVCC": [1.56525,1.05331,1.23463,1.564,2.256,1.39463,1.05331,1.13863,1.18144,1.56525],"SERVICES+1.0V": [1.906,1.33163,1.564,1.05331,1.18131,1.33163,1.05331,1.23463,1.14269,1.49063],"SERVICES+1.5V": [1.05331,1.565,1.50125,1.39463,1.56,0.882625,1.906,1.33063,1.564,1.05331],"X1_POWER_MGTAVTT_N": [0.317313,0.562625,0.2425,0.2,0.2,0.413312,0.562625,0.349313,0.2,0.2],"X1_POWER_VCCINT": [0.498625,0.2,0.2,0.2,0.413312,0.466625,0.2,0.2,0.349313,0.530625],"X1_POWER_VCCAUX": [0.2,0.518625,0.357313,0.2,0.2,0.261313,0.466625,0.4665,0.2,0.2],"X1_POWER_+1.8V": [0.2,0.541313,0.54125,0.2,0.2,0.2,0.541313,0.421313,0.2,0.2],"X0_POWER_VCCINT": [1.33063,1.05331,0.882625,1.33063,1.22394,1.13863,1.564,1.13863,1.56525,1.565],"X0_POWER_MGTAVTT_S": [1.05331,1.62413,1.27063,1.23463,1.05331,1.13863,1.906,1.39463,1.564,1.05325],"X1_POWER_MGTVCCAUX_N": [0.2,0.530625,0.60525,0.2,0.2,0.2,0.498625,0.530625,0.2,0.2],"X1_POWER_MGTAVCC_S": [0.2,0.243625,0.514625,0.528,0.2,0.2,0.270625,0.530625,0.413312,0.2],"X1_POWER_MGTAVCC_N": [0.2,0.2,0.541313,0.304312,0.2,0.2,0.498625,0.413312,0.2,0.2],"X1_POWER_MGTVCCAUC_S": [0.349313,0.2,0.2,0.445312,0.541313,0.2,0.2,0.2,0.453313,0.383313],"X1_POWER_MGTAVTT_S": [0.2,0.349313,0.562625,0.301313,0.2,0.2,0.349313,0.541313,0.310625,0.2],"SERVICES_POWER_STANDBY_+3.3V": [1.52263,1.565,1.3945,1.564,1.26663,1.22131,1.18131,1.23463,1.564,1.565],"SERVICES+1.8V": [1.18131,1.13863,1.05331,1.43731,1.33163,1.564,1.2345,1.05331,1.50131,1.906],"X0_POWER_MGTAVTT_N": [1.906,1.565,0.950688,1.5225,1.906,1.13863,1.05331,1.565,1.33163,1.39463],"X1_POWER_+3.3V": [0.2,0.541313,0.2,0.2,0.2,0.722,0.466625,0.2,0.2,0.447313],"X0_POWER_+3.3V": [1.26663,1.05331,1.564,1.43731,1.48431,1.56,0.882625,1.564,1.56525,1.43731],"X0_POWER_MGTAVCC_S": [1.13863,1.52263,1.21531,1.23463,1.3945,1.05331,1.43731,1.26663,1.05331,1.309],"SERVICES+3.3V": [0.311875,0.2,0.2,0.472,0.562625,0.349313,0.2,0.2,0.472,0.541313],"5V_SCALED": [0.504643,0.2,0.2,0.222768,0.624821,0.504732,0.2,0.2,0.2,0.931429],"Not Used": [1.49063,1.23463,0.797312,1.05331,1.14269,1.33163,1.18131,1.564,1.05331,1.13863],"X0_POWER_+1.8V_ANALOGUE": [1.52263,1.564,0.950688,1.26663,1.33163,1.05331,1.564,1.906,1.49063,1.3945],"X0_POWER_MGTAVCC_N": [1.05331,1.20269,1.43731,1.14394,1.05331,1.565,1.904,1.14269,1.05331,0.946688],"X0_POWER_MGTVCCAUC_N": [1.49063,1.05331,1.23463,1.26663,1.906,1.906,1.23463,1.05331,1.09544,1.56531],"X1_POWER_+1.8V_ANALOGUE": [0.357313,0.2,0.2,0.301313,0.514625,0.413312,0.2,0.2,0.307875,0.7545],"X0_POWER_MGTVCCAUC_S": [1.13863,1.52263,2.256,1.565,1.05331,1.52263,1.43731,1.26663,0.882625,1.43731],"ARTIX_MGTAVTT": [1.48063,1.05331,1.20269,1.43731,2.256,1.43725,0.950688,1.13863,1.33163,1.52263],}