{"X0_POWER_VCCAUX": [0.13225,0.131938,0.132125,0.1325,0.132313,0.132125,0.132188,0.132188,0.132438,0.132063],"X0_POWER_+1.8V": [0.312688,0.312938,0.312938,0.31275,0.312625,0.31275,0.312688,0.312438,0.312688,0.312625],"+12_SCALED": [11.7855,11.7834,11.7866,11.7842,11.7864,11.7853,11.7823,11.7857,11.7861,11.7842],"ARTIX_MGTAVCC": [1.00706,1.00688,1.00669,1.00713,1.00681,1.00644,1.00756,1.00619,1.008,1.00587],"SERVICES+1.0V": [1.00506,1.00131,1.00388,1.00338,1.00175,1.00188,1.00069,1.00356,1.00488,1.0045],"SERVICES+1.5V": [1.4905,1.4895,1.49144,1.49006,1.49006,1.49056,1.49063,1.49006,1.49038,1.49094],"X1_POWER_MGTAVTT_N": [0.159563,0.1595,0.159563,0.159438,0.159813,0.159563,0.159688,0.159438,0.159625,0.1595],"X1_POWER_VCCINT": [0.957563,0.958125,0.958188,0.958063,0.957563,0.95825,0.9575,0.958125,0.95775,0.957688],"X1_POWER_VCCAUX": [0.131375,0.131375,0.131625,0.131563,0.131438,0.131313,0.1315,0.131438,0.131438,0.131375],"X1_POWER_+1.8V": [1.07631,1.18144,1.25919,1.26794,1.29544,1.30519,1.33931,1.36919,1.38325,1.34919],"X0_POWER_VCCINT": [0.957375,0.956813,0.956688,0.95675,0.956938,0.957125,0.956625,0.957438,0.957125,0.957],"X0_POWER_MGTAVTT_S": [0.140438,0.140438,0.140563,0.140313,0.140438,0.140813,0.140625,0.1405,0.140313,0.140375],"X1_POWER_MGTVCCAUX_N": [1.79794,1.79813,1.79813,1.79831,1.79875,1.79769,1.79819,1.79819,1.79788,1.79775],"X1_POWER_MGTAVCC_S": [0.122063,0.122063,0.122063,0.122125,0.122125,0.122063,0.122,0.122,0.122,0.122],"X1_POWER_MGTAVCC_N": [0.159375,0.159188,0.159438,0.159438,0.159375,0.15925,0.159313,0.159438,0.159375,0.159375],"X1_POWER_MGTVCCAUC_S": [1.798,1.79856,1.79856,1.79806,1.79831,1.79769,1.79838,1.79825,1.79875,1.79838],"X1_POWER_MGTAVTT_S": [0.120813,0.120625,0.12075,0.12075,0.120813,0.12075,0.120688,0.120625,0.120813,0.120813],"SERVICES_POWER_STANDBY_+3.3V": [3.31719,3.32244,3.32713,3.32375,3.32256,3.31869,3.31606,3.316,3.32094,3.31331],"SERVICES+1.8V": [1.81581,1.81338,1.80569,1.80444,1.81331,1.81019,1.80719,1.80525,1.80944,1.8135],"X0_POWER_MGTAVTT_N": [1.07406,1.1685,1.21025,1.24144,1.28438,1.26281,1.27544,1.32544,1.3165,1.28544],"X1_POWER_+3.3V": [3.31231,3.313,3.304,3.31119,3.31681,3.314,3.30725,3.30244,3.30944,3.316],"X0_POWER_+3.3V": [3.31369,3.32319,3.31456,3.31975,3.31863,3.31381,3.3255,3.32219,3.31375,3.3225],"X0_POWER_MGTAVCC_S": [0.14625,0.145938,0.145938,0.145938,0.146188,0.145938,0.146,0.145938,0.14625,0.146063],"SERVICES+3.3V": [3.33975,3.33906,3.32756,3.3335,3.336,3.333,3.32913,3.3385,3.33456,3.33544],"5V_SCALED": [4.96259,4.96446,4.96152,4.96277,4.96009,4.96366,4.96313,4.96125,4.96,4.96152],"Not Used": [3.17175,2.87931,2.74694,2.6325,2.47431,2.367,2.34731,2.27163,2.28238,2.22],"X0_POWER_+1.8V_ANALOGUE": [1.7865,1.78663,1.78688,1.78688,1.78663,1.78675,1.78656,1.78625,1.786,1.78613],"X0_POWER_MGTAVCC_N": [0.145313,0.145625,0.145,0.145,0.145063,0.144875,0.144688,0.144688,0.145,0.144938],"X0_POWER_MGTVCCAUC_N": [1.78613,1.78644,1.78594,1.78619,1.78631,1.78681,1.787,1.78688,1.78606,1.78669],"X1_POWER_+1.8V_ANALOGUE": [1.79794,1.79769,1.79775,1.79813,1.798,1.79763,1.79813,1.7985,1.798,1.79825],"X0_POWER_MGTVCCAUC_S": [1.7865,1.78638,1.78669,1.78556,1.78625,1.78619,1.78619,1.78625,1.7865,1.78663],"ARTIX_MGTAVTT": [1.20063,1.20125,1.20131,1.20106,1.20106,1.20113,1.20094,1.20063,1.20063,1.20063],}