{"X0_POWER_VCCAUX": [0.765,0.927,1.004,1.011,1.036,1.03,1.028,1.012,1.042,1.0605],"X0_POWER_+1.8V": [0.858,0.872,0.884,0.957,1.04,1.0485,1.067,1.004,1.034,1.032],"+12_SCALED": [0,0,0,0,0,0,0,0,0,0],"ARTIX_MGTAVCC": [1.13163,1.19356,1.21969,1.22638,1.24338,1.30069,1.32231,1.30706,1.34231,1.38094],"SERVICES+1.0V": [1.11988,1.23219,1.25844,1.26763,1.292,1.2825,1.26081,1.27581,1.32138,1.30475],"SERVICES+1.5V": [1.11425,1.21419,1.28669,1.28019,1.25919,1.2785,1.33331,1.34738,1.31869,1.27131],"X1_POWER_MGTAVTT_N": [1.12131,1.159,1.18238,1.25019,1.22506,1.21731,1.20525,1.24113,1.26944,1.28094],"X1_POWER_VCCINT": [1.06444,1.15219,1.1915,1.22781,1.2625,1.28931,1.29756,1.32706,1.34338,1.39675],"X1_POWER_VCCAUX": [1.12888,1.19031,1.20325,1.23125,1.2475,1.303,1.30775,1.322,1.28994,1.27906],"X1_POWER_+1.8V": [1.13056,1.1865,1.19638,1.22444,1.23,1.23569,1.26831,1.29419,1.28856,1.26413],"X0_POWER_VCCINT": [0.788,0.896,0.904,0.927,1.018,1.036,1.052,1.082,1.077,1.068],"X0_POWER_MGTAVTT_S": [0.762,0.893,1.011,1.036,1.036,1.052,1.101,1.1,1.096,1.0805],"X1_POWER_MGTVCCAUX_N": [1.12694,1.27431,1.41894,1.46125,1.4955,1.51444,1.50313,1.54969,1.52363,1.53375],"X1_POWER_MGTAVCC_S": [1.15581,1.20788,1.2815,1.27063,1.31838,1.30231,1.33831,1.37681,1.31825,1.31175],"X1_POWER_MGTAVCC_N": [1.14731,1.25331,1.25331,1.24956,1.24506,1.31144,1.36038,1.3435,1.38044,1.34163],"X1_POWER_MGTVCCAUC_S": [1.13006,1.18706,1.21719,1.23188,1.27531,1.33519,1.373,1.41194,1.38169,1.36025],"X1_POWER_MGTAVTT_S": [1.16806,1.24125,1.28863,1.27269,1.3165,1.28919,1.28394,1.269,1.30281,1.33594],"SERVICES_POWER_STANDBY_+3.3V": [1.10919,1.18675,1.19306,1.20775,1.25263,1.23981,1.27744,1.32844,1.32375,1.30606],"SERVICES+1.8V": [1.12669,1.19319,1.22994,1.2735,1.32875,1.34631,1.325,1.33088,1.35775,1.36319],"X0_POWER_MGTAVTT_N": [0.772,0.852,0.922,1,1,1.008,1.032,1.018,1.01,1.042],"X1_POWER_+3.3V": [1.12275,1.16463,1.199,1.21956,1.22494,1.23669,1.25763,1.24869,1.238,1.26838],"X0_POWER_+3.3V": [0.752,0.84,0.884,0.936,0.9525,1.004,1.012,1.042,1.052,1.082],"X0_POWER_MGTAVCC_S": [0.772,0.836,0.868,0.893,1,0.986,1.044,1.0605,1.036,1.03],"SERVICES+3.3V": [1.13175,1.20175,1.27244,1.34731,1.34956,1.354,1.3635,1.39744,1.41119,1.39713],"5V_SCALED": [0,0,0,0,0,0,0,0,0,0],"Not Used": [1.24956,1.37569,1.55738,1.61381,1.62269,1.652,1.64919,1.64969,1.65469,1.67325],"X0_POWER_+1.8V_ANALOGUE": [0.788,0.89,0.957,1.05,1.0485,1.068,1.054,1.1,1.072,1.068],"X0_POWER_MGTAVCC_N": [0.767,0.9165,0.972,0.958,1.036,1.028,1.012,1.044,1.0485,1.0845],"X0_POWER_MGTVCCAUC_N": [0.92,0.9,0.922,1.0125,1.052,1.05,1.086,1.136,1.116,1.112],"X1_POWER_+1.8V_ANALOGUE": [1.12181,1.17094,1.245,1.31625,1.29706,1.28006,1.26244,1.27675,1.31344,1.27525],"X0_POWER_MGTVCCAUC_S": [0.78,0.863,0.984,1.024,0.991,1.077,1.096,1.064,1.044,1.076],"ARTIX_MGTAVTT": [1.14581,1.21688,1.20956,1.25919,1.26325,1.2705,1.29131,1.28306,1.2555,1.24613],}