{"X0_POWER_VCCAUX": [1.56525,1.39463,1.05331,1.13863,1.565,1.56525,1.56,1.05325,1.05331,1.26663],"X0_POWER_+1.8V": [1.14269,1.564,1.565,1.39463,1.23463,1.05325,1.05331,1.43731,1.18131,1.14281],"+12_SCALED": [0.2,0.2,1.19879,0.2,0.2,0.4925,1.44329,0.200429,0.2,0.2],"ARTIX_MGTAVCC": [1.14269,2.256,1.906,1.05331,1.13863,1.565,1.50125,1.13863,1.11663,1.13863],"SERVICES+1.0V": [1.26663,1.906,1.26663,0.829313,1.05331,1.906,1.56525,1.13863,1.23463,1.23463],"SERVICES+1.5V": [1.13863,1.56525,1.906,1.05331,1.05331,1.43725,1.43731,1.08531,1.23463,1.23463],"X1_POWER_MGTAVTT_N": [0.2,0.2,0.238625,0.498625,0.53,0.2,0.2,0.223312,0.498625,0.415313],"X1_POWER_VCCINT": [0.2,0.215625,0.7225,0.421813,0.2,0.2,0.208312,0.530625,0.421313,0.2],"X1_POWER_VCCAUX": [0.284,0.2,0.2,0.445312,0.413312,0.2,0.2,0.413312,0.848,0.2],"X1_POWER_+1.8V": [0.2,0.541313,0.5305,0.2,0.2,0.413312,0.466625,0.2,0.2,0.530625],"X0_POWER_VCCINT": [1.906,1.43731,1.18131,1.23463,1.05331,1.56525,1.18131,1.564,1.05331,1.23463],"X0_POWER_MGTAVTT_S": [1.26663,1.13863,1.08531,1.43731,1.43731,1.48063,1.23463,1.13863,1.43725,1.22331],"X1_POWER_MGTVCCAUX_N": [0.2,0.306625,0.413312,0.413312,0.2,0.2,0.306625,0.541313,0.413312,0.2],"X1_POWER_MGTAVCC_S": [0.2,0.2,0.413312,0.514625,0.2,0.2,0.2,0.344,0.541313,0.238625],"X1_POWER_MGTAVCC_N": [0.2,0.2,0.310625,0.60525,0.370625,0.2,0.2,0.370625,0.605,0.347625],"X1_POWER_MGTVCCAUC_S": [0.2,0.2,0.445312,0.530625,0.2,0.2,0.2,0.413813,0.501312,0.2],"X1_POWER_MGTAVTT_S": [0.2,0.2,0.498625,0.445312,0.2,0.2,0.2,0.498625,0.445312,0.2],"SERVICES_POWER_STANDBY_+3.3V": [1.565,1.906,1.21531,1.06131,1.05331,1.14269,1.50125,1.14269,1.13863,1.373],"SERVICES+1.8V": [1.26663,1.56525,1.565,1.05331,1.05331,1.09331,1.87213,1.43731,1.13863,1.05331],"X0_POWER_MGTAVTT_N": [1.52263,1.26663,1.05331,1.522,1.26663,1.33163,1.56525,1.13863,1.05331,1.26663],"X1_POWER_+3.3V": [0.2,0.2,0.413312,0.514625,0.204125,0.2,0.2,0.421813,0.530625,0.2],"X0_POWER_+3.3V": [1.56525,1.26663,1.05531,1.56,0.887938,2.256,1.62925,1.18131,1.05331,1.14269],"X0_POWER_MGTAVCC_S": [1.565,1.05331,1.09381,1.56525,1.906,1.565,1.23463,1.13863,1.39463,1.18131],"SERVICES+3.3V": [0.2,0.413312,0.530625,0.2,0.2,0.2,0.4665,0.752,0.277313,0.2],"5V_SCALED": [0.2,0.356339,0.687589,0.413214,0.2,0.2,0.352321,0.653304,0.426607,0.2],"Not Used": [1.12263,1.901,1.62925,1.26663,1.13613,1.26663,1.52013,1.26663,1.08781,1.05325],"X0_POWER_+1.8V_ANALOGUE": [1.565,1.39463,1.565,1.56525,1.08531,1.05331,1.13863,1.56525,1.23463,1.56],"X0_POWER_MGTAVCC_N": [1.56525,1.49063,0.882625,0.886688,1.39463,1.56525,1.05331,1.564,1.20669,1.39213],"X0_POWER_MGTVCCAUC_N": [2.3765,1.43731,1.564,1.08531,1.33163,1.26663,1.23463,1.17613,1.26663,1.26663],"X1_POWER_+1.8V_ANALOGUE": [0.2,0.2,0.54,0.722,0.2,0.2,0.349313,0.562625,0.2,0.2],"X0_POWER_MGTVCCAUC_S": [1.21331,1.43731,1.13863,1.564,1.26663,1.43731,1.20269,1.564,1.05331,1.564],"ARTIX_MGTAVTT": [1.56525,1.22331,1.26663,1.13863,1.08531,1.21531,1.43731,1.18131,1.05331,1.564],}