{"X0_POWER_VCCAUX": [1.56525,1.26663,1.2345,1.05331,1.20669,1.43731,1.26663,1.56,1.13863,2.256],"X0_POWER_+1.8V": [1.43731,1.13863,1.23463,1.564,1.56525,1.56525,1.23463,1.05331,1.39463,1.21531],"+12_SCALED": [1.23757,0.2,0.2,0.2,1.33357,0.931357,0.2,0.2,0.2,1.11414],"ARTIX_MGTAVCC": [1.21544,1.864,1.51663,1.05331,1.52263,0.946688,1.09381,1.62663,1.565,1.23463],"SERVICES+1.0V": [1.52263,1.13863,1.13863,1.23463,1.18131,1.56525,1.39463,1.234,1.05325,2.248],"SERVICES+1.5V": [1.39463,1.05331,1.3945,1.564,1.52013,1.49063,1.13863,0.882625,1.05331,1.56525],"X1_POWER_MGTAVTT_N": [0.2,0.498625,0.415938,0.2,0.2,0.530625,0.41325,0.2,0.2,0.6025],"X1_POWER_VCCINT": [0.2,0.2,0.53,0.413312,0.2,0.2,0.421313,0.530625,0.2,0.2],"X1_POWER_VCCAUX": [0.498625,0.2,0.2,0.2,0.498625,0.520313,0.2,0.2,0.2,0.498625],"X1_POWER_+1.8V": [0.7225,0.225313,0.2,0.2,0.5305,0.498625,0.214375,0.2,0.2,0.54125],"X0_POWER_VCCINT": [2.24813,1.43725,1.05331,1.37325,1.50125,1.56525,1.23463,0.950688,1.08731,1.50125],"X0_POWER_MGTAVTT_S": [1.18131,1.43731,1.26663,0.950688,1.05331,1.43725,1.56525,1.13863,1.05331,1.05331],"X1_POWER_MGTVCCAUX_N": [0.536,0.541313,0.239625,0.2,0.2,0.413312,0.413312,0.28525,0.2,0.2],"X1_POWER_MGTAVCC_S": [0.562625,0.264313,0.2,0.2,0.421313,0.450625,0.284,0.2,0.2,0.423313],"X1_POWER_MGTAVCC_N": [0.349313,0.2,0.2,0.541313,0.322625,0.2,0.301313,0.445312,0.319625,0.2],"X1_POWER_MGTVCCAUC_S": [0.605313,0.349313,0.2,0.2,0.562625,0.349313,0.2,0.251312,0.605,0.370625],"X1_POWER_MGTAVTT_S": [0.247938,0.514625,0.253312,0.2,0.261313,0.542625,0.413312,0.2,0.2,0.415812],"SERVICES_POWER_STANDBY_+3.3V": [1.13863,1.22394,1.50125,1.09331,1.05331,1.39463,1.43731,1.09063,1.13863,1.56525],"SERVICES+1.8V": [1.43731,1.43731,1.13863,1.05331,1.52263,1.90606,1.43731,1.13863,1.13863,2.25606],"X0_POWER_MGTAVTT_N": [1.56525,1.501,1.05325,1.564,1.13863,2.25,1.43731,1.564,1.05331,1.13863],"X1_POWER_+3.3V": [0.562625,0.317313,0.2,0.2,0.464,0.562625,0.203625,0.2,0.2,0.54125],"X0_POWER_+3.3V": [2.376,2.384,1.18131,1.26663,1.56525,1.43731,1.565,1.05325,1.05331,1.26663],"X0_POWER_MGTAVCC_S": [1.43731,1.906,1.13863,1.564,1.564,1.18131,1.56525,1.564,0.887688,1.564],"SERVICES+3.3V": [0.366313,0.6265,0.2,0.2,0.2,0.5305,0.530625,0.2,0.2,0.2],"5V_SCALED": [0.413304,0.778929,0.344732,0.2,0.2,0.504732,0.2,0.221875,0.672321,0.413304],"Not Used": [1.43731,1.13863,1.37325,1.52263,1.50125,1.49063,1.05331,1.23463,1.05331,1.9065],"X0_POWER_+1.8V_ANALOGUE": [1.20669,1.23463,1.23463,1.43731,1.43731,1.56263,1.05325,1.37325,1.50125,1.906],"X0_POWER_MGTAVCC_N": [1.33163,1.43731,1.05331,1.05331,1.08731,1.56525,1.21331,1.08531,1.05331,1.26663],"X0_POWER_MGTVCCAUC_N": [1.564,1.23463,1.26663,1.39463,1.20669,1.05331,1.05331,1.43731,1.905,1.50138],"X1_POWER_+1.8V_ANALOGUE": [0.2,0.2,0.5285,0.732,0.279375,0.2,0.2,0.466625,0.60525,0.263313],"X0_POWER_MGTVCCAUC_S": [1.43731,1.496,1.13863,1.43731,1.864,1.565,1.23463,1.05331,1.18131,1.62925],"ARTIX_MGTAVTT": [1.49863,1.52263,1.13863,1.23463,1.05331,1.49063,1.906,1.13863,1.13863,1.37325],}