{"X0_POWER_VCCAUX": [1.50125,1.23463,1.564,1.39463,1.48263,1.26663,0.950688,1.13863,1.43731,1.49863],"X0_POWER_+1.8V": [1.52013,1.05331,1.564,1.22131,1.56525,1.05331,1.23463,1.05331,1.50125,1.56525],"+12_SCALED": [0.2,0.2,0.2,1.98971,1.04793,0.2,0.2,0.2,1.22386,1.05929],"ARTIX_MGTAVCC": [1.564,0.950688,1.62925,1.22381,1.23463,1.05331,1.05331,1.33163,1.906,1.18381],"SERVICES+1.0V": [1.56525,1.906,1.13863,1.564,1.13863,2.256,2.376,1.20269,1.05331,1.18131],"SERVICES+1.5V": [1.18131,1.906,1.09544,1.564,1.23463,1.565,1.43731,1.13863,1.564,1.23463],"X1_POWER_MGTAVTT_N": [0.2,0.2,0.41325,0.530625,0.275625,0.2,0.584312,0.445312,0.2,0.2],"X1_POWER_VCCINT": [0.2,0.498625,0.530625,0.2,0.2,0.2,0.413312,0.413312,0.2,0.2],"X1_POWER_VCCAUX": [0.2,0.54125,0.498625,0.204625,0.2,0.2,0.541313,0.349313,0.2,0.2],"X1_POWER_+1.8V": [0.466625,0.604313,0.261313,0.2,0.2,0.421313,0.562625,0.284063,0.2,0.2],"X0_POWER_VCCINT": [1.26663,1.23463,1.20669,1.39463,1.49063,1.13863,1.26663,1.52263,1.20669,1.23463],"X0_POWER_MGTAVTT_S": [2.256,1.08781,1.13863,1.13863,1.62813,1.565,1.23463,1.05331,1.18131,1.56525],"X1_POWER_MGTVCCAUX_N": [0.5365,0.541313,0.285313,0.2,0.264,0.562625,0.2,0.2,0.541,0.434625],"X1_POWER_MGTAVCC_S": [0.2,0.2,0.72,0.455438,0.2,0.2,0.2,0.616,0.722,0.2],"X1_POWER_MGTAVCC_N": [0.2,0.2,0.541,0.541313,0.24025,0.2,0.2,0.413312,0.541313,0.261313],"X1_POWER_MGTVCCAUC_S": [0.2,0.434625,0.562625,0.238625,0.2,0.2,0.4985,0.530625,0.274625,0.2],"X1_POWER_MGTAVTT_S": [0.2,0.2,0.530625,0.413312,0.2,0.2,0.2,0.530625,0.72,0.2],"SERVICES_POWER_STANDBY_+3.3V": [1.56,1.05331,1.43731,1.20669,1.09544,1.05331,1.26663,1.56525,1.49063,1.565],"SERVICES+1.8V": [1.43731,1.09594,1.564,1.496,1.09331,1.43731,1.906,1.26663,1.05331,1.05331],"X0_POWER_MGTAVTT_N": [1.52263,1.05331,1.05331,1.30931,1.39463,1.906,1.05331,1.05331,1.52263,1.49063],"X1_POWER_+3.3V": [0.36,0.541313,0.41325,0.2,0.2,0.413312,0.498625,0.283625,0.2,0.2],"X0_POWER_+3.3V": [1.13863,1.39463,1.56525,1.18131,1.13863,1.13863,1.906,2.256,1.26663,1.564],"X0_POWER_MGTAVCC_S": [1.43731,1.26663,1.05325,1.05331,1.22288,1.22394,1.23463,1.2345,1.26663,1.56525],"SERVICES+3.3V": [0.413312,0.752,0.298813,0.2,0.2,0.413312,0.562625,0.297312,0.2,0.2],"5V_SCALED": [0.394286,0.553304,0.413304,0.2,0.2,0.367589,0.687589,0.504643,0.2,0.2],"Not Used": [0.887688,1.13863,1.43731,1.906,1.50125,1.05331,1.13863,1.33163,1.906,1.18131],"X0_POWER_+1.8V_ANALOGUE": [1.23463,1.13863,1.906,1.43725,1.05331,1.13863,1.26663,1.43731,1.906,1.05331],"X0_POWER_MGTAVCC_N": [1.864,1.23463,1.56,1.05331,1.49863,1.56525,1.05331,1.23463,1.564,1.26663],"X0_POWER_MGTVCCAUC_N": [1.23463,1.08531,1.56525,1.26663,1.23463,1.05325,1.18931,1.52263,1.56525,1.23463],"X1_POWER_+1.8V_ANALOGUE": [0.2,0.34925,0.514625,0.54,0.2,0.2,0.34925,0.514625,0.413312,0.2],"X0_POWER_MGTVCCAUC_S": [1.05331,1.13863,1.56525,1.22394,1.20669,1.13863,1.08531,1.22394,2.256,1.56525],"ARTIX_MGTAVTT": [1.23463,1.18131,1.56063,1.26663,1.05331,1.05331,1.18344,1.56525,1.48063,1.56],}