{"SERVICES_POWER_STANDBY_+3.3V": [3.334,3.334,3.33144,3.33294,3.33431,3.33019,3.33206,3.33125,3.32656,3.337],"ARTIX_MGTAVTT": [1.18806,1.18819,1.18831,1.18819,1.18838,1.18794,1.18788,1.18806,1.18813,1.1885],"+12_SCALED": [11.7941,11.7917,11.7902,11.7921,11.7936,11.7956,11.7943,11.7949,11.7949,11.7928],"5V_SCALED": [4.94973,4.95214,4.95393,4.95277,4.94857,4.94938,4.95098,4.94759,4.95143,4.95152],"SERVICES+3.3V": [3.33763,3.34544,3.33819,3.33838,3.34056,3.33425,3.33706,3.338,3.33456,3.34819],"SERVICES+1.8V": [1.81131,1.81044,1.80731,1.81106,1.808,1.80575,1.81088,1.80644,1.80931,1.81031],"ARTIX_MGTAVCC": [0.998438,0.99425,0.99575,0.997625,0.998875,0.997938,0.993438,0.998,0.997375,0.99325],"SERVICES+1.0V": [0.999188,1.00763,1.00394,1.00163,1.00144,1.0025,1.00156,1.00131,1.00106,0.999438],"SERVICES+1.5V": [1.491,1.49094,1.49044,1.49056,1.49138,1.49175,1.49119,1.49106,1.4905,1.49088],}