{"SERVICES_POWER_STANDBY_+3.3V": [1.13863,1.565,1.19188,1.56525,1.56525,1.56531,1.56531,1.56531,2.25606,1.56538],"ARTIX_MGTAVTT": [1.565,1.18931,1.56525,1.46563,1.46269,1.46931,1.56531,1.56538,2.76,1.56544],"+12_SCALED": [0.2,0.2,0.2,0.250143,0.250143,0.202143,0.250143,0.273071,0.2,0.268571],"5V_SCALED": [0.205625,0.2,0.237143,0.228571,0.216607,0.217143,0.220893,0.2,0.2,0.201875],"SERVICES+3.3V": [1.565,1.56525,1.56525,1.56525,1.56525,1.56525,1.56531,1.45063,1.56531,1.56531],"SERVICES+1.8V": [0.2,0.216,0.214625,0.22,0.2,0.216,0.22125,0.216,0.24,0.221313],"ARTIX_MGTAVCC": [1.565,1.56525,1.56525,1.46931,1.45063,1.56525,2.76,1.56538,1.56525,1.56525],"SERVICES+1.0V": [0.519688,0.498625,1.224,1.224,1.224,0.498625,0.848,1.224,0.503688,0.541313],"SERVICES+1.5V": [1.05325,0.882625,0.882625,1.308,1.56,1.05331,1.564,0.950688,1.05331,1.565],}