{"SERVICES_POWER_STANDBY_+3.3V": [3.18663,3.61325,3.61325,3.18663,3.61325,3.61325,3.61325,3.61325,3.61325,2.93063],"ARTIX_MGTAVTT": [3.61325,3.61325,3.61325,2.93063,3.61325,2.93063,3.61325,3.33663,3.61325,3.61325],"+12_SCALED": [0.231929,0.2,0.231929,0.2,0.272857,0.2,0.227429,0.2,0.2,0.236],"5V_SCALED": [2.89348,2.91946,2.8933,3.17339,2.89348,2.8933,4.1,3.17339,2.89348,4.97714],"SERVICES+3.3V": [3.61325,2.93063,3.61325,3.61325,3.61325,3.61325,2.93469,3.61325,3.61325,3.61325],"SERVICES+1.8V": [3.61325,3.61325,3.61325,2.74388,3.61325,3.61325,2.93469,2.74394,2.75988,3.61325],"ARTIX_MGTAVCC": [3.61325,2.93063,3.61325,3.61325,3.61325,3.61325,3.61325,3.61325,3.61325,3.61325],"SERVICES+1.0V": [3.61325,3.61325,3.61325,2.75988,3.61325,2.74394,2.75988,3.18663,3.61325,2.75988],"SERVICES+1.5V": [3.18663,3.61325,3.25056,2.74394,3.61325,3.61325,3.61325,2.93063,3.61325,2.75994],}