{"SERVICES_POWER_STANDBY_+3.3V": [3.31769,3.32256,3.32,3.31244,3.32131,3.31944,3.3245,3.31881,3.31675,3.312],"ARTIX_MGTAVTT": [1.20094,1.20081,1.20069,1.2,1.20056,1.20069,1.20088,1.20063,1.20044,1.20006],"+12_SCALED": [11.7823,11.7844,11.7846,11.7881,11.7827,11.7844,11.7829,11.7814,11.7849,11.7868],"5V_SCALED": [4.96304,4.96134,4.96107,4.96036,4.96366,4.96241,4.96036,4.96205,4.9608,4.95759],"SERVICES+3.3V": [3.3385,3.33938,3.33981,3.33044,3.332,3.332,3.33781,3.332,3.34088,3.3385],"SERVICES+1.8V": [1.80913,1.81163,1.80581,1.81494,1.80769,1.80938,1.81313,1.80981,1.81225,1.81294],"ARTIX_MGTAVCC": [1.0065,1.00681,1.00694,1.00731,1.00631,1.00688,1.00706,1.00644,1.00613,1.00619],"SERVICES+1.0V": [1.003,1.00388,1.00069,1.00344,1.00288,1.00144,1.00194,1.00431,1.00244,1.00506],"SERVICES+1.5V": [1.49106,1.49106,1.48975,1.49,1.49113,1.49175,1.49069,1.49056,1.49056,1.48956],}