{"SERVICES_POWER_STANDBY_+3.3V": [1.56525,1.565,1.19181,1.56525,1.41738,1.56525,1.56525,1.41788,1.56525,1.41738],"ARTIX_MGTAVTT": [1.564,1.565,1.904,1.22331,1.56525,1.41738,1.56525,1.30931,1.56525,1.56525],"+12_SCALED": [0.2,0.2,0.291286,0.254857,0.202143,0.253571,0.273071,0.254857,0.222714,0.337143],"5V_SCALED": [0.241875,0.238036,0.2,0.230446,0.257143,0.2,0.230446,0.2,0.200893,0.222857],"SERVICES+3.3V": [2.93063,3.613,3.612,2.23194,2.24794,3.612,2.93063,2.22694,3.612,3.612],"SERVICES+1.8V": [3.61325,3.61325,3.61325,3.61325,3.61325,2.74394,3.61325,3.61325,3.61325,3.61325],"ARTIX_MGTAVCC": [1.13863,1.56525,1.56525,1.56525,1.22331,1.56525,1.565,1.30931,1.41738,1.56525],"SERVICES+1.0V": [3.613,3.613,2.93063,2.93063,3.613,3.613,3.613,3.613,2.49381,3.613],"SERVICES+1.5V": [2.08544,2.93063,2.9305,2.20538,3.612,2.58931,2.21331,2.93063,2.08744,2.41869],}