{"SERVICES_POWER_STANDBY_+3.3V": [0.206125,0.2,0.285,0.212,0.221313,0.264,0.229313,0.2,0.221313,0.2],"ARTIX_MGTAVTT": [0.221313,0.207125,0.2,0.2,0.2,0.2,0.221313,0.242625,0.2,0.28],"+12_SCALED": [0.2,0.274786,0.273071,0.250143,0.2,0.2,0.273071,0.2,0.273071,0.210071],"5V_SCALED": [0.213304,0.200893,0.230446,0.220893,0.201518,0.230446,0.200893,0.203839,0.216964,0.2],"SERVICES+3.3V": [0.2,0.210625,0.2,0.2,0.221313,0.200313,0.264,0.2,0.214625,0.2],"SERVICES+1.8V": [0.210625,0.221313,0.2,0.2,0.216,0.22,0.264,0.2,0.210625,0.221313],"ARTIX_MGTAVCC": [0.200625,0.24,0.2,0.229313,0.2,0.2,0.2,0.229313,0.2,0.2],"SERVICES+1.0V": [0.202625,0.264,0.2,0.202625,0.206125,0.205313,0.2,0.2,0.2,0.2],"SERVICES+1.5V": [0.201312,0.28,0.2,0.226,0.24,0.2,0.2,0.2,0.2,0.24],}