{"SERVICES_POWER_STANDBY_+3.3V": [0.223312,0.24,0.209312,0.2,0.229313,0.206938,0.24,0.215625,0.203938,0.221313],"ARTIX_MGTAVTT": [0.209312,0.209,0.221,0.2405,0.212,0.209,0.202125,0.264,0.212,0.24],"+12_SCALED": [1.37,1.04279,1.37,1.37,1.37,1.37,1.04321,1.37,1.37,1.37],"5V_SCALED": [0.230446,0.230446,0.291429,0.260893,0.233304,0.228571,0.2,0.2,0.222857,0.230446],"SERVICES+3.3V": [0.285,0.28,0.28,0.242625,0.28,0.242625,0.2,0.264,0.28,0.210625],"SERVICES+1.8V": [0.24,0.229313,0.28,0.28,0.28,0.242625,0.28,0.242625,0.208625,0.284],"ARTIX_MGTAVCC": [0.2,0.200625,0.22,0.2,0.206125,0.2,0.2,0.264,0.2,0.24],"SERVICES+1.0V": [0.24,0.202125,0.24,0.2,0.209312,0.206125,0.2,0.22125,0.202125,0.202937],"SERVICES+1.5V": [0.24,0.206,0.2,0.24,0.212,0.2,0.221313,0.2,0.2,0.2],}