{"SERVICES_POWER_STANDBY_+3.3V": [3.18663,3.61325,3.61325,3.61325,2.93063,3.61325,3.61325,2.93063,3.61325,3.61325],"ARTIX_MGTAVTT": [3.61325,2.75994,3.61325,3.61325,3.61325,3.61325,3.18663,3.61325,2.93063,3.61325],"+12_SCALED": [0.236429,0.291286,0.223571,0.273071,0.229571,0.250143,0.273071,0.241143,0.274786,0.239857],"5V_SCALED": [2.89348,2.89348,2.91955,4.10071,2.89348,4.1,2.89616,2.8933,2.89616,2.8933],"SERVICES+3.3V": [3.61325,3.08263,3.61325,3.61325,2.93063,3.61325,2.74394,3.61325,2.75988,3.18663],"SERVICES+1.8V": [2.75994,3.61325,2.75994,3.61325,3.61325,3.18663,2.75988,3.08263,3.08263,3.61325],"ARTIX_MGTAVCC": [3.18663,3.61325,2.75988,2.75988,2.93469,2.93469,2.93469,3.61325,3.61325,3.18663],"SERVICES+1.0V": [3.61325,3.61325,3.25056,3.61325,3.61325,3.61325,2.75988,3.61325,3.61325,2.74394],"SERVICES+1.5V": [2.75988,3.61325,2.93063,2.93063,3.61325,2.93063,3.35725,3.61325,3.61325,3.61325],}