{"SERVICES_POWER_STANDBY_+3.3V": [3.334,3.33631,3.33413,3.33106,3.341,3.33475,3.332,3.32838,3.33144,3.33125],"ARTIX_MGTAVTT": [1.18756,1.18788,1.18744,1.18756,1.18706,1.18781,1.1875,1.18719,1.18744,1.18763],"+12_SCALED": [11.7986,11.7969,11.8022,11.7981,11.8022,11.7975,11.7981,11.8001,11.7973,11.7956],"5V_SCALED": [4.95214,4.95321,4.94804,4.94902,4.95277,4.94893,4.95179,4.95027,4.94991,4.94938],"SERVICES+3.3V": [3.34731,3.3345,3.34019,3.34506,3.34525,3.34444,3.336,3.3325,3.3335,3.33919],"SERVICES+1.8V": [1.8035,1.80275,1.80456,1.80494,1.81088,1.80488,1.808,1.81075,1.80625,1.80456],"ARTIX_MGTAVCC": [0.997813,0.998313,0.993188,0.992438,0.998063,0.996375,0.992375,0.99875,0.993,0.996438],"SERVICES+1.0V": [0.998438,0.997563,1.00038,1.001,0.9995,1.00113,0.997438,1.00044,0.999625,1.00344],"SERVICES+1.5V": [1.48938,1.48956,1.4895,1.4885,1.48888,1.4895,1.48956,1.48894,1.49038,1.48988],}