{"SERVICES_POWER_STANDBY_+3.3V": [1.496,0.886625,1.18131,1.19063,1.13863,1.564,1.19063,1.564,1.25863,1.564],"ARTIX_MGTAVTT": [1.13863,0.946625,1.25863,1.564,1.13863,1.18663,1.564,1.13863,1.564,1.564],"+12_SCALED": [0.2,0.2,0.2,0.2,0.2,0.2,0.2,0.2,0.2,0.2],"5V_SCALED": [0.2,0.2,0.2,0.2,0.2,0.2,0.2,0.2,0.2,0.2],"SERVICES+3.3V": [1.564,1.18931,1.565,1.564,1.9065,1.56525,1.565,1.565,1.56525,1.22294],"SERVICES+1.8V": [1.496,1.564,1.13863,1.564,1.564,1.19188,1.19188,1.09531,1.56525,1.22363],"ARTIX_MGTAVCC": [1.56,1.05331,1.565,1.565,1.22263,1.565,1.21988,1.09331,1.56525,1.565],"SERVICES+1.0V": [1.25863,1.13863,1.19063,1.565,1.19163,1.906,1.22381,1.565,1.564,1.564],"SERVICES+1.5V": [1.05325,0.886625,1.56,1.565,1.05331,1.19063,1.19169,1.56525,1.565,1.19063],}