{"SERVICES_POWER_STANDBY_+3.3V": [0.215687,0.2,0.20925,0.2,0.24,0.2,0.24,0.221313,0.221,0.221813],"ARTIX_MGTAVTT": [0.216,0.2,0.2,0.221313,0.224,0.216,0.223312,0.22125,0.24,0.22],"+12_SCALED": [1.36571,1.36914,1.36571,0.623857,1.36571,1.36914,1.36571,1.36571,1.36571,1.36571],"5V_SCALED": [0.588571,0.68,0.394286,0.394286,0.657143,0.44375,0.68,0.352321,0.68,0.68],"SERVICES+3.3V": [0.202937,0.216,0.22,0.224,0.221313,0.224,0.22125,0.2,0.216,0.211625],"SERVICES+1.8V": [0.2,0.24,0.214875,0.223312,0.2,0.221313,0.221313,0.2,0.24,0.206875],"ARTIX_MGTAVCC": [0.24,0.206188,0.202688,0.225125,0.24,0.2,0.2,0.221313,0.24,0.214875],"SERVICES+1.0V": [0.2,0.209312,0.2,0.216,0.216,0.2065,0.221313,0.223312,0.223312,0.203875],"SERVICES+1.5V": [0.202625,0.202625,0.2,0.214875,0.207313,0.22125,0.2,0.207813,0.226,0.2],}