{"SERVICES_POWER_STANDBY_+3.3V": [0.2085,0.22,0.24,0.22125,0.24,0.2,0.221313,0.226,0.264,0.264],"ARTIX_MGTAVTT": [0.221813,0.229313,0.221313,0.2,0.2,0.221313,0.24,0.221313,0.221313,0.221313],"+12_SCALED": [0.474286,0.344,0.344,0.474286,0.346143,0.226786,0.254857,0.209,0.273071,0.488],"5V_SCALED": [0.213304,0.230446,0.205625,0.230357,0.222857,0.203839,0.314286,0.314286,0.260893,0.201875],"SERVICES+3.3V": [0.221313,0.22125,0.28,0.2,0.24,0.2,0.221313,0.2,0.22125,0.221313],"SERVICES+1.8V": [0.2,0.24,0.2,0.264,0.226625,0.24,0.22125,0.22125,0.221313,0.242],"ARTIX_MGTAVCC": [0.2,0.22,0.221313,0.242,0.223312,0.24,0.215687,0.2,0.2,0.22],"SERVICES+1.0V": [0.221313,0.2,0.2,0.24,0.221313,0.2,0.229313,0.242,0.2405,0.224],"SERVICES+1.5V": [0.2,0.22,0.214875,0.221313,0.264,0.22125,0.24,0.24,0.242,0.28],}