{"SERVICES_POWER_STANDBY_+3.3V": [1.115,1.20131,1.22956,1.24619,1.29781,1.30175,1.31656,1.28781,1.27425,1.30444],"ARTIX_MGTAVTT": [1.07444,1.17506,1.22694,1.24094,1.28356,1.28006,1.26381,1.30081,1.33788,1.38075],"+12_SCALED": [0,0,0,0,0,0,0,0,0,0],"5V_SCALED": [0,0,0,0,0,0,0,0,0,0],"SERVICES+3.3V": [1.13675,1.2145,1.294,1.31456,1.30738,1.36044,1.3725,1.40969,1.37819,1.35438],"SERVICES+1.8V": [1.12419,1.16506,1.22056,1.23963,1.3005,1.33513,1.37388,1.41869,1.40325,1.43294],"ARTIX_MGTAVCC": [1.13544,1.20831,1.28275,1.28519,1.29556,1.32781,1.35406,1.357,1.36656,1.40175],"SERVICES+1.0V": [1.12463,1.17713,1.2405,1.28344,1.27494,1.32831,1.33044,1.34175,1.37894,1.34894],"SERVICES+1.5V": [1.1285,1.18325,1.263,1.28763,1.28525,1.27625,1.3235,1.32681,1.33363,1.35488],}