{"SERVICES_POWER_STANDBY_+3.3V": [3.32056,3.31613,3.3175,3.32319,3.323,3.31819,3.32469,3.31781,3.31975,3.31538],"ARTIX_MGTAVTT": [1.20131,1.20094,1.20088,1.20106,1.20131,1.20075,1.20063,1.20056,1.20088,1.2005],"+12_SCALED": [11.7842,11.7864,11.7806,11.7879,11.7814,11.7816,11.7853,11.7819,11.784,11.7842],"5V_SCALED": [4.96393,4.96455,4.96,4.96045,4.96429,4.96446,4.96232,4.95804,4.96,4.96134],"SERVICES+3.3V": [3.33269,3.33281,3.34344,3.336,3.33906,3.33381,3.33931,3.33144,3.34125,3.32994],"SERVICES+1.8V": [1.81325,1.81475,1.80563,1.81113,1.81038,1.809,1.80825,1.81038,1.80669,1.809],"ARTIX_MGTAVCC": [1.00619,1.00769,1.0065,1.00669,1.00656,1.00581,1.00706,1.00763,1.00756,1.00725],"SERVICES+1.0V": [1.00206,1.00338,0.99975,1.0025,1.0005,1.00313,0.9985,1.00262,1.00262,1.00469],"SERVICES+1.5V": [1.49031,1.4905,1.491,1.49,1.49056,1.48975,1.49075,1.4895,1.4895,1.49144],}