{"SERVICES_POWER_STANDBY_+3.3V": [1.10606,1.16888,1.20025,1.19431,1.21631,1.13875,1.1725,1.20569,1.25219,1.24638],"ARTIX_MGTAVTT": [1.07356,1.17038,1.21756,1.21413,1.27375,1.30944,1.34681,1.29981,1.32644,1.32069],"+12_SCALED": [0,0,0,0,0,0,0,0,0,0],"5V_SCALED": [0,0,0,0,0,0,0,0,0,0],"SERVICES+3.3V": [1.13375,1.20169,1.26363,1.30619,1.36419,1.39706,1.35,1.324,1.33788,1.39025],"SERVICES+1.8V": [1.12631,1.18206,1.26844,1.24125,1.30631,1.20106,1.26188,1.29925,1.33319,1.37413],"ARTIX_MGTAVCC": [1.13156,1.18588,1.20025,1.17438,1.21844,1.20513,1.16613,1.17019,1.2345,1.26525],"SERVICES+1.0V": [1.12444,1.18194,1.26438,1.28544,1.25106,1.24625,1.22469,1.24606,1.32156,1.27538],"SERVICES+1.5V": [1.059,1.13431,1.19806,1.23544,1.28269,1.27438,1.33131,1.34006,1.39306,1.37625],}