{"SERVICES_POWER_STANDBY_+3.3V": [0.370625,0.434625,0.2,0.2,0.434625,0.221313,0.285313,0.285313,0.541,0.221313],"ARTIX_MGTAVTT": [0.202625,0.2,0.2,0.203688,0.221313,0.2,0.221313,0.264,0.209312,0.24],"+12_SCALED": [0.250143,0.491429,0.236429,0.2,0.488,0.2,0.464857,0.491429,0.491429,0.2],"5V_SCALED": [0.321786,0.32,0.394286,0.2,0.32,0.2,0.220893,0.291429,0.291429,0.28375],"SERVICES+3.3V": [0.209312,0.2065,0.221313,0.221313,0.2,0.264,0.212,0.2,0.207062,0.223312],"SERVICES+1.8V": [0.24,0.24,0.224,0.20925,0.221313,0.221313,0.206125,0.223312,0.2,0.2],"ARTIX_MGTAVCC": [0.2,0.221313,0.2,0.221,0.209312,0.24,0.226,0.216,0.2,0.2],"SERVICES+1.0V": [0.2,0.209312,0.226,0.22125,0.209438,0.2,0.24,0.24,0.201312,0.223312],"SERVICES+1.5V": [0.209312,0.24,0.200625,0.2,0.2,0.206125,0.24,0.2,0.226625,0.203938],}