{"SERVICES_POWER_STANDBY_+3.3V": [3.61325,3.18663,3.61325,3.61325,3.10938,3.61325,3.61325,3.10131,3.10938,3.61325],"ARTIX_MGTAVTT": [1.18931,1.13863,1.56525,1.56525,1.22131,1.22131,1.22331,1.13863,1.25863,1.56525],"+12_SCALED": [11.9026,11.2908,11.9026,11.9026,11.903,11.9026,11.9026,11.9026,10.7141,11.9026],"5V_SCALED": [4.35634,4.47241,4.46661,4.55813,5.07607,5.07607,5.07607,4.56384,5.41527,5.56366],"SERVICES+3.3V": [3.61325,3.25069,3.61325,3.61325,3.61338,3.61325,3.10938,3.10944,3.10938,2.93469],"SERVICES+1.8V": [2.07725,1.90663,1.71781,2.07738,2.07725,2.07725,2.89806,1.73344,2.07725,2.07725],"ARTIX_MGTAVCC": [1.565,1.565,1.564,1.08531,1.565,1.565,1.565,1.565,1.08531,1.565],"SERVICES+1.0V": [1.08531,1.08531,1.565,1.565,1.565,1.564,0.950688,0.950688,1.565,1.13863],"SERVICES+1.5V": [1.56531,1.56531,1.56531,1.56531,1.56531,1.56531,1.56531,1.56538,1.56538,1.44669],}