{"SERVICES_POWER_STANDBY_+3.3V": [1.10419,1.17756,1.23013,1.23931,1.26988,1.24613,1.291,1.27119,1.29663,1.29425],"ARTIX_MGTAVTT": [1.07394,1.17469,1.22419,1.22156,1.21894,1.21494,1.27219,1.29013,1.26744,1.28306],"+12_SCALED": [0,0,0,0,0,0,0,0,0,0],"5V_SCALED": [0,0,0,0,0,0,0,0,0,0],"SERVICES+3.3V": [1.13119,1.20244,1.25613,1.26713,1.30594,1.35131,1.33175,1.34963,1.33044,1.35375],"SERVICES+1.8V": [1.12538,1.18994,1.22519,1.25319,1.26288,1.29331,1.30938,1.36038,1.35956,1.36069],"ARTIX_MGTAVCC": [1.12731,1.18919,1.20931,1.2605,1.26363,1.28238,1.25781,1.25938,1.26531,1.28525],"SERVICES+1.0V": [1.12444,1.17369,1.227,1.23588,1.27181,1.30431,1.34169,1.38781,1.37869,1.35231],"SERVICES+1.5V": [1.12975,1.18731,1.21963,1.24506,1.32313,1.33506,1.36963,1.39806,1.41044,1.378],}