{"SERVICES_POWER_STANDBY_+3.3V": [3.32506,3.3255,3.32219,3.32275,3.32725,3.32144,3.31688,3.32275,3.32213,3.32294],"ARTIX_MGTAVTT": [1.201,1.20138,1.20106,1.20144,1.20056,1.20138,1.20144,1.201,1.201,1.2015],"+12_SCALED": [11.8089,11.805,11.8044,11.8052,11.8123,11.8059,11.8123,11.808,11.8106,11.8091],"5V_SCALED": [4.96357,4.96589,4.96375,4.95946,4.95955,4.96107,4.96357,4.96357,4.96446,4.96455],"SERVICES+3.3V": [3.34263,3.33813,3.344,3.33744,3.34356,3.33538,3.33606,3.33988,3.33925,3.33281],"SERVICES+1.8V": [1.80744,1.8135,1.80569,1.81281,1.80213,1.80919,1.80631,1.812,1.81,1.81],"ARTIX_MGTAVCC": [1.00663,1.00719,1.0065,1.00788,1.00694,1.00575,1.0065,1.00669,1.00719,1.00606],"SERVICES+1.0V": [1.00294,1.00356,1.00431,1.00406,1.00269,1.00231,1.00206,1.00369,0.999875,1.00481],"SERVICES+1.5V": [1.48875,1.489,1.48938,1.489,1.48925,1.48844,1.48963,1.49,1.48938,1.48944],}