{"SERVICES_POWER_STANDBY_+3.3V": [2.93469,3.95463,3.61325,3.25069,3.10144,3.61325,3.61325,3.61325,3.10144,3.61325],"ARTIX_MGTAVTT": [1.56525,1.56525,1.56525,1.22263,1.56525,1.56525,1.565,1.25863,1.56525,1.56525],"+12_SCALED": [11.9026,13.073,11.9026,13.073,12.4901,11.9026,10.6595,10.1752,10.4399,11.9026],"5V_SCALED": [5.07607,5.07607,5.07607,4.47241,5.56375,4.35634,5.07625,5.07607,5.07625,5.07607],"SERVICES+3.3V": [3.61325,3.10938,3.18663,3.61325,3.61325,3.61325,3.61325,3.10938,3.61325,3.10944],"SERVICES+1.8V": [2.07738,1.71969,2.07725,2.89806,1.73344,2.89806,2.07725,2.93,2.896,1.71969],"ARTIX_MGTAVCC": [1.565,1.08531,1.08531,1.565,1.565,1.564,1.565,1.564,1.565,1.08531],"SERVICES+1.0V": [1.13863,1.565,1.565,1.565,1.565,1.08531,1.08531,1.08531,1.565,1.08531],"SERVICES+1.5V": [1.44269,1.56544,1.56531,1.44269,1.44663,1.41794,1.56531,1.56531,1.44663,1.56544],}