{"SERVICES_POWER_STANDBY_+3.3V": [3.25763,3.61325,3.61325,3.61325,3.25069,3.61325,3.35738,3.61325,2.93469,3.10938],"ARTIX_MGTAVTT": [1.565,1.22131,1.19188,1.18931,1.56525,1.56525,1.22331,1.56525,1.56525,1.56525],"+12_SCALED": [11.903,11.9026,9.79936,10.6599,10.6754,9.79807,11.9026,10.7141,11.9026,11.9026],"5V_SCALED": [5.56375,5.56375,4.19955,4.35634,5.07607,5.07607,5.07607,4.54491,5.07607,4.57616],"SERVICES+3.3V": [3.61325,3.61325,3.61325,3.61325,3.61325,3.61325,3.61325,3.61325,3.10938,3.61325],"SERVICES+1.8V": [2.07725,2.07725,2.93,1.71781,2.07725,2.07725,2.07725,2.07738,2.89806,2.07725],"ARTIX_MGTAVCC": [1.13863,1.08531,1.05331,1.564,1.08531,1.565,1.08531,1.565,1.08531,1.565],"SERVICES+1.0V": [1.565,1.08531,1.565,1.565,1.08531,1.564,1.08531,1.564,1.565,1.08531],"SERVICES+1.5V": [1.56531,1.56531,1.44269,1.56538,2.888,1.44769,1.44769,1.44769,1.56531,1.90656],}