{"SERVICES_POWER_STANDBY_+3.3V": [3.61325,3.61338,3.10938,3.10938,2.99869,3.26663,3.61325,3.61325,3.25069,2.99869],"ARTIX_MGTAVTT": [1.25863,1.14269,1.22131,1.565,1.19131,1.18931,1.56525,1.56525,1.56525,1.22131],"+12_SCALED": [10.1752,10.1752,10.6685,11.8203,10.6732,10.6595,13.073,10.6595,11.903,10.6685],"5V_SCALED": [4.58089,4.55813,4.19946,4.55813,4.47241,5.56375,4.19955,4.47241,4.47241,4.55813],"SERVICES+3.3V": [3.61325,3.25069,2.93469,3.26131,2.93469,3.61325,3.10944,3.10938,3.61325,3.10944],"SERVICES+1.8V": [2.07738,2.88863,2.07725,1.72531,2.07725,1.71988,1.73344,2.07725,1.71781,1.71988],"ARTIX_MGTAVCC": [1.564,1.13863,1.25863,1.08531,1.564,1.08531,1.08531,1.565,1.565,1.08531],"SERVICES+1.0V": [1.564,1.565,1.564,1.08531,1.13863,1.08531,1.565,1.565,1.565,1.565],"SERVICES+1.5V": [1.56531,1.44369,1.56531,1.56531,2.888,1.44769,1.44669,1.44663,1.56531,1.56531],}