{"SERVICES_POWER_STANDBY_+3.3V": [0.264,0.24,0.24,0.2,0.24,0.221813,0.24,0.229313,0.204875,0.223312],"ARTIX_MGTAVTT": [0.264,0.209312,0.2105,0.2,0.24,0.2,0.24,0.206125,0.207313,0.24],"+12_SCALED": [0.2,0.565143,0.2,0.250143,0.565571,0.401,0.4925,0.776,0.4925,0.492286],"5V_SCALED": [0.314286,0.28375,0.321786,0.257857,0.274018,0.201786,0.352321,0.314286,0.321429,0.2],"SERVICES+3.3V": [0.2,0.202625,0.221313,0.223312,0.221313,0.223312,0.221313,0.221313,0.2,0.2],"SERVICES+1.8V": [0.24,0.2,0.226625,0.24,0.229313,0.223312,0.223312,0.212,0.2,0.229313],"ARTIX_MGTAVCC": [0.2,0.203625,0.24,0.202625,0.24,0.215625,0.2,0.24,0.24,0.200625],"SERVICES+1.0V": [0.2,0.2,0.2,0.229313,0.221313,0.264,0.226625,0.212,0.229313,0.201312],"SERVICES+1.5V": [0.24,0.24,0.207062,0.216,0.24,0.2,0.24,0.24,0.221313,0.2],}