{"SERVICES_POWER_STANDBY_+3.3V": [1.565,1.39313,1.56525,1.56525,1.906,1.41069,1.42963,1.42963,1.46081,1.46263],"ARTIX_MGTAVTT": [1.565,1.56525,1.56525,1.56525,2.76,1.56531,1.56544,1.56531,1.44769,1.56538],"+12_SCALED": [0.272857,0.2,0.2,0.268571,0.2,0.254857,0.202143,0.253786,0.2,0.209],"5V_SCALED": [0.205625,0.213304,0.20375,0.215536,0.233304,0.231161,0.217143,0.2,0.222857,0.2],"SERVICES+3.3V": [1.56525,1.46263,1.56531,1.56531,1.56538,1.56531,1.56538,1.56531,1.56544,1.56544],"SERVICES+1.8V": [2.93063,3.61325,2.93469,2.93063,3.61325,3.61325,3.61325,3.61325,2.74388,3.61325],"ARTIX_MGTAVCC": [1.56525,1.56525,1.56525,1.22381,1.56525,1.56525,1.56538,1.56525,1.46081,1.56538],"SERVICES+1.0V": [2.50394,3.613,3.613,2.93063,3.613,2.93063,3.613,3.613,3.613,2.93063],"SERVICES+1.5V": [2.93063,3.613,3.613,3.613,2.93063,2.37169,2.93063,3.613,2.48669,3.613],}