{"SERVICES_POWER_STANDBY_+3.3V": [3.316,3.325,3.32338,3.32519,3.32394,3.32106,3.32756,3.32056,3.32531,3.31975,3.32163,3.32431,3.32769,3.32338,3.3265,3.32113,3.32856,3.32225,3.32219,3.31838,3.32406,3.32313,3.32619,3.32069,3.32025,3.321,3.32494,3.32188,3.31744,3.32694,3.32375,3.32488,3.31469,3.31875,3.32256,3.33119,3.32444,3.31906,3.316,3.32331,3.32331,3.317,3.32506,3.32763,3.31619,3.324,3.32138,3.32406,3.31481,3.32138],"ARTIX_MGTAVTT": [1.20131,1.20119,1.20156,1.20169,1.201,1.20131,1.20113,1.20113,1.20106,1.20119,1.20119,1.20181,1.20113,1.20094,1.20163,1.20106,1.20094,1.20094,1.20144,1.20156,1.20131,1.20131,1.2015,1.20119,1.20144,1.2015,1.20131,1.20175,1.20138,1.20144,1.20119,1.20138,1.20106,1.20156,1.20119,1.20081,1.20081,1.20163,1.20119,1.20169,1.20119,1.20156,1.201,1.20131,1.20125,1.20106,1.20119,1.20125,1.20156,1.20125],"+12_SCALED": [11.808,11.8048,11.8014,11.8031,11.8033,11.8056,11.8035,11.808,11.8029,11.8059,11.8037,11.8046,11.8029,11.8039,11.8048,11.805,11.8039,11.8067,11.8037,11.8061,11.8029,11.8022,11.8067,11.8054,11.8037,11.8067,11.8052,11.8041,11.8089,11.8031,11.8065,11.8026,11.8044,11.8061,11.8026,11.8039,11.8041,11.8054,11.8033,11.8026,11.8056,11.8031,11.805,11.8061,11.8044,11.8026,11.8037,11.8035,11.8031,11.8029],"5V_SCALED": [4.96071,4.96259,4.9608,4.965,4.96232,4.95866,4.95866,4.95938,4.9642,4.96491,4.96152,4.9592,4.96536,4.96241,4.96143,4.96134,4.96509,4.96321,4.96545,4.96259,4.96571,4.95938,4.96045,4.96179,4.96348,4.96464,4.96429,4.95955,4.95893,4.95955,4.95973,4.96214,4.96375,4.96554,4.9583,4.96205,4.96205,4.95893,4.96,4.96438,4.96143,4.95973,4.9642,4.96143,4.96241,4.96402,4.96179,4.96161,4.965,4.96152],"SERVICES+3.3V": [3.3385,3.33813,3.34088,3.33469,3.34056,3.33975,3.33506,3.33725,3.333,3.33788,3.33769,3.33681,3.33663,3.33356,3.34406,3.344,3.33781,3.33081,3.33363,3.33944,3.33406,3.34088,3.33263,3.33581,3.33406,3.33431,3.34006,3.3385,3.33413,3.33713,3.33338,3.33375,3.34031,3.33563,3.34469,3.34456,3.3385,3.33919,3.3365,3.34088,3.333,3.34488,3.34094,3.343,3.33913,3.34138,3.33469,3.33363,3.333,3.33344],"SERVICES+1.8V": [1.80956,1.803,1.80838,1.809,1.81225,1.81038,1.80069,1.80544,1.81181,1.80638,1.81088,1.808,1.8125,1.80394,1.81169,1.81131,1.80944,1.80969,1.81006,1.80938,1.812,1.80813,1.8065,1.80819,1.80863,1.814,1.80769,1.80681,1.80731,1.80481,1.81031,1.81306,1.8085,1.81806,1.80931,1.809,1.81131,1.80606,1.80525,1.81019,1.81056,1.80713,1.80981,1.80719,1.80894,1.80856,1.81169,1.80881,1.8055,1.81025],"ARTIX_MGTAVCC": [1.00681,1.00769,1.00744,1.00688,1.00669,1.00744,1.00675,1.00656,1.00756,1.008,1.00719,1.00688,1.0065,1.00731,1.00756,1.00763,1.00663,1.00625,1.00694,1.00731,1.00631,1.00713,1.00756,1.00675,1.00681,1.00638,1.00694,1.00606,1.00631,1.00587,1.00594,1.00681,1.00675,1.00681,1.00669,1.0065,1.00606,1.006,1.00713,1.00638,1.00619,1.00731,1.007,1.00675,1.0065,1.007,1.00725,1.00663,1.00725,1.00681],"SERVICES+1.0V": [1.00331,0.999875,1.00225,1.00006,1.00238,1.00781,1.00412,1.00688,1.00544,1.002,1.00106,1.00144,1.00213,1.00306,1.00475,1.00169,1.00319,1.00181,1.00219,1.0035,1.00456,0.999938,1.00313,1.00538,1.00244,1.00231,1.00231,1.00269,1.00231,1.00131,1.00375,0.999188,1.00419,1.003,1.00281,1.00556,1.00606,1.00756,1.00138,0.999938,1.0065,1.00356,1.00513,0.999688,1.00194,0.998938,1.001,1.00313,1.00281,1.00319],"SERVICES+1.5V": [1.49069,1.48956,1.4895,1.49,1.489,1.48981,1.48994,1.48994,1.48931,1.48956,1.48963,1.49075,1.48894,1.48863,1.48869,1.48981,1.48913,1.48944,1.48944,1.4895,1.49019,1.48956,1.48975,1.48975,1.49,1.489,1.48919,1.48938,1.49056,1.49031,1.48863,1.49019,1.48969,1.48944,1.4905,1.489,1.49,1.48975,1.48919,1.48963,1.48919,1.4885,1.49006,1.48963,1.48863,1.48894,1.48981,1.48888,1.48863,1.48956],}