{"SERVICES_POWER_STANDBY_+3.3V": [3.31644,3.31888,3.31238,3.32025,3.31906,3.31344,3.32094,3.3155,3.32763,3.31763],"ARTIX_MGTAVTT": [1.2005,1.20056,1.2005,1.2005,1.20106,1.20081,1.20069,1.20063,1.20075,1.2005],"+12_SCALED": [11.7879,11.7857,11.7816,11.7864,11.7834,11.7853,11.7849,11.7823,11.7855,11.7849],"5V_SCALED": [4.96366,4.95795,4.96036,4.9608,4.96179,4.96089,4.96384,4.95911,4.96054,4.96482],"SERVICES+3.3V": [3.33769,3.34163,3.3295,3.34313,3.33444,3.33681,3.3345,3.33756,3.32956,3.33725],"SERVICES+1.8V": [1.80619,1.80906,1.80638,1.81756,1.8025,1.80744,1.80806,1.807,1.80919,1.81081],"ARTIX_MGTAVCC": [1.00725,1.00694,1.00631,1.00587,1.00675,1.00706,1.007,1.00706,1.00675,1.00669],"SERVICES+1.0V": [1.00613,1.00094,1.00369,1.00006,1.006,1.00094,1.00306,0.998438,1.00494,1.00013],"SERVICES+1.5V": [1.49088,1.49038,1.4905,1.49125,1.49081,1.49069,1.49094,1.49094,1.4905,1.48981],}