{"SERVICES_POWER_STANDBY_+3.3V": [1.10725,1.18944,1.1985,1.21638,1.20269,1.23588,1.26031,1.25481,1.24475,1.28619],"ARTIX_MGTAVTT": [1.07219,1.16981,1.208,1.236,1.24731,1.29144,1.25931,1.25806,1.24575,1.28744],"+12_SCALED": [0,0,0,0,0,0,0,0,0,0],"5V_SCALED": [0,0,0,0,0,0,0,0,0,0],"SERVICES+3.3V": [1.13088,1.204,1.25381,1.26075,1.28069,1.2685,1.30319,1.33506,1.35631,1.34588],"SERVICES+1.8V": [1.12475,1.18331,1.272,1.31394,1.29538,1.31069,1.36181,1.364,1.36369,1.36963],"ARTIX_MGTAVCC": [1.12894,1.19206,1.21131,1.27419,1.3085,1.33494,1.34694,1.30594,1.33006,1.3225],"SERVICES+1.0V": [1.12244,1.16919,1.21369,1.24994,1.22281,1.23506,1.26431,1.27156,1.29769,1.30313],"SERVICES+1.5V": [1.17281,1.20675,1.25288,1.24744,1.3045,1.32388,1.31125,1.343,1.361,1.34131],}