{"SERVICES_POWER_STANDBY_+3.3V": [3.323,3.31631,3.32106,3.321,3.32575,3.32369,3.32031,3.32106,3.326,3.32225],"ARTIX_MGTAVTT": [1.20056,1.20113,1.201,1.20044,1.20069,1.20119,1.20069,1.20075,1.2005,1.20113],"+12_SCALED": [11.7836,11.7838,11.7814,11.7825,11.7844,11.7799,11.7849,11.787,11.7844,11.7851],"5V_SCALED": [4.96116,4.9617,4.96134,4.96473,4.96214,4.96,4.96357,4.96277,4.96187,4.95938],"SERVICES+3.3V": [3.33669,3.34344,3.32563,3.333,3.34075,3.32781,3.33944,3.33681,3.33694,3.33256],"SERVICES+1.8V": [1.81144,1.81644,1.81006,1.80744,1.8065,1.80419,1.80863,1.80825,1.81275,1.81419],"ARTIX_MGTAVCC": [1.0055,1.00638,1.00706,1.00663,1.00688,1.0065,1.00744,1.006,1.00719,1.00669],"SERVICES+1.0V": [1.00344,1.00513,1.00194,1.00025,1.00319,1.00344,1.00356,1.00113,1.0045,1.00425],"SERVICES+1.5V": [1.49056,1.49,1.49063,1.49138,1.48938,1.4905,1.49094,1.4905,1.48975,1.49056],}