{"SERVICES_POWER_STANDBY_+3.3V": [3.34625,3.34606,3.35056,3.34844,3.34513,3.34519,3.34138,3.34663,3.34581,3.3465,3.35056,3.34931,3.34356,3.34788,3.34894,3.34444,3.34131,3.34444,3.34206,3.3465,3.34869,3.34963,3.34513,3.35031,3.34613,3.34831,3.34431,3.34231,3.34644,3.34131,3.34869,3.34844,3.34406,3.34519,3.34806,3.34294,3.34669,3.34406,3.34688,3.348,3.34769,3.35131,3.34775,3.34831,3.34381,3.34881,3.348,3.34756,3.34581,3.34544],"ARTIX_MGTAVTT": [1.19819,1.19781,1.19806,1.198,1.19781,1.19819,1.19831,1.19788,1.19806,1.19794,1.19819,1.19806,1.19806,1.19781,1.19819,1.19763,1.1985,1.19838,1.19794,1.19838,1.19825,1.19844,1.198,1.19838,1.19831,1.19869,1.19806,1.19813,1.19825,1.19825,1.1985,1.19806,1.19788,1.19831,1.19775,1.19863,1.19825,1.19819,1.19831,1.19819,1.19819,1.19819,1.19831,1.19825,1.19844,1.19863,1.198,1.19831,1.19844,1.19819],"+12_SCALED": [11.8054,11.8024,11.8029,11.8018,11.8046,11.8031,11.8024,11.8033,11.8026,11.8044,11.8018,11.8039,11.8061,11.8026,11.8039,11.8046,11.8039,11.8044,11.8003,11.802,11.8044,11.8033,11.8048,11.8048,11.8048,11.8035,11.8061,11.8046,11.8056,11.8056,11.8029,11.8033,11.8052,11.8069,11.8035,11.8044,11.8039,11.8069,11.8059,11.8031,11.8035,11.8014,11.8039,11.8031,11.8061,11.8061,11.8039,11.8024,11.8026,11.8033],"5V_SCALED": [4.97018,4.97116,4.97143,4.97491,4.97455,4.97295,4.97179,4.97089,4.97089,4.97286,4.97402,4.97384,4.97009,4.97116,4.9717,4.97054,4.97152,4.97098,4.97446,4.97571,4.975,4.97286,4.97527,4.9725,4.97438,4.97554,4.97429,4.97196,4.97491,4.96964,4.97241,4.97045,4.97455,4.96938,4.97027,4.97321,4.97116,4.97348,4.97268,4.97071,4.97036,4.97098,4.96982,4.97393,4.97366,4.97393,4.97,4.97527,4.97438,4.97009],"SERVICES+3.3V": [3.34356,3.33919,3.33931,3.33969,3.33831,3.34019,3.34,3.34256,3.34156,3.34113,3.34425,3.3435,3.341,3.34,3.34044,3.33894,3.34181,3.33806,3.339,3.33888,3.345,3.34313,3.33875,3.34313,3.34356,3.34231,3.33925,3.3355,3.33806,3.3395,3.33669,3.33819,3.339,3.33894,3.34088,3.3385,3.33969,3.34144,3.34081,3.33981,3.33813,3.34506,3.34069,3.3355,3.33944,3.34294,3.33825,3.33894,3.33731,3.33763],"SERVICES+1.8V": [1.80656,1.80231,1.80738,1.807,1.80869,1.80531,1.80494,1.80744,1.80756,1.80994,1.80769,1.80669,1.81081,1.81125,1.80594,1.80788,1.81013,1.80881,1.81031,1.81144,1.80606,1.80175,1.80481,1.8105,1.80988,1.808,1.81125,1.81094,1.80975,1.801,1.81019,1.80456,1.80694,1.80463,1.80613,1.81056,1.80713,1.81031,1.81206,1.80838,1.809,1.81175,1.804,1.8115,1.81206,1.81069,1.81,1.80081,1.80963,1.8155],"ARTIX_MGTAVCC": [1.00806,1.008,1.00694,1.00556,1.00844,1.006,1.00706,1.00794,1.00606,1.00856,1.00581,1.00831,1.00694,1.00806,1.00594,1.00844,1.00581,1.00869,1.00556,1.00869,1.00581,1.00844,1.00569,1.00819,1.00738,1.00713,1.00881,1.00581,1.00825,1.00575,1.00819,1.00688,1.00775,1.0055,1.00894,1.00556,1.00869,1.00594,1.0085,1.00694,1.00606,1.0085,1.00581,1.00681,1.00719,1.00706,1.0075,1.00644,1.00694,1.00606],"SERVICES+1.0V": [1.00106,0.999563,1.00075,1.00056,0.998875,1.002,1.00038,1.00394,1.00138,1.00106,1.00313,0.999,1.00225,1.00013,1.00419,1.00169,1.00194,1.00587,0.998688,1.00156,0.998438,1.00444,0.999063,0.999563,0.99875,1.00038,1.00169,1.00238,1.00281,1.00125,0.9995,0.999875,1.00275,1.00231,0.998875,1.00325,1.00081,0.998938,1.00344,1.00444,1.00056,1.00744,1.004,1.00663,1.00694,1.00769,0.99875,0.99975,0.999188,1.00369],"SERVICES+1.5V": [1.50688,1.50694,1.50731,1.507,1.50669,1.50713,1.507,1.50663,1.50669,1.50719,1.507,1.50694,1.50656,1.50788,1.507,1.50719,1.50725,1.50731,1.50769,1.50763,1.50631,1.50738,1.5065,1.50675,1.50656,1.50694,1.50744,1.50738,1.5075,1.508,1.50769,1.50694,1.5065,1.50663,1.50675,1.50763,1.50794,1.50675,1.50694,1.50706,1.50688,1.507,1.50763,1.5065,1.50663,1.50769,1.50781,1.50775,1.50644,1.5065],}