{"SERVICES_POWER_STANDBY_+3.3V": [1.565,1.56525,1.19181,1.41738,1.56525,1.56525,1.56525,1.56525,1.34131,1.14269],"ARTIX_MGTAVTT": [1.565,1.14269,1.56525,1.56525,1.56525,1.56525,1.41794,1.41794,1.56525,1.56525],"+12_SCALED": [0.268571,0.209,0.2,0.273071,0.268571,0.273071,0.289143,0.2,0.2,0.268571],"5V_SCALED": [0.233304,0.2,0.257143,0.238036,0.257143,0.257143,0.2,0.2,0.228571,0.257143],"SERVICES+3.3V": [3.613,2.50269,2.48769,2.93063,2.93063,2.37169,3.613,3.613,3.613,2.48769],"SERVICES+1.8V": [2.93469,3.61325,3.61325,2.75988,3.61325,3.61325,2.93469,2.75988,3.61325,3.61325],"ARTIX_MGTAVCC": [1.56525,1.56525,1.30931,1.22381,1.19181,1.56525,1.56525,1.56525,1.56525,1.56525],"SERVICES+1.0V": [1.565,1.19131,1.09531,1.56525,1.30931,1.565,1.20788,1.19131,1.13863,1.18931],"SERVICES+1.5V": [0.950688,1.565,1.564,1.13863,1.564,1.56525,1.56525,1.56525,1.904,1.56525],}