{"SERVICES_POWER_STANDBY_+3.3V": [0.882625,1.56,0.882625,1.08531,1.05331,1.08531,1.18131,1.56525,1.56525,1.56525],"ARTIX_MGTAVTT": [1.05331,1.05331,1.18131,1.09331,1.18131,1.18131,1.565,1.565,1.564,1.565],"+12_SCALED": [0.2,0.2,0.2,0.2,0.2,0.2,0.2,0.2,0.2,0.2],"5V_SCALED": [0.2,0.2,0.2,0.2,0.2,0.2,0.2,0.2,0.2,0.2],"SERVICES+3.3V": [0.2,0.2,0.2,0.2,0.2,0.2,0.2,0.2,0.2,0.2],"SERVICES+1.8V": [1.564,1.26413,1.08531,1.565,1.13863,1.56525,1.56525,1.565,1.13863,1.09381],"ARTIX_MGTAVCC": [1.05331,1.564,1.09381,1.13863,1.05331,1.565,1.565,1.56525,1.9065,1.56525],"SERVICES+1.0V": [1.05331,1.15669,1.18131,1.13863,1.564,1.13863,1.21863,1.56525,1.21531,1.18131],"SERVICES+1.5V": [1.05331,1.564,1.18931,1.21331,1.21331,1.13863,1.56525,1.18131,1.18131,1.22381],}