{"SERVICES_POWER_STANDBY_+3.3V": [2.93469,3.25069,3.26663,3.61325,3.10938,3.61325,3.61325,2.93469,3.61325,2.99869],"ARTIX_MGTAVTT": [1.56525,1.18931,1.56525,1.22131,1.56525,1.22131,1.22131,2.256,1.18931,1.56525],"+12_SCALED": [11.9026,10.1752,11.9026,10.6595,10.1752,11.9026,10.6685,10.6833,10.6685,10.4538],"5V_SCALED": [5.07607,4.56187,4.71045,4.35634,5.07625,5.07607,4.55813,4.58482,5.56375,4.5583],"SERVICES+3.3V": [2.93469,3.61325,3.10938,2.99869,3.10938,3.10938,2.99869,3.61325,3.61338,3.25069],"SERVICES+1.8V": [1.73344,2.89806,1.72531,2.8905,2.93,2.07725,2.89806,2.07725,2.89806,2.07725],"ARTIX_MGTAVCC": [1.08531,1.13863,1.564,1.08531,1.13863,1.564,1.08531,1.13863,1.08531,1.13863],"SERVICES+1.0V": [1.08531,1.13863,1.564,1.564,1.565,1.08531,1.564,1.565,1.565,1.08531],"SERVICES+1.5V": [1.90663,1.56531,1.56531,2.76,1.44663,1.44369,1.56538,1.44663,1.44369,1.44269],}