{"SERVICES_POWER_STANDBY_+3.3V": [1.10394,1.17969,1.23313,1.24263,1.27444,1.30119,1.298,1.28819,1.26106,1.26231],"ARTIX_MGTAVTT": [1.07131,1.16931,1.20656,1.23731,1.25444,1.23713,1.2545,1.23031,1.23731,1.25819],"+12_SCALED": [0,0,0,0,0,0,0,0,0,0],"5V_SCALED": [0,0,0,0,0,0,0,0,0,0],"SERVICES+3.3V": [1.12744,1.1915,1.21894,1.23188,1.256,1.26219,1.294,1.29794,1.31481,1.28525],"SERVICES+1.8V": [1.11925,1.22713,1.25119,1.25238,1.25075,1.23469,1.289,1.28056,1.23744,1.276],"ARTIX_MGTAVCC": [1.12725,1.18681,1.19894,1.234,1.25394,1.2455,1.29081,1.27706,1.31313,1.26381],"SERVICES+1.0V": [1.11731,1.2185,1.20819,1.24931,1.22894,1.244,1.278,1.30619,1.31881,1.28294],"SERVICES+1.5V": [1.06231,1.13669,1.19763,1.22563,1.23069,1.24825,1.22631,1.23625,1.25875,1.25431],}