{"SERVICES_POWER_STANDBY_+3.3V": [0.24,0.2,0.226625,0.24,0.226,0.209312,0.206875,0.221813,0.24,0.221313],"ARTIX_MGTAVTT": [0.226,0.206875,0.242,0.24,0.2,0.264,0.264,0.264,0.221313,0.207813],"+12_SCALED": [0.965643,1.37,0.965643,0.922786,0.9605,1.37,1.37,0.922786,1.37,0.965643],"5V_SCALED": [0.222857,0.23,0.230446,0.260714,0.2,0.2,0.246607,0.228571,0.2,0.230446],"SERVICES+3.3V": [0.221313,0.2405,0.221313,0.242625,0.24,0.209,0.22125,0.22,0.221313,0.2],"SERVICES+1.8V": [0.242,0.221313,0.28,0.221313,0.242625,0.242625,0.242625,0.209312,0.221313,0.223312],"ARTIX_MGTAVCC": [0.226625,0.209813,0.215625,0.206875,0.2,0.214875,0.206625,0.264,0.223312,0.22],"SERVICES+1.0V": [0.212,0.264,0.2,0.2,0.221313,0.221813,0.207,0.2,0.204875,0.221813],"SERVICES+1.5V": [0.226625,0.206875,0.209312,0.209,0.24,0.264,0.20675,0.202625,0.24,0.24],}