{"SERVICES_POWER_STANDBY_+3.3V": [3.61325,3.10944,3.61325,3.10938,3.61338,3.61325,3.61325,2.93469,3.61325,3.61325],"ARTIX_MGTAVTT": [1.56525,1.56525,1.56525,1.565,1.56525,1.56525,1.56525,1.56525,1.20669,1.22131],"+12_SCALED": [10.4538,13.073,11.9026,10.6278,11.9026,11.903,10.7141,10.4538,10.1752,13.0728],"5V_SCALED": [5.56366,4.5583,5.07607,4.35634,4.47241,5.07607,4.35634,5.07625,5.32089,4.5583],"SERVICES+3.3V": [3.18663,2.93469,3.10931,3.61325,3.61325,3.61325,3.61325,3.25069,3.61325,3.95463],"SERVICES+1.8V": [2.07725,1.71969,1.73344,1.73344,2.07725,2.93,2.07725,2.896,2.07725,1.73344],"ARTIX_MGTAVCC": [1.565,1.565,1.08531,1.13863,1.565,0.950688,1.564,1.564,1.565,1.565],"SERVICES+1.0V": [1.565,1.564,1.565,1.565,1.564,1.08531,1.13863,1.565,1.08531,1.564],"SERVICES+1.5V": [1.44769,1.56531,1.56531,1.56544,1.56531,2.888,1.56531,1.56531,1.44663,1.56538],}