{"SERVICES_POWER_STANDBY_+3.3V": [1.08531,1.56525,1.30931,1.56525,1.56525,1.56525,1.56525,1.56525,1.56525,1.56525],"ARTIX_MGTAVTT": [1.565,1.13863,1.56525,1.56525,1.56525,1.56525,1.30931,1.56525,2.384,1.56525],"+12_SCALED": [0.209,0.2,0.2,0.254857,0.273071,0.268571,0.251,0.2,0.273071,0.209],"5V_SCALED": [0.2,0.222857,0.220893,0.222411,0.209464,0.230446,0.220893,0.204196,0.238036,0.257143],"SERVICES+3.3V": [1.56525,1.56525,1.56525,1.56525,1.56531,1.56525,1.56531,1.41788,1.56531,1.41944],"SERVICES+1.8V": [1.13863,1.56525,1.19131,1.56525,1.56525,1.56525,1.56525,1.46563,1.9065,1.56544],"ARTIX_MGTAVCC": [1.18931,1.56525,1.41713,1.20669,2.256,1.56525,1.56525,1.41788,1.56525,1.56525],"SERVICES+1.0V": [1.565,1.56525,1.22331,1.30944,1.56525,1.41738,1.56525,1.56525,1.56525,1.56525],"SERVICES+1.5V": [1.93756,1.13863,1.19131,1.56525,1.56525,1.56525,1.56525,1.41788,1.41713,1.20669],}