{"SERVICES_POWER_STANDBY_+3.3V": [3.19069,3.61325,3.61338,3.61325,2.93469,3.10938,3.10944,3.61325,3.61325,3.25069],"ARTIX_MGTAVTT": [1.56525,1.906,1.22144,1.19181,1.906,1.56525,1.56525,1.906,1.56525,1.22331],"+12_SCALED": [10.6736,13.073,11.9026,11.9026,11.9026,13.073,11.9026,10.7141,11.9026,11.903],"5V_SCALED": [4.55813,5.07625,5.32161,4.5583,4.35634,4.56187,5.56366,4.55813,5.07607,4.47241],"SERVICES+3.3V": [3.18663,3.10938,3.61325,2.99869,3.61325,3.18663,3.35738,3.61325,3.10938,3.10938],"SERVICES+1.8V": [2.07725,2.07725,1.71781,2.07725,2.07725,1.90669,1.73344,1.73344,2.07725,2.07725],"ARTIX_MGTAVCC": [1.565,1.13863,1.08531,1.565,1.565,1.565,1.08531,1.565,1.08531,1.564],"SERVICES+1.0V": [1.08531,1.08531,1.13863,1.565,1.565,1.08531,1.564,1.08531,1.08531,1.565],"SERVICES+1.5V": [1.56531,1.64269,2.76,1.44769,1.44369,1.44369,1.56531,1.44663,1.56538,1.44663],}