{"SERVICES_POWER_STANDBY_+3.3V": [3.3175,3.31881,3.31925,3.31219,3.32456,3.31825,3.31713,3.31513,3.32169,3.32063],"ARTIX_MGTAVTT": [1.20075,1.20025,1.20031,1.20056,1.20056,1.2005,1.20075,1.20069,1.20069,1.20081],"+12_SCALED": [11.7857,11.7844,11.7859,11.7831,11.7879,11.7836,11.7855,11.7842,11.7874,11.7831],"5V_SCALED": [4.95848,4.96268,4.96491,4.96545,4.96205,4.96527,4.96036,4.965,4.96,4.96357],"SERVICES+3.3V": [3.33806,3.33213,3.33844,3.34175,3.33994,3.33306,3.33619,3.33513,3.33869,3.33081],"SERVICES+1.8V": [1.80606,1.80881,1.81456,1.80544,1.8125,1.81225,1.80338,1.80819,1.80825,1.81181],"ARTIX_MGTAVCC": [1.00631,1.00569,1.00681,1.00638,1.00681,1.00619,1.00694,1.00613,1.00744,1.006],"SERVICES+1.0V": [1.00425,1.00538,1.00494,1.00925,1.00575,1.00669,1.00144,1.00638,1.00294,1.00163],"SERVICES+1.5V": [1.49031,1.49081,1.48938,1.48981,1.49056,1.49081,1.49069,1.491,1.48975,1.49144],}