{"SERVICES_POWER_STANDBY_+3.3V": [0.882625,1.08531,1.564,1.564,1.09531,1.18131,1.20263,1.56525,1.22381,1.56525],"ARTIX_MGTAVTT": [1.496,1.564,1.564,1.26413,1.565,1.56525,1.21331,1.56525,1.56525,1.565],"+12_SCALED": [0.2,0.2,0.2,0.2,0.2,0.2,0.2,0.2,0.2,0.2],"5V_SCALED": [0.2,0.2,0.2,0.2,0.2,0.2,0.2,0.2,0.2,0.2],"SERVICES+3.3V": [0.2,0.2,0.2,0.2,0.2,0.2,0.2,0.2,0.2,0.2],"SERVICES+1.8V": [1.08531,1.564,1.13863,1.13863,1.18131,1.56525,1.22331,1.56531,1.56531,1.41731],"ARTIX_MGTAVCC": [1.13863,1.08531,1.05331,1.56525,1.56525,1.906,1.56525,1.56531,1.56525,1.56525],"SERVICES+1.0V": [0.882625,1.564,1.565,1.18131,1.09531,1.56525,1.56525,1.56525,1.21331,1.56531],"SERVICES+1.5V": [1.05331,1.05331,1.18131,1.39463,1.18131,1.56525,1.34131,1.41731,1.56525,1.56525],}