{"SERVICES_POWER_STANDBY_+3.3V": [1.56,0.882625,1.08531,1.565,1.18131,1.565,1.565,1.565,1.565,1.565],"ARTIX_MGTAVTT": [1.05331,1.564,1.13863,1.14531,1.565,1.565,1.565,1.56525,1.13863,1.56525],"+12_SCALED": [0.2,0.2,0.2,0.2,0.2,0.2,0.2,0.2,0.2,0.2],"5V_SCALED": [0.2,0.2,0.2,0.2,0.2,0.2,0.2,0.2,0.2,0.2],"SERVICES+3.3V": [0.2,0.2,0.2,0.2,0.2,0.2,0.2,0.2,0.2,0.2],"SERVICES+1.8V": [1.05331,1.08531,1.09531,1.09331,1.56531,1.21531,1.22381,1.56531,1.44663,1.56531],"ARTIX_MGTAVCC": [0.886625,1.564,1.564,1.22131,1.13863,1.56525,1.18131,1.56531,1.56525,1.13863],"SERVICES+1.0V": [1.564,1.13863,1.08531,1.30931,1.565,1.21331,1.21331,1.30931,1.44263,1.906],"SERVICES+1.5V": [1.05331,1.564,1.05331,1.08531,1.13863,1.21331,1.56525,1.56531,1.41731,1.22394],}