{"SERVICES_POWER_STANDBY_+3.3V": [1.56,1.496,1.564,1.13863,1.565,1.19063,1.564,1.564,1.564,1.565],"ARTIX_MGTAVTT": [1.304,1.496,1.56,1.08531,1.565,1.39463,1.565,1.564,1.564,1.904],"+12_SCALED": [0.2,0.2,0.2,0.2,0.2,0.2,0.2,0.2,0.2,0.2],"5V_SCALED": [0.2,0.2,0.2,0.2,0.2,0.2,0.2,0.2,0.2,0.2],"SERVICES+3.3V": [0.882625,1.56,1.564,1.564,1.05331,1.05331,1.13863,1.56,1.13863,1.13863],"SERVICES+1.8V": [1.308,0.882625,1.496,0.882625,1.05331,0.886625,1.564,1.05331,1.13863,1.56],"ARTIX_MGTAVCC": [1.565,1.904,1.564,1.565,1.19063,1.565,1.906,1.05331,1.13863,1.565],"SERVICES+1.0V": [1.56,1.496,1.05331,1.564,1.496,0.882625,1.496,1.496,1.564,1.308],"SERVICES+1.5V": [1.05331,0.882625,1.304,0.882625,1.304,0.882625,0.882625,1.24,0.882625,1.308],}