{"SERVICES_POWER_STANDBY_+3.3V": [3.61325,2.93063,3.18663,3.61325,2.75988,3.61325,3.61325,3.18663,2.75994,3.61325],"ARTIX_MGTAVTT": [3.61325,3.18663,3.61325,2.75988,2.74388,3.61325,3.61325,3.61325,3.08263,3.61325],"+12_SCALED": [0.2,0.241143,0.337143,0.254857,0.2,0.2,0.231929,0.221,0.254857,0.231929],"5V_SCALED": [2.88205,2.88205,3.04804,2.91661,2.89348,2.89348,4.1,4.1,4.10071,2.88205],"SERVICES+3.3V": [3.18663,3.18663,2.75988,2.75994,3.613,3.35331,3.33713,2.75994,3.61325,2.75994],"SERVICES+1.8V": [3.61325,3.61325,3.61325,3.61325,3.61325,3.61325,2.93469,3.61325,2.74394,3.61325],"ARTIX_MGTAVCC": [3.61325,3.61325,3.61325,3.61325,2.93063,3.61325,2.75994,3.61325,3.08263,2.93469],"SERVICES+1.0V": [3.61325,2.93063,2.74388,2.93063,3.61325,2.93469,2.93469,3.61325,2.75988,3.61325],"SERVICES+1.5V": [2.93469,3.61325,2.75994,3.61325,3.61325,3.61325,2.75988,3.61325,3.61325,3.61325],}