{"SERVICES_POWER_STANDBY_+3.3V": [3.32756,3.31981,3.3215,3.31938,3.32194,3.32269,3.31863,3.31988,3.31825,3.32031],"ARTIX_MGTAVTT": [1.20038,1.20138,1.20163,1.20144,1.20131,1.20113,1.201,1.20069,1.20144,1.20094],"+12_SCALED": [11.7919,11.7919,11.7943,11.7891,11.7919,11.7904,11.7924,11.7919,11.7906,11.7921],"5V_SCALED": [4.95973,4.96286,4.96634,4.96027,4.96518,4.96313,4.96,4.96205,4.96,4.95893],"SERVICES+3.3V": [3.33,3.33913,3.3435,3.33488,3.333,3.33725,3.33144,3.33425,3.3295,3.33713],"SERVICES+1.8V": [1.80744,1.80688,1.81206,1.8105,1.80969,1.80625,1.80875,1.8085,1.80381,1.81038],"ARTIX_MGTAVCC": [1.00644,1.00606,1.00656,1.00756,1.0075,1.00631,1.00587,1.00631,1.00756,1.00781],"SERVICES+1.0V": [1.00456,0.999688,1.0035,1.00669,1.00494,1.00231,1.00581,1.00338,1.00094,1.0025],"SERVICES+1.5V": [1.49088,1.49,1.49044,1.49106,1.48969,1.48969,1.49038,1.49,1.49031,1.48931],}