{"SERVICES_POWER_STANDBY_+3.3V": [1.18931,1.18131,1.56525,1.22381,1.56525,1.34131,1.56525,1.56525,1.56525,1.56525],"ARTIX_MGTAVTT": [1.13863,1.565,1.22131,1.56525,1.39463,1.56525,1.56525,1.34131,1.906,1.41738],"+12_SCALED": [0.2,0.2,0.273071,0.268571,0.224214,0.223786,0.273071,0.2,0.2,0.254857],"5V_SCALED": [0.230357,0.2,0.257143,0.230446,0.257143,0.203036,0.230446,0.238036,0.20375,0.230446],"SERVICES+3.3V": [3.613,3.613,3.613,2.93063,2.56763,2.93063,3.613,3.613,3.613,2.37594],"SERVICES+1.8V": [2.74394,2.74388,3.61325,3.61325,2.93063,2.93063,3.61325,3.61325,3.61325,3.61325],"ARTIX_MGTAVCC": [1.56525,1.13863,1.906,1.56525,1.565,1.14269,1.56525,1.56525,1.56525,1.56525],"SERVICES+1.0V": [1.13863,1.565,1.30931,1.56525,1.9065,1.56531,1.56525,1.56525,1.56525,1.56525],"SERVICES+1.5V": [1.565,1.56525,1.56525,1.906,1.41738,1.56525,2.416,1.56531,1.65363,1.65338],}