{"SERVICES_POWER_STANDBY_+3.3V": [3.32119,3.31975,3.31956,3.31406,3.322,3.32313,3.32569,3.31838,3.32019,3.31681,3.32313,3.31856,3.31944,3.32206,3.31444,3.32525,3.3225,3.31775,3.32738,3.31306,3.31838,3.31931,3.32019,3.318,3.31706,3.32306],"ARTIX_MGTAVTT": [1.201,1.20094,1.201,1.20088,1.20069,1.201,1.201,1.20106,1.20106,1.20131,1.201,1.20106,1.20081,1.201,1.20119,1.20094,1.20081,1.20106,1.20075,1.2005,1.20056,1.201,1.20038,1.20113,1.20088,1.20094],"+12_SCALED": [11.7844,11.7844,11.7849,11.7853,11.7846,11.7825,11.7831,11.7786,11.7827,11.7864,11.7823,11.7808,11.7812,11.7806,11.7834,11.7876,11.7827,11.7842,11.7876,11.7808,11.7836,11.7834,11.7831,11.7797,11.7859,11.784],"5V_SCALED": [4.96,4.96304,4.96313,4.96375,4.96259,4.95875,4.96071,4.96295,4.96232,4.96152,4.96214,4.95946,4.96071,4.96018,4.96125,4.96045,4.96286,4.96187,4.96473,4.96054,4.96152,4.96286,4.96196,4.96,4.96205,4.96625],"SERVICES+3.3V": [3.33244,3.33569,3.34256,3.32888,3.33238,3.34031,3.33831,3.33738,3.33475,3.33244,3.33494,3.32825,3.33619,3.33088,3.33731,3.34138,3.3335,3.34138,3.33094,3.32794,3.33606,3.3435,3.33763,3.32813,3.3305,3.33963],"SERVICES+1.8V": [1.81106,1.80494,1.816,1.80925,1.81038,1.81006,1.81063,1.81531,1.8075,1.81275,1.81144,1.81531,1.81875,1.80869,1.80963,1.8105,1.8075,1.81031,1.8075,1.81013,1.80531,1.80581,1.81144,1.81025,1.812,1.80294],"ARTIX_MGTAVCC": [1.00763,1.00556,1.007,1.00669,1.00713,1.00744,1.00631,1.00756,1.00638,1.00631,1.00631,1.00681,1.00731,1.00644,1.00725,1.00694,1.00625,1.0075,1.00644,1.00625,1.0075,1.00731,1.00744,1.00638,1.00594,1.00544],"SERVICES+1.0V": [1.00631,1.00063,1.00556,1.00356,1.00325,1.0045,1.00794,1.0045,1.00338,1.00206,1.00206,1.00206,1.00425,0.999938,1.00469,0.997563,1.00175,1.003,1.00556,1.00006,1.00481,0.998438,1.00569,0.999188,1.00431,0.99875],"SERVICES+1.5V": [1.48969,1.49144,1.49025,1.4915,1.49088,1.49063,1.48994,1.491,1.48944,1.49106,1.49075,1.49069,1.49081,1.49019,1.49088,1.49063,1.49081,1.49081,1.491,1.48963,1.49,1.49019,1.49106,1.4905,1.49006,1.49038],}