{"SERVICES_POWER_STANDBY_+3.3V": [1.10263,1.16263,1.18056,1.22681,1.22088,1.19869,1.21344,1.25381,1.22506,1.2105],"ARTIX_MGTAVTT": [1.07206,1.1585,1.16856,1.19556,1.19894,1.20744,1.22731,1.21344,1.24688,1.26413],"+12_SCALED": [0,0,0,0,0,0,0,0,0,0],"5V_SCALED": [0,0,0,0,0,0,0,0,0,0],"SERVICES+3.3V": [1.12294,1.172,1.20875,1.24175,1.26263,1.25019,1.22044,1.21506,1.26756,1.26738],"SERVICES+1.8V": [1.11481,1.20144,1.22125,1.20225,1.218,1.19756,1.21388,1.255,1.22413,1.21563],"ARTIX_MGTAVCC": [1.12475,1.17144,1.21869,1.20438,1.22863,1.22819,1.229,1.22225,1.21038,1.25044],"SERVICES+1.0V": [1.10956,1.16869,1.17644,1.20063,1.1945,1.18806,1.17244,1.19313,1.18919,1.18231],"SERVICES+1.5V": [1.05731,1.11869,1.18263,1.207,1.19956,1.16506,1.2135,1.23031,1.20463,1.19906],}