{"SERVICES_POWER_STANDBY_+3.3V": [3.31963,3.32044,3.32081,3.32238,3.3225,3.32081,3.31875,3.32263,3.32356,3.31944],"ARTIX_MGTAVTT": [1.201,1.20031,1.20063,1.20069,1.20069,1.201,1.20069,1.20125,1.201,1.20131],"+12_SCALED": [11.7846,11.7857,11.7784,11.7806,11.7849,11.7864,11.7816,11.7834,11.7849,11.7855],"5V_SCALED": [4.96357,4.96036,4.96071,4.96187,4.96384,4.96616,4.96446,4.96,4.9625,4.96143],"SERVICES+3.3V": [3.33913,3.342,3.33119,3.34,3.33263,3.33769,3.33463,3.33056,3.33963,3.331],"SERVICES+1.8V": [1.80294,1.81369,1.80656,1.80994,1.80906,1.81069,1.80619,1.81475,1.81331,1.80706],"ARTIX_MGTAVCC": [1.00663,1.00781,1.00781,1.00706,1.008,1.00694,1.00694,1.008,1.00744,1.00587],"SERVICES+1.0V": [1.00169,1.00381,1.00344,1.00369,1.00306,0.999438,1.00169,1.00594,1.00425,1.00056],"SERVICES+1.5V": [1.49156,1.49131,1.48994,1.49081,1.48969,1.48975,1.48975,1.49063,1.49044,1.48988],}