{"SERVICES_POWER_STANDBY_+3.3V": [1.10431,1.16756,1.18775,1.178,1.21238,1.23963,1.24344,1.25775,1.22694,1.21694],"ARTIX_MGTAVTT": [1.07144,1.15025,1.19919,1.19656,1.19231,1.18338,1.22231,1.19344,1.19231,1.18656],"+12_SCALED": [0,0,0,0,0,0,0,0,0,0],"5V_SCALED": [0,0,0,0,0,0,0,0,0,0],"SERVICES+3.3V": [1.11669,1.20638,1.22569,1.20369,1.22819,1.2225,1.20569,1.22738,1.13219,1.18256],"SERVICES+1.8V": [1.11294,1.18956,1.1755,1.20444,1.21281,1.23019,1.21219,1.2355,1.22688,1.20906],"ARTIX_MGTAVCC": [1.11963,1.21713,1.19438,1.20144,1.21719,1.19531,1.20656,1.23206,1.22575,1.21375],"SERVICES+1.0V": [1.102,1.14619,1.17225,1.167,1.16119,1.15738,1.15144,1.19313,1.16725,1.17338],"SERVICES+1.5V": [1.052,1.13831,1.14088,1.151,1.16894,1.15413,1.12956,1.13931,1.15819,1.143],}