{"SERVICES_POWER_STANDBY_+3.3V": [3.61325,3.61325,3.61325,3.10144,3.61325,3.43456,3.10944,3.61325,3.25069,3.61325],"ARTIX_MGTAVTT": [1.19181,1.13863,1.22131,1.56525,1.18394,1.565,1.56525,1.22263,1.56525,1.56525],"+12_SCALED": [11.903,10.4399,11.9026,11.9026,10.6754,10.6595,11.9026,11.9026,11.903,11.9026],"5V_SCALED": [4.35634,5.56375,5.07625,5.07607,5.07607,5.07607,5.07607,5.07607,4.35634,5.07607],"SERVICES+3.3V": [3.10938,3.61325,3.61325,3.61325,3.18663,3.61325,3.61325,3.61325,3.10944,3.35725],"SERVICES+1.8V": [2.8905,1.71969,1.73344,2.07725,1.71781,1.71781,1.71969,2.07725,1.71988,2.07725],"ARTIX_MGTAVCC": [1.564,1.564,1.565,1.564,1.08531,1.565,1.05331,1.08531,1.565,1.08531],"SERVICES+1.0V": [1.564,1.564,1.564,1.08531,1.13863,1.564,1.564,1.564,1.564,1.564],"SERVICES+1.5V": [2.768,1.44781,1.56531,1.56531,1.65313,1.56538,2.76,1.56531,1.44669,1.56531],}