{"SERVICES_POWER_STANDBY_+3.3V": [3.10938,3.25069,2.99969,3.61325,3.61325,3.61325,3.95463,3.61325,3.61325,3.61325],"ARTIX_MGTAVTT": [1.56525,1.56525,1.906,1.56525,1.56525,1.22144,1.56525,1.19169,1.56525,1.906],"+12_SCALED": [11.903,10.4538,10.7028,11.9026,10.6595,11.9026,11.9026,11.0251,11.9026,10.7141],"5V_SCALED": [5.07607,5.07607,4.5583,5.07607,5.07607,4.35634,4.47241,5.07607,4.58661,5.07625],"SERVICES+3.3V": [3.61325,3.35738,3.61325,3.61338,3.61325,3.25069,3.61325,3.61338,3.10938,3.61325],"SERVICES+1.8V": [2.07725,2.07725,1.71781,2.93,1.71944,1.71969,1.71969,1.71694,2.896,1.71694],"ARTIX_MGTAVCC": [1.564,1.565,1.565,1.08531,1.08531,1.564,1.13863,1.565,1.564,1.564],"SERVICES+1.0V": [1.564,1.565,1.565,1.565,1.564,1.564,1.564,1.564,1.08531,1.08531],"SERVICES+1.5V": [1.56531,1.56538,1.90656,1.44769,1.44769,1.56538,2.76,1.44769,1.56538,1.44769],}