{"SERVICES_POWER_STANDBY_+3.3V": [1.08781,1.56525,1.9065,1.56525,1.56525,2.384,2.384,1.56525,1.56525,1.56525],"ARTIX_MGTAVTT": [1.08531,1.18144,1.18763,1.56525,1.56525,1.56525,1.56525,1.56525,1.56525,1.46563],"+12_SCALED": [0.200429,0.2,0.273071,0.241143,0.250143,0.254857,0.240714,0.2,0.209,0.274786],"5V_SCALED": [0.2,0.241875,0.237143,0.217143,0.230357,0.257143,0.205625,0.234286,0.2,0.213304],"SERVICES+3.3V": [3.613,2.93063,2.58931,3.613,3.612,3.613,2.37169,3.612,3.613,2.93063],"SERVICES+1.8V": [3.61325,2.75994,2.75988,2.93063,3.61325,3.61325,3.61325,3.61325,3.61325,2.93063],"ARTIX_MGTAVCC": [1.18144,1.13863,1.56525,1.22381,2.76,1.42963,1.56525,1.56525,1.56525,1.46263],"SERVICES+1.0V": [1.13863,1.565,1.56525,1.56538,1.46081,1.9065,1.46131,1.56538,1.56538,1.45869],"SERVICES+1.5V": [1.565,1.56525,1.56525,1.56525,1.56525,1.56525,1.56525,1.46263,1.56538,1.906],}