{"SERVICES_POWER_STANDBY_+3.3V": [0.0004375,0.000375,0.000375,0.000375,0.000375,0.000375,0.000375,0.0003125,0.0004375,0.000375],"ARTIX_MGTAVTT": [0.0014375,0.0014375,0.0014375,0.0015625,0.0015625,0.0015625,0.0015625,0.0015625,0.001625,0.001625],"+12_SCALED": [0,0,0,0,0,0,0,0,0,0],"5V_SCALED": [0,0,0,0,0,0,0,0,0,0],"SERVICES+3.3V": [0.0004375,0.000375,0.0004375,0.0004375,0.0004375,0.000375,0.0004375,0.0004375,0.0004375,0.0004375],"SERVICES+1.8V": [0.000375,0.000375,0.000375,0.0004375,0.000375,0.0004375,0.0004375,0.000375,0.0004375,0.0004375],"ARTIX_MGTAVCC": [0.0005,0.0005,0.0005625,0.0005625,0.0005625,0.000625,0.0005625,0.000625,0.000625,0.0005625],"SERVICES+1.0V": [0.0004375,0.000375,0.0004375,0.000375,0.000375,0.000375,0.0004375,0.0004375,0.0004375,0.000375],"SERVICES+1.5V": [0.0004375,0.0004375,0.0004375,0.0004375,0.0004375,0.000375,0.0004375,0.0004375,0.0004375,0.0004375],}