{"SERVICES_POWER_STANDBY_+3.3V": [0.24,0.209312,0.2,0.2,0.216,0.2,0.2,0.2,0.2,0.216],"ARTIX_MGTAVTT": [0.2,0.2,0.2,0.28,0.2,0.22125,0.22,0.2405,0.22,0.221313],"+12_SCALED": [0.241143,0.2,0.2,0.337143,0.337143,0.2135,0.272857,0.2,0.218214,0.273071],"5V_SCALED": [0.222857,0.207589,0.230446,0.228571,0.230446,0.222321,0.2,0.210446,0.257143,0.2],"SERVICES+3.3V": [0.24,0.212,0.2,0.2,0.221313,0.2,0.2025,0.221,0.264,0.242625],"SERVICES+1.8V": [0.24,0.221313,0.200125,0.28,0.28,0.2425,0.212,0.24,0.214625,0.2],"ARTIX_MGTAVCC": [0.2,0.2,0.28,0.28525,0.264,0.202125,0.2,0.264,0.202625,0.2],"SERVICES+1.0V": [0.22,0.2,0.223312,0.2,0.2,0.2,0.2,0.205063,0.221313,0.212],"SERVICES+1.5V": [0.204,0.2,0.28,0.221313,0.2,0.207813,0.226,0.24,0.2,0.2],}