{"SERVICES_POWER_STANDBY_+3.3V": [0.24,0.22,0.209,0.221313,0.214625,0.221313,0.2,0.206125,0.2,0.2],"ARTIX_MGTAVTT": [0.24,0.216,0.24,0.2405,0.24,0.24,0.229313,0.2,0.2,0.24],"+12_SCALED": [1.00443,0.938214,1.37,0.940357,1.36914,1.37,1.37,1.36914,0.862786,1.37],"5V_SCALED": [0.230446,0.233304,0.257143,0.230357,0.218929,0.2,0.20375,0.220893,0.2,0.2],"SERVICES+3.3V": [0.223312,0.221313,0.221313,0.22125,0.2,0.28,0.28,0.242,0.209312,0.2],"SERVICES+1.8V": [0.216,0.264,0.264,0.28,0.242,0.221313,0.242625,0.24,0.2,0.2],"ARTIX_MGTAVCC": [0.2,0.207062,0.24,0.229313,0.264,0.2,0.2,0.216,0.206125,0.22125],"SERVICES+1.0V": [0.206625,0.2,0.202937,0.2,0.207313,0.2065,0.24,0.264,0.2,0.2],"SERVICES+1.5V": [0.22125,0.2,0.202625,0.209312,0.221313,0.226,0.264,0.24,0.264,0.221313],}