{"SERVICES_POWER_STANDBY_+3.3V": [0.882625,1.13863,1.564,1.564,1.564,1.564,1.09331,1.18131,1.09331,1.18131],"ARTIX_MGTAVTT": [1.05331,0.882625,1.05331,1.564,1.09331,1.564,1.08531,1.564,1.56525,1.08531],"+12_SCALED": [0.2,0.2,0.2,0.2,0.2,0.2,0.2,0.2,0.2,0.2],"5V_SCALED": [0.2,0.2,0.2,0.2,0.2,0.2,0.2,0.2,0.2,0.2],"SERVICES+3.3V": [0.2,0.2,0.2,0.2,0.2,0.2,0.2,0.2,0.2,0.2],"SERVICES+1.8V": [1.13863,1.564,1.09331,1.564,1.13863,1.08531,1.08531,0.946625,1.564,1.564],"ARTIX_MGTAVCC": [1.564,1.13863,1.05331,1.565,0.950625,1.564,1.565,1.13863,0.946625,1.08531],"SERVICES+1.0V": [1.05331,1.05331,1.564,1.05331,1.564,1.564,1.564,1.05331,1.564,1.564],"SERVICES+1.5V": [0.882625,1.05331,1.05331,1.56,1.05331,1.05331,1.05331,1.08531,1.56,1.05331],}