{"SERVICES_POWER_STANDBY_+3.3V": [3.10938,3.61325,3.10938,3.61325,3.26663,3.61325,3.61325,2.93469,3.61325,3.61325],"ARTIX_MGTAVTT": [1.22131,1.22331,1.565,1.56525,1.19188,1.14269,1.25863,1.22131,1.22144,1.25863],"+12_SCALED": [11.903,10.1752,10.7144,11.9026,11.9026,13.073,10.6595,11.9026,10.4538,10.7236],"5V_SCALED": [4.35634,5.07607,5.07625,4.5583,5.56375,4.35634,5.07607,5.07607,5.07625,5.07607],"SERVICES+3.3V": [3.61325,3.24138,3.61338,3.61325,3.61325,3.61325,3.10944,3.10944,3.61325,2.93469],"SERVICES+1.8V": [2.8885,2.93,1.71781,2.16256,1.73344,2.24863,2.07725,1.71781,1.71781,2.58925],"ARTIX_MGTAVCC": [1.565,1.565,1.08531,1.08531,1.08531,1.565,1.13863,1.13863,1.565,1.08531],"SERVICES+1.0V": [0.950688,1.564,1.08531,1.565,1.564,1.564,1.565,1.08531,1.564,1.08531],"SERVICES+1.5V": [1.44669,1.56538,1.56531,2.76,1.44769,1.44369,2.77,1.44769,1.56531,1.44669],}