{"SERVICES_POWER_STANDBY_+3.3V": [0.2,0.264,0.201312,0.209,0.2,0.2,0.221313,0.209312,0.22125,0.22],"ARTIX_MGTAVTT": [0.223312,0.223312,0.2,0.229313,0.24,0.221313,0.221313,0.24,0.214875,0.221313],"+12_SCALED": [0.2,0.254857,0.2,0.226786,0.289143,0.201071,0.226786,0.231929,0.2,0.221214],"5V_SCALED": [0.20375,0.2,0.230446,0.220893,0.228571,0.233304,0.222857,0.209911,0.2,0.211161],"SERVICES+3.3V": [0.221813,0.20925,0.226,0.2,0.221313,0.264,0.201312,0.2,0.216,0.207938],"SERVICES+1.8V": [0.221313,0.2,0.204063,0.2,0.264,0.207438,0.216,0.229313,0.209312,0.203938],"ARTIX_MGTAVCC": [0.22,0.226,0.216,0.216,0.209,0.212,0.202125,0.22125,0.212,0.203938],"SERVICES+1.0V": [0.214625,0.202125,0.209312,0.223312,0.2,0.2,0.24,0.216,0.223312,0.22],"SERVICES+1.5V": [0.202625,0.216,0.2,0.202125,0.221313,0.212,0.2405,0.221,0.203625,0.215687],}