{"SERVICES_POWER_STANDBY_+3.3V": [3.32,3.32894,3.31925,3.31031,3.31975,3.32056,3.3245,3.32369,3.32375,3.321],"ARTIX_MGTAVTT": [1.20031,1.2005,1.2005,1.20031,1.20069,1.2005,1.20094,1.20044,1.20075,1.20069],"+12_SCALED": [11.7797,11.7866,11.7844,11.7851,11.7836,11.7851,11.7808,11.7844,11.7861,11.784],"5V_SCALED": [4.96509,4.96009,4.96179,4.95768,4.95902,4.95893,4.96071,4.96411,4.96,4.9592],"SERVICES+3.3V": [3.33938,3.33944,3.33206,3.33288,3.33719,3.34031,3.33431,3.3385,3.334,3.34288],"SERVICES+1.8V": [1.81069,1.809,1.80894,1.81113,1.808,1.80881,1.80494,1.814,1.80656,1.81463],"ARTIX_MGTAVCC": [1.00694,1.006,1.00606,1.00719,1.0065,1.00744,1.00631,1.00731,1.00631,1.0075],"SERVICES+1.0V": [1.00113,1.00412,1.006,1.00169,1.00556,1.001,1.00256,1.00494,1.00181,1.00463],"SERVICES+1.5V": [1.49075,1.49056,1.49056,1.48988,1.49038,1.49,1.49081,1.49031,1.49088,1.49156],}