{"SERVICES_POWER_STANDBY_+3.3V": [3.95463,2.93469,3.35725,2.93469,3.61325,3.10944,3.61325,2.93469,3.61325,3.18663,3.61325,3.61325,3.61325,2.93469,2.93469,3.61325,3.18663,3.61325,3.26663,2.93469,3.10944,3.61325,2.93469,3.10944,3.61325,3.61338,2.99869,3.25069,3.61325,2.93469,2.93469,3.10144,3.10938,3.61325,3.26663,3.61325,3.61325,2.93469,3.61325,3.18663,2.99869,3.61325,3.10944,3.10938,3.61325,3.10944,3.25069,3.35725,3.61325,2.93469],"ARTIX_MGTAVTT": [2.256,1.56525,1.906,1.25863,1.565,1.13863,1.565,1.56525,1.56525,1.56525,1.19131,1.56525,1.13863,1.56525,1.56525,1.56525,1.19181,1.19131,2.256,1.22131,1.56525,2.256,1.21331,1.14269,1.565,1.18931,1.22131,1.14269,1.13863,1.18931,1.14269,1.565,1.565,1.19131,1.22131,1.25863,1.56525,1.565,1.14269,1.22131,1.14269,1.56525,1.565,1.56525,1.22131,1.565,1.565,1.565,1.56525,1.56525],"+12_SCALED": [11.9026,10.4538,11.9026,11.9026,10.4538,11.9026,10.4538,10.6595,10.6685,11.9026,11.9026,12.4901,10.1752,10.4399,10.7141,10.6595,10.4538,9.79893,10.1752,11.9026,9.79893,13.073,11.903,10.6595,11.9026,10.6595,13.073,9.7925,10.6595,10.4399,10.7141,10.9567,9.79893,11.9026,13.0728,9.79893,11.9026,10.6758,11.9026,10.1752,10.1752,11.9026,11.9026,10.1752,10.6595,11.9026,11.9026,10.7144,10.6595,10.6766],"5V_SCALED": [4.71045,5.07607,5.07625,5.07607,4.19955,4.35634,4.35634,4.55973,5.07607,5.07607,4.47241,5.07607,4.5583,4.35634,4.55813,5.56366,4.35634,4.58089,4.5583,4.56384,5.07607,5.56375,5.56366,4.56384,5.41527,4.35634,5.07607,5.07607,4.54482,4.5583,5.56375,4.56187,5.56375,5.56375,5.07607,4.55813,4.56384,5.07607,5.07625,4.55813,5.07607,4.19688,5.07625,5.07607,4.19955,5.07607,4.5867,5.56366,4.47241,5.07607],"SERVICES+3.3V": [3.61325,2.99869,3.61325,3.10944,3.25069,3.61325,3.26663,2.93469,2.93469,3.10944,2.99944,3.61325,3.19069,2.99869,3.61338,3.61325,3.25069,3.10938,2.93469,3.25069,3.10938,3.61325,3.35738,3.61338,3.10938,3.61325,3.61325,3.10938,3.18663,3.95463,3.19069,3.26669,3.10944,3.61325,3.61325,3.61325,3.25069,3.61338,3.10944,2.93469,3.61325,3.61325,2.99869,3.61325,3.61325,3.10938,3.44263,3.50669,3.35725,3.61325],"SERVICES+1.8V": [1.73344,2.16256,2.896,2.589,1.90663,2.89806,1.73344,1.71781,1.73344,1.73344,2.07725,2.16256,1.71969,2.93,1.73344,1.90663,1.71994,1.90669,1.71944,2.07725,2.93,1.71969,2.896,1.71869,1.71781,2.89806,2.07725,1.71969,1.73344,1.71969,1.71988,2.24863,1.71781,2.16256,2.89606,1.71969,2.88806,1.71794,1.71944,1.71794,2.07725,1.71963,2.896,2.89806,1.71969,2.07725,1.71969,1.73344,1.71994,2.89806],"ARTIX_MGTAVCC": [1.564,1.564,1.565,1.564,1.08531,1.564,1.565,1.13863,1.08531,1.08531,1.13863,1.564,1.13863,1.08531,1.565,1.08531,1.564,1.08531,1.565,1.564,1.564,1.564,1.565,1.564,1.08531,1.564,1.08531,1.13863,1.08531,1.08531,1.564,1.13863,1.08531,1.564,1.08531,1.08531,1.564,1.08531,1.13863,1.13863,1.13863,1.565,1.564,1.08531,1.13863,1.13863,1.08531,1.13863,1.13863,1.08531],"SERVICES+1.0V": [1.16263,1.05331,1.565,1.08531,1.08531,1.08531,1.08531,1.565,1.08531,1.08531,1.564,1.565,1.564,1.08531,1.564,1.13863,1.565,1.08531,1.13863,1.565,1.564,1.13863,1.565,1.08531,1.13863,1.13863,1.565,1.08531,1.564,1.565,1.565,1.564,1.08531,1.565,1.564,1.13863,0.950688,1.565,1.08531,1.565,1.13863,1.08531,1.08531,1.13863,1.564,1.08531,1.564,0.950688,0.950688,1.565],"SERVICES+1.5V": [1.56531,1.56531,1.44663,1.56538,1.44769,1.90663,1.56538,1.56531,1.56538,1.56525,1.44769,2.76,1.56538,1.44263,1.65331,1.56538,1.44669,1.56531,1.56531,1.56538,1.44663,1.56538,1.56531,1.56538,1.56538,1.44369,1.56531,1.56531,2.76,1.56531,2.76,1.44769,1.56531,1.56531,1.56531,2.888,1.44769,1.56531,1.56531,1.56538,2.76,1.44769,1.44769,1.44769,1.56531,2.7605,2.7605,2.41806,1.56538,1.56538],}