{"SERVICES_POWER_STANDBY_+3.3V": [3.34131,3.33831,3.34063,3.34175,3.34031,3.33981,3.33669,3.34019,3.34294,3.33494],"ARTIX_MGTAVTT": [1.18956,1.18963,1.18944,1.18938,1.18919,1.18919,1.18913,1.18963,1.18925,1.18944],"+12_SCALED": [11.808,11.808,11.8129,11.8136,11.8112,11.8093,11.8123,11.811,11.8114,11.8082],"5V_SCALED": [4.95063,4.95143,4.95063,4.95563,4.95429,4.95063,4.95321,4.95473,4.95375,4.95286],"SERVICES+3.3V": [3.34113,3.34244,3.33781,3.34056,3.3445,3.33638,3.33213,3.34669,3.33975,3.34213],"SERVICES+1.8V": [1.814,1.80619,1.80744,1.80813,1.80388,1.80425,1.81038,1.81025,1.80894,1.809],"ARTIX_MGTAVCC": [0.99725,0.999125,0.995688,0.996563,0.9945,0.999563,0.999688,0.996938,0.996438,0.996438],"SERVICES+1.0V": [0.999875,1.00156,1.00438,0.999563,1.00231,1.00188,1.008,1.00169,1.00244,0.999563],"SERVICES+1.5V": [1.48731,1.48725,1.4885,1.48894,1.48763,1.48844,1.48819,1.489,1.488,1.48806],}