{"SERVICES_POWER_STANDBY_+3.3V": [1.05331,1.564,1.09531,1.13863,1.564,1.565,1.565,1.05331,0.946625,0.886625],"ARTIX_MGTAVTT": [1.05331,1.564,1.09331,1.09331,1.09331,1.20925,1.08531,1.564,1.565,1.565],"+12_SCALED": [0.2,0.2,0.2,0.2,0.2,0.2,0.2,0.2,0.2,0.2],"5V_SCALED": [0.2,0.2,0.2,0.2,0.2,0.2,0.2,0.2,0.2,0.2],"SERVICES+3.3V": [0.2,0.2,0.2,0.2,0.2,0.2,0.2,0.2,0.2,0.2],"SERVICES+1.8V": [1.05331,1.564,1.09331,1.09381,1.13863,1.564,1.564,1.08531,1.08531,1.564],"ARTIX_MGTAVCC": [1.05331,1.05331,1.05331,1.09331,1.18131,1.564,1.565,1.09381,1.18131,1.09331],"SERVICES+1.0V": [1.05863,1.05331,1.05331,1.564,1.05331,1.09331,1.564,1.16263,1.05331,1.564],"SERVICES+1.5V": [0.882625,1.56,1.496,1.13863,1.05331,1.56,1.05331,1.05331,1.05331,1.05331],}