{"SERVICES_POWER_STANDBY_+3.3V": [1.18131,2.416,1.56525,1.09531,1.21331,1.46931,1.33188,1.05331,1.56525,1.56531],"ARTIX_MGTAVTT": [1.906,1.56525,1.565,1.18131,1.35194,1.56531,1.56525,1.13863,1.18131,1.47181],"+12_SCALED": [0.2,1.265,0.2,0.2,0.2,0.931357,1.37021,0.488,0.2,0.2],"5V_SCALED": [0.687589,0.291429,0.2,0.2,0.550446,0.687589,0.2,0.2,0.2,0.942857],"SERVICES+3.3V": [0.541313,0.2,0.2,0.2,0.541313,0.541313,0.2,0.2,0.2,0.541313],"SERVICES+1.8V": [1.56525,1.565,1.18131,1.56525,2.768,1.46931,1.56525,1.18131,1.33163,1.56531],"ARTIX_MGTAVCC": [1.56531,1.56525,1.08531,1.906,1.46931,1.56531,1.13863,1.28763,2.768,2.768],"SERVICES+1.0V": [1.56525,1.565,1.18131,1.56531,2.768,1.56531,1.56525,1.565,2.256,1.56531],"SERVICES+1.5V": [1.14263,1.13863,1.565,1.56531,1.33594,1.56525,1.565,1.56525,1.56531,1.43731],}