{"SERVICES_POWER_STANDBY_+3.3V": [3.10131,3.61325,3.61325,3.10944,3.61325,3.61325,3.61325,3.24144,3.61338,3.61325],"ARTIX_MGTAVTT": [1.19181,1.56525,1.14269,1.56525,1.14269,1.56525,1.906,1.22144,1.34138,1.906],"+12_SCALED": [10.1752,13.073,10.6959,10.1752,10.6685,11.9026,9.79893,10.1752,11.9026,11.9026],"5V_SCALED": [4.5733,5.07625,5.07607,4.56187,4.35634,5.56375,5.07607,4.56187,4.19688,5.07607],"SERVICES+3.3V": [3.61325,3.19069,3.61325,3.61325,3.10944,3.61325,2.99869,2.99869,3.61325,3.61325],"SERVICES+1.8V": [1.71969,2.16256,2.07725,1.73344,1.73344,1.71969,1.71944,2.16256,2.896,2.07725],"ARTIX_MGTAVCC": [1.565,1.08531,1.565,1.565,1.08531,1.564,1.08531,1.08531,1.08531,1.564],"SERVICES+1.0V": [1.08531,1.565,1.564,1.565,1.565,1.13863,1.565,1.08531,1.13863,1.08531],"SERVICES+1.5V": [1.56538,2.762,1.44269,1.56531,1.56531,1.44669,1.56531,1.56538,1.56531,1.56531],}