{"SERVICES_POWER_STANDBY_+3.3V": [1.08531,1.9065,1.41738,1.906,1.56525,1.906,1.56525,2.384,1.56525,1.41738],"ARTIX_MGTAVTT": [1.565,1.19131,1.41738,1.56525,2.768,1.56531,1.56525,1.56525,1.56525,1.22131],"+12_SCALED": [0.254857,0.273071,0.239857,0.251,0.272857,0.289143,0.337143,0.2,0.272857,0.289143],"5V_SCALED": [0.2,0.2,0.2,0.228571,0.238036,0.216964,0.2,0.228571,0.230446,0.2],"SERVICES+3.3V": [1.224,1.228,0.649438,0.649438,0.882625,1.224,0.649438,0.649438,1.229,1.24],"SERVICES+1.8V": [0.2405,0.264,0.20925,0.2,0.216,0.229313,0.22,0.2,0.2,0.22],"ARTIX_MGTAVCC": [1.13863,1.56525,1.18131,1.56525,1.41738,1.20669,1.30931,1.22381,1.56525,2.384],"SERVICES+1.0V": [1.224,1.224,0.567688,0.518875,1.224,0.754,0.85,1.224,1.224,1.224],"SERVICES+1.5V": [1.564,1.564,1.565,1.09544,1.565,1.08531,1.565,1.08531,1.565,1.09531],}