{"SERVICES_POWER_STANDBY_+3.3V": [0.221313,0.22125,0.221313,0.2,0.2425,0.22,0.221313,0.264,0.221313,0.221313,0.221313,0.2,0.221313,0.2,0.242,0.221313,0.221313,0.28,0.28,0.201312,0.2,0.221,0.2,0.24,0.2,0.201312,0.2,0.2,0.2,0.221313,0.209312,0.28,0.24,0.28,0.24,0.264,0.221313,0.28,0.28,0.242625,0.264,0.221813,0.22125,0.201312,0.221313,0.2,0.221313,0.22125,0.2,0.204313],"ARTIX_MGTAVTT": [0.2425,0.205313,0.214625,0.221313,0.2,0.242,0.2,0.22,0.221313,0.221313,0.24,0.264,0.221313,0.2,0.28,0.221313,0.22,0.2405,0.221313,0.208,0.22125,0.22125,0.221313,0.201312,0.2,0.221313,0.221313,0.2425,0.242,0.2,0.221313,0.209312,0.221313,0.214625,0.22,0.2,0.24,0.221313,0.216,0.2,0.2,0.223312,0.2,0.221313,0.214625,0.2425,0.221,0.2405,0.214625,0.22],"+12_SCALED": [0.2,0.254857,0.273071,0.2,0.231929,0.2,0.230857,0.346143,0.239857,0.2,0.2,0.474286,0.273071,0.2,0.273071,0.346143,0.227429,0.268571,0.2,0.2,0.344,0.254857,0.273071,0.337143,0.474286,0.419429,0.231929,0.268571,0.273071,0.2,0.2,0.254857,0.230857,0.2,0.346143,0.201071,0.2,0.268571,0.345714,0.2,0.2,0.419429,0.272857,0.268571,0.226786,0.2,0.268571,0.209,0.250143,0.2],"5V_SCALED": [0.215179,0.23,0.228571,0.230446,0.291429,0.213482,0.204196,0.208304,0.2,0.20375,0.237143,0.260714,0.2,0.314286,0.2,0.246696,0.230446,0.2,0.2,0.211161,0.2,0.228571,0.2,0.291429,0.230446,0.213482,0.2,0.20375,0.228571,0.233304,0.230446,0.205268,0.314286,0.2,0.2,0.23,0.20375,0.2,0.230446,0.222411,0.230446,0.230446,0.230446,0.201875,0.213214,0.2,0.260714,0.203036,0.215179,0.211161],"SERVICES+3.3V": [0.221313,0.28,0.24,0.22,0.221313,0.221313,0.215687,0.223312,0.216,0.28,0.28,0.24,0.2,0.221313,0.22,0.221313,0.24,0.28,0.28,0.221313,0.264,0.221313,0.2405,0.221313,0.224,0.2,0.242,0.242,0.264,0.264,0.2,0.2,0.2,0.24,0.216,0.2,0.22125,0.221313,0.242,0.22125,0.216,0.221313,0.264,0.226,0.22125,0.207438,0.223312,0.221313,0.22,0.221813],"SERVICES+1.8V": [0.24,0.221313,0.2,0.2,0.221313,0.221313,0.214625,0.2,0.22125,0.223312,0.28,0.24,0.212,0.2,0.28,0.28,0.2,0.242,0.22,0.221313,0.2,0.2,0.221313,0.20925,0.2,0.2,0.214625,0.242,0.2405,0.215625,0.242,0.2,0.2405,0.2,0.221313,0.226,0.221,0.242,0.221,0.229313,0.2,0.242,0.221313,0.2,0.24,0.221313,0.24,0.221313,0.2,0.2],"ARTIX_MGTAVCC": [0.2,0.207813,0.215625,0.264,0.2,0.2,0.242,0.2,0.216,0.214875,0.2,0.22,0.22125,0.28,0.214875,0.229313,0.226,0.24,0.2,0.22,0.2,0.2,0.2405,0.229313,0.24,0.229313,0.24,0.28,0.226,0.208625,0.22,0.221313,0.242,0.2,0.202625,0.24,0.242,0.221313,0.2,0.221313,0.216,0.242,0.221313,0.221313,0.28,0.264,0.221313,0.221813,0.2,0.221313],"SERVICES+1.0V": [0.229313,0.24,0.28,0.22,0.200313,0.221313,0.221313,0.24,0.216,0.22,0.22,0.2,0.22,0.24,0.215625,0.22125,0.221313,0.22,0.264,0.221313,0.2425,0.2,0.2,0.221313,0.242,0.22125,0.2,0.2425,0.221313,0.221,0.22125,0.2,0.2405,0.221,0.28,0.2,0.223312,0.226,0.22125,0.24,0.221,0.22,0.22,0.24,0.214625,0.22,0.221313,0.2,0.2,0.223312],"SERVICES+1.5V": [0.221313,0.24,0.221313,0.22125,0.24,0.2,0.22125,0.221313,0.221313,0.242,0.242,0.264,0.224,0.22,0.264,0.2,0.221313,0.221313,0.2,0.264,0.229313,0.2,0.2,0.264,0.2,0.22,0.22125,0.221313,0.22,0.226,0.2,0.24,0.214625,0.28,0.24,0.22125,0.221313,0.22,0.22125,0.24,0.214875,0.221313,0.2,0.2,0.2,0.214625,0.221313,0.22125,0.221313,0.22125],}