{"SERVICES_POWER_STANDBY_+3.3V": [4.29594,4.29594,4.29594,4.29544,4.294,4.262,4.262,4.29544,4.29594,4.262],"ARTIX_MGTAVTT": [4.262,4.29594,4.29544,4.288,4.29544,4.29544,4.29594,4.29544,4.29544,4.294],"+12_SCALED": [14.2415,14.2366,14.1275,14.1234,14.2432,14.2432,14.24,14.2432,14.2432,14.2432],"5V_SCALED": [6.05134,6.05134,6.05,6.04857,6.05134,6.05134,6.05134,6.00286,6.05134,6.00286],"SERVICES+3.3V": [4.29544,4.29544,4.29544,4.29594,4.29544,4.294,4.29594,4.294,4.262,4.294],"SERVICES+1.8V": [4.262,4.29594,4.262,4.29544,4.29594,4.29594,4.262,4.29544,4.29544,4.29594],"ARTIX_MGTAVCC": [4.29594,4.295,4.294,4.26219,4.29594,4.262,4.29594,4.295,4.29594,4.294],"SERVICES+1.0V": [4.29594,4.262,4.29544,4.29544,4.29544,4.262,4.262,4.295,4.29594,4.29594],"SERVICES+1.5V": [4.29594,4.262,4.29594,4.29594,4.262,4.294,4.29594,4.29594,4.294,4.29594],}