{"SERVICES_POWER_STANDBY_+3.3V": [2.99869,3.61325,2.93469,3.61325,2.93469,3.61325,3.61325,3.10938,3.61325,3.10944],"ARTIX_MGTAVTT": [1.56525,1.22131,1.30931,1.56525,1.22331,1.56525,1.56525,1.56525,1.25863,1.20669],"+12_SCALED": [10.1752,10.4538,10.6595,10.1752,9.79893,10.6595,11.903,11.9026,11.9026,10.6595],"5V_SCALED": [5.07607,4.35634,4.56384,4.55813,4.71045,4.55813,4.57339,4.55813,4.35634,5.07607],"SERVICES+3.3V": [3.61325,3.61325,3.61325,3.18663,3.61325,3.19069,3.10944,3.61325,3.19069,3.61325],"SERVICES+1.8V": [2.89806,2.89,2.89806,2.07725,2.07725,2.16256,2.07725,2.07725,2.896,1.73344],"ARTIX_MGTAVCC": [1.565,1.13863,1.565,1.08531,1.08531,1.564,1.565,1.08531,1.564,1.08531],"SERVICES+1.0V": [1.565,1.564,1.13863,1.565,1.13863,1.13863,0.950688,1.08531,1.565,1.565],"SERVICES+1.5V": [2.76,1.56531,1.56531,2.768,1.56531,1.56531,1.56531,1.56531,1.56538,1.56531],}