{"SERVICES_POWER_STANDBY_+3.3V": [0.24,0.24,0.2,0.2,0.215625,0.2,0.221313,0.224,0.203938,0.207313],"ARTIX_MGTAVTT": [0.2,0.221,0.2245,0.2,0.216,0.229313,0.223312,0.209813,0.204938,0.22125],"+12_SCALED": [1.37,1.073,1.37,1.37,1.37021,1.98971,1.37021,1.37,1.37,0.953857],"5V_SCALED": [0.500893,0.68,0.685714,0.685714,0.504643,0.685714,0.588571,0.44,0.685714,0.685714],"SERVICES+3.3V": [0.2,0.2,0.2,0.2,0.20925,0.202625,0.226,0.215687,0.202625,0.215625],"SERVICES+1.8V": [0.212,0.200125,0.207813,0.221313,0.226,0.2,0.22025,0.216,0.215625,0.2],"ARTIX_MGTAVCC": [0.22125,0.2,0.2,0.207,0.2,0.24,0.212,0.202125,0.221313,0.207813],"SERVICES+1.0V": [0.221,0.223312,0.211875,0.2,0.221313,0.221313,0.226625,0.215625,0.209312,0.224],"SERVICES+1.5V": [0.2,0.24,0.2,0.221313,0.24,0.2,0.216,0.2,0.200625,0.24],}