{"SERVICES_POWER_STANDBY_+3.3V": [0.24,0.204313,0.226,0.2,0.22,0.2,0.22,0.209312,0.215687,0.2],"ARTIX_MGTAVTT": [0.215687,0.209,0.2,0.2,0.221313,0.201312,0.226,0.221,0.206688,0.2],"+12_SCALED": [0.2,0.250143,0.214786,0.272857,0.2045,0.201071,0.268571,0.2,0.239857,0.273071],"5V_SCALED": [0.2,0.220893,0.230446,0.210446,0.230446,0.231161,0.205804,0.257143,0.2,0.213304],"SERVICES+3.3V": [0.223312,0.264,0.215687,0.24,0.201312,0.2,0.229313,0.221313,0.2,0.216],"SERVICES+1.8V": [0.221313,0.2,0.2,0.2,0.216,0.221313,0.223312,0.2,0.2,0.24],"ARTIX_MGTAVCC": [0.221313,0.215625,0.2,0.201312,0.221313,0.221313,0.2,0.221313,0.221313,0.216],"SERVICES+1.0V": [0.200313,0.22125,0.24,0.202625,0.221313,0.209312,0.2,0.24,0.223312,0.2],"SERVICES+1.5V": [0.214875,0.206125,0.24,0.2,0.223312,0.24,0.204313,0.215687,0.2,0.216],}