{"SERVICES_POWER_STANDBY_+3.3V": [0.215625,0.212,0.223312,0.215687,0.226,0.216,0.214625,0.209312,0.216,0.214625],"ARTIX_MGTAVTT": [0.22,0.212,0.221313,0.215687,0.2,0.2,0.24,0.22,0.209813,0.2],"+12_SCALED": [0.273071,0.273071,0.2045,0.273071,0.250143,0.254857,0.253786,0.2,0.2,0.273071],"5V_SCALED": [0.206071,0.233304,0.201875,0.201875,0.230357,0.2,0.2,0.212857,0.201875,0.20375],"SERVICES+3.3V": [0.216,0.215687,0.221313,0.2,0.209312,0.223312,0.2,0.2105,0.24,0.215687],"SERVICES+1.8V": [0.2,0.223312,0.2,0.2,0.216,0.2,0.201312,0.212,0.201312,0.204313],"ARTIX_MGTAVCC": [0.221313,0.221313,0.214625,0.2,0.209312,0.223312,0.221313,0.216,0.214875,0.2],"SERVICES+1.0V": [0.221313,0.200125,0.221313,0.214875,0.221313,0.209438,0.22,0.2405,0.207062,0.221313],"SERVICES+1.5V": [0.226,0.216,0.226,0.221313,0.229313,0.24,0.2,0.212,0.2,0.2],}