{"SERVICES_POWER_STANDBY_+3.3V": [0.226625,0.264,0.22,0.2,0.2,0.221313,0.2,0.22,0.2,0.221],"ARTIX_MGTAVTT": [0.24,0.22125,0.2,0.221313,0.24,0.2,0.24,0.264,0.226625,0.221313],"+12_SCALED": [0.2,0.4925,0.492286,0.4925,0.2,0.492286,0.474286,0.4925,0.488,0.491429],"5V_SCALED": [0.394286,0.321429,0.321429,0.257143,0.321429,0.44,0.260714,0.321429,0.291429,0.200089],"SERVICES+3.3V": [0.203938,0.264,0.2,0.207813,0.229313,0.2,0.229313,0.207,0.207,0.24],"SERVICES+1.8V": [0.215625,0.24,0.226625,0.203938,0.226625,0.2,0.207813,0.223312,0.226,0.24],"ARTIX_MGTAVCC": [0.216,0.221313,0.226,0.2,0.221,0.24,0.2,0.2405,0.207438,0.206688],"SERVICES+1.0V": [0.264,0.22125,0.209312,0.209312,0.24,0.206125,0.207438,0.22125,0.202625,0.221313],"SERVICES+1.5V": [0.2,0.221313,0.24,0.221313,0.2,0.229313,0.223312,0.24,0.2,0.2],}