{"SERVICES_POWER_STANDBY_+3.3V": [1.565,1.565,1.56525,1.56525,1.56525,1.904,1.22344,1.56525,1.56525,1.56531],"ARTIX_MGTAVTT": [1.565,1.56525,1.56525,1.56525,1.41788,1.906,1.56525,1.56525,1.22331,1.56525],"+12_SCALED": [0.209,0.251,0.273071,0.272857,0.273071,0.231929,0.202143,0.2,0.251,0.2],"5V_SCALED": [0.2,0.2,0.202857,0.2,0.2,0.230446,0.230446,0.2,0.220893,0.228571],"SERVICES+3.3V": [1.08731,1.19131,1.9065,1.56531,1.56531,1.56538,1.56525,1.56531,1.64963,1.59731],"SERVICES+1.8V": [1.56525,1.56525,1.30931,1.56525,1.41788,1.41788,1.9065,1.56538,1.56531,1.56525],"ARTIX_MGTAVCC": [1.56525,1.13863,1.56525,1.30931,1.30931,1.906,1.56525,1.56525,1.41788,1.56525],"SERVICES+1.0V": [1.56525,1.56525,1.41788,1.56525,1.41788,1.56525,1.41944,1.56525,1.906,1.56531],"SERVICES+1.5V": [1.565,1.56525,1.56525,1.56525,1.41788,1.41788,1.90656,1.56531,1.56525,1.41788],}