{"SERVICES_POWER_STANDBY_+3.3V": [1.05331,1.09331,1.09531,1.08531,0.946625,1.565,1.56525,1.48063,1.13863,1.565],"ARTIX_MGTAVTT": [1.05331,1.564,1.09331,1.18131,1.56525,1.41731,1.565,1.18131,1.16388,1.18131],"+12_SCALED": [0.2,0.2,0.2,0.2,0.2,0.2,0.2,0.2,0.2,0.2],"5V_SCALED": [0.2,0.2,0.2,0.2,0.2,0.2,0.2,0.2,0.2,0.2],"SERVICES+3.3V": [0.2,0.2,0.2,0.2,0.2,0.2,0.2,0.2,0.2,0.2],"SERVICES+1.8V": [1.564,1.05331,1.564,1.16363,1.56525,1.56525,1.22331,1.56525,1.56525,1.22331],"ARTIX_MGTAVCC": [1.05331,1.08531,1.565,1.28931,1.09381,1.56525,1.56525,1.13863,1.21331,1.56525],"SERVICES+1.0V": [1.564,1.09581,1.18131,1.56525,1.56525,1.56525,1.22394,1.56525,1.22381,1.41731],"SERVICES+1.5V": [1.56,1.564,1.564,1.13863,1.564,1.565,1.09531,1.08531,1.39463,1.22381],}