{"SERVICES_POWER_STANDBY_+3.3V": [3.32438,3.325,3.321,3.32319,3.32363,3.32406,3.32131,3.32638,3.31981,3.32431],"ARTIX_MGTAVTT": [1.20275,1.20256,1.20244,1.20219,1.2025,1.20219,1.20238,1.20281,1.20263,1.20175],"+12_SCALED": [11.8106,11.8084,11.8084,11.8086,11.8095,11.8106,11.8127,11.8091,11.8084,11.8099],"5V_SCALED": [4.96027,4.96089,4.96018,4.96116,4.95857,4.96321,4.95902,4.9642,4.96482,4.96009],"SERVICES+3.3V": [3.33956,3.33413,3.338,3.33225,3.332,3.33863,3.33538,3.34431,3.33569,3.339],"SERVICES+1.8V": [1.80731,1.81888,1.81494,1.80688,1.80863,1.81144,1.81106,1.81294,1.80644,1.81513],"ARTIX_MGTAVCC": [0.997188,0.995625,0.995063,0.995688,0.998313,0.99775,0.994813,0.995438,0.997938,0.993625],"SERVICES+1.0V": [1.00525,1.00581,1.00125,1.00406,1.00544,1.01056,1.00756,1.005,1.00406,1.00619],"SERVICES+1.5V": [1.49506,1.49456,1.49463,1.495,1.49494,1.49469,1.49463,1.49463,1.49513,1.49469],}