{"SERVICES_POWER_STANDBY_+3.3V": [1.10644,1.18113,1.23669,1.25825,1.24894,1.22781,1.2345,1.24844,1.22619,1.2235],"ARTIX_MGTAVTT": [1.07331,1.1545,1.18069,1.23794,1.26125,1.24938,1.219,1.20481,1.24106,1.25056],"+12_SCALED": [0,0,0,0,0,0,0,0,0,0],"5V_SCALED": [0,0,0,0,0,0,0,0,0,0],"SERVICES+3.3V": [1.13219,1.205,1.27688,1.3525,1.35175,1.35644,1.37119,1.41356,1.38744,1.39119],"SERVICES+1.8V": [1.12425,1.18194,1.288,1.30038,1.34263,1.37788,1.35894,1.37781,1.35588,1.367],"ARTIX_MGTAVCC": [1.12875,1.18756,1.20094,1.21969,1.21419,1.28963,1.27256,1.30144,1.31794,1.29044],"SERVICES+1.0V": [1.12081,1.17031,1.23925,1.29806,1.32269,1.3295,1.34631,1.32425,1.32744,1.34438],"SERVICES+1.5V": [1.13063,1.18206,1.25119,1.24456,1.29331,1.28506,1.26138,1.27319,1.30763,1.33025],}