{"SERVICES_POWER_STANDBY_+3.3V": [1.08531,0.882625,1.564,1.56525,1.22131,1.56525,1.13863,1.09544,1.565,1.56525],"ARTIX_MGTAVTT": [1.05325,0.882625,1.565,1.56525,1.56525,1.05331,1.565,2.256,1.56525,1.565],"+12_SCALED": [0.279929,0.337143,0.273071,0.236429,0.2,0.268571,0.236429,0.272,0.2,0.279929],"5V_SCALED": [0.215179,0.233304,0.200714,0.2,0.20375,0.213304,0.2,0.20375,0.233304,0.291429],"SERVICES+3.3V": [1.13863,2.256,1.565,1.565,1.56525,1.56538,1.565,1.56525,1.46081,1.41063],"SERVICES+1.8V": [3.61325,3.08731,3.61325,3.61325,3.61325,3.61325,2.93063,2.93063,2.93063,2.75994],"ARTIX_MGTAVCC": [1.05331,1.56525,1.56525,1.05331,1.565,1.565,1.56525,1.564,1.56525,1.20669],"SERVICES+1.0V": [1.565,1.496,1.564,1.56525,1.56525,1.56525,1.56,1.13863,1.09544,1.22144],"SERVICES+1.5V": [1.565,1.496,1.09594,1.18931,1.56525,1.56525,1.05331,1.565,1.56525,1.56525],}