{"SERVICES_POWER_STANDBY_+3.3V": [3.61325,3.61325,2.93469,3.61325,3.61325,3.26669,3.10938,3.61325,3.18663,3.61325],"ARTIX_MGTAVTT": [1.56525,1.56525,2.256,1.56525,1.56525,1.56525,1.56525,1.34138,1.56525,1.13863],"+12_SCALED": [13.0728,11.9026,11.9026,13.073,13.073,11.903,10.1752,10.4538,10.6595,10.4538],"5V_SCALED": [4.58098,5.07607,5.07607,4.56402,5.56375,5.56375,5.07607,5.07607,5.07607,5.07607],"SERVICES+3.3V": [3.61325,3.18663,3.61338,3.61325,3.25069,3.61325,3.61338,3.61325,3.25069,3.26663],"SERVICES+1.8V": [2.07725,1.90669,1.73344,2.07725,2.16256,1.71944,1.71969,1.73344,2.07725,2.896],"ARTIX_MGTAVCC": [1.565,1.565,1.13863,1.13863,1.564,1.564,1.08531,1.565,1.13863,1.13863],"SERVICES+1.0V": [1.565,1.565,1.565,1.564,1.564,1.565,0.950688,1.08531,1.564,1.08531],"SERVICES+1.5V": [1.44663,1.56531,1.44731,1.56531,2.77,2.768,2.41806,1.56531,1.56531,2.76],}