{"SERVICES_POWER_STANDBY_+3.3V": [3.33488,3.33369,3.32938,3.332,3.33506,3.32531,3.33113,3.33419,3.33281,3.33488],"ARTIX_MGTAVTT": [1.20338,1.20381,1.204,1.204,1.20356,1.20381,1.20388,1.2035,1.20356,1.20375],"+12_SCALED": [11.808,11.8089,11.8059,11.8061,11.8033,11.808,11.8039,11.8067,11.8074,11.8041],"5V_SCALED": [4.96804,4.96982,4.96857,4.96938,4.96429,4.96866,4.965,4.96357,4.96286,4.9667],"SERVICES+3.3V": [3.34944,3.34294,3.34163,3.34506,3.34281,3.34519,3.34019,3.34,3.34281,3.34056],"SERVICES+1.8V": [1.81113,1.81081,1.80669,1.80625,1.809,1.81069,1.82138,1.80319,1.80431,1.80444],"ARTIX_MGTAVCC": [1.00406,1.00381,1.00319,1.00594,1.0055,1.00281,1.00262,1.00363,1.002,1.00438],"SERVICES+1.0V": [1.00063,0.995563,0.997188,1.003,1.00094,1.00256,1.00031,0.99925,0.998438,1.00069],"SERVICES+1.5V": [1.49556,1.49638,1.49625,1.49531,1.49563,1.4955,1.49656,1.49488,1.49531,1.49538],}