{"SERVICES_POWER_STANDBY_+3.3V": [1.564,1.05331,1.18131,1.13863,1.08531,1.21531,1.22381,1.30931,1.44263,1.56531],"ARTIX_MGTAVTT": [1.564,0.950625,1.564,1.13863,1.565,1.56525,1.22381,1.56525,1.56525,1.22381],"+12_SCALED": [0.2,0.2,0.2,0.2,0.2,0.2,0.2,0.2,0.2,0.2],"5V_SCALED": [0.2,0.2,0.2,0.2,0.2,0.2,0.2,0.2,0.2,0.2],"SERVICES+3.3V": [0.2,0.2,0.2,0.2,0.2,0.2,0.2,0.2,0.2,0.2],"SERVICES+1.8V": [1.564,1.09331,1.18931,1.13863,1.21331,1.56525,1.13863,1.565,1.56525,1.56525],"ARTIX_MGTAVCC": [1.05331,1.09331,1.56525,1.56525,2.768,2.896,1.41931,1.56525,1.56531,1.41731],"SERVICES+1.0V": [1.05331,1.13863,1.21331,1.39463,1.56531,1.21531,1.30931,2.768,1.56531,2.768],"SERVICES+1.5V": [1.05331,1.15463,1.18131,1.565,1.22331,1.56525,1.39463,1.56525,1.18331,1.21531],}