{"SERVICES_POWER_STANDBY_+3.3V": [0.2,0.2,0.24,0.221313,0.202625,0.264,0.223312,0.2,0.223312,0.226625],"ARTIX_MGTAVTT": [0.214625,0.28,0.221313,0.209312,0.200062,0.2,0.2,0.22125,0.2,0.223312],"+12_SCALED": [0.253786,0.239857,0.210071,0.2,0.2,0.236429,0.230857,0.2045,0.2,0.2045],"5V_SCALED": [0.209911,0.2,0.2,0.211161,0.257143,0.20375,0.2,0.23,0.222857,0.200893],"SERVICES+3.3V": [0.202625,0.212,0.264,0.223312,0.201312,0.221313,0.264,0.2,0.2,0.209312],"SERVICES+1.8V": [0.216,0.264,0.2,0.264,0.201312,0.212,0.221,0.200625,0.216,0.201312],"ARTIX_MGTAVCC": [0.209312,0.2,0.214625,0.212,0.2,0.221,0.20925,0.2,0.201063,0.216],"SERVICES+1.0V": [0.2,0.200625,0.22,0.22,0.24,0.221313,0.215687,0.212,0.264,0.22125],"SERVICES+1.5V": [0.202625,0.264,0.221313,0.215625,0.264,0.22125,0.207938,0.2,0.2,0.2],}