{"SERVICES_POWER_STANDBY_+3.3V": [3.32313,3.321,3.32181,3.31675,3.31969,3.32069,3.31913,3.31263,3.324,3.32306],"ARTIX_MGTAVTT": [1.20106,1.20088,1.20125,1.20094,1.20088,1.20113,1.20131,1.20106,1.20088,1.20131],"+12_SCALED": [11.7906,11.7915,11.7928,11.7936,11.7932,11.7902,11.7919,11.7911,11.7924,11.7915],"5V_SCALED": [4.96054,4.96,4.9608,4.96277,4.96295,4.96348,4.96625,4.96116,4.9642,4.96027],"SERVICES+3.3V": [3.33056,3.33619,3.33963,3.3385,3.33456,3.33356,3.33775,3.33006,3.34,3.33206],"SERVICES+1.8V": [1.80975,1.81294,1.814,1.80556,1.80425,1.81125,1.80781,1.80806,1.80825,1.80594],"ARTIX_MGTAVCC": [1.00619,1.007,1.00725,1.00644,1.00738,1.00806,1.00606,1.00694,1.00625,1.00638],"SERVICES+1.0V": [1.00131,1.00456,1.00444,1.00231,1.00313,1.00119,1.00269,1.00231,1.00094,1.00644],"SERVICES+1.5V": [1.49,1.49013,1.49075,1.49069,1.49038,1.48963,1.49,1.48956,1.49031,1.49013],}