{"SERVICES_POWER_STANDBY_+3.3V": [1.1045,1.17319,1.198,1.21694,1.1945,1.19994,1.21988,1.20244,1.21975,1.2045],"ARTIX_MGTAVTT": [1.06956,1.15756,1.17194,1.20394,1.21894,1.19775,1.20556,1.22294,1.207,1.22831],"+12_SCALED": [0,0,0,0,0,0,0,0,0,0],"5V_SCALED": [0,0,0,0,0,0,0,0,0,0],"SERVICES+3.3V": [1.12506,1.17638,1.24744,1.30938,1.33306,1.32869,1.3205,1.29525,1.29969,1.31856],"SERVICES+1.8V": [1.119,1.21694,1.22219,1.23444,1.26838,1.29163,1.28406,1.261,1.2695,1.29538],"ARTIX_MGTAVCC": [1.12631,1.17763,1.22738,1.229,1.22963,1.23256,1.23763,1.25344,1.23375,1.24281],"SERVICES+1.0V": [1.11131,1.1825,1.16144,1.17631,1.20238,1.22931,1.23406,1.24394,1.27419,1.28394],"SERVICES+1.5V": [1.05544,1.15975,1.18113,1.22631,1.21081,1.23675,1.23744,1.24713,1.27019,1.26294],}