{"SERVICES_POWER_STANDBY_+3.3V": [4.29594,4.29544,4.26206,4.29594,4.29594,4.29594,4.29544,4.262,4.262,4.29594],"ARTIX_MGTAVTT": [4.262,4.29594,4.29594,4.29594,4.29544,4.29594,4.256,4.29544,4.262,4.29544],"+12_SCALED": [14.1269,14.2417,14.1269,14.2432,14.2432,14.24,14.2432,14.2297,14.2297,14.2432],"5V_SCALED": [6.05134,6.00286,6.05027,6.05134,6.00286,6.04857,6.05134,6.05134,6.05134,6.05062],"SERVICES+3.3V": [4.29544,4.294,4.256,4.29594,4.262,4.262,4.295,4.29544,4.29544,4.29594],"SERVICES+1.8V": [4.29544,4.29594,4.295,4.29594,4.261,4.29544,4.26294,4.29594,4.294,4.29594],"ARTIX_MGTAVCC": [4.29594,4.295,4.29544,4.295,4.294,4.295,4.29519,4.29594,4.29544,4.294],"SERVICES+1.0V": [4.29594,4.29594,4.29594,4.29594,4.29594,4.294,4.262,4.29594,4.29594,4.262],"SERVICES+1.5V": [4.29594,4.2955,4.262,4.2955,4.29594,4.29594,4.295,4.29594,4.294,4.29594],}