{"SERVICES_POWER_STANDBY_+3.3V": [3.35725,3.10938,3.61325,2.99869,3.10938,3.10938,2.93469,3.61325,3.61325,3.61325,2.93469,3.61325,3.61325,3.61325,3.26663,3.61325,3.10944,3.61325,2.93469,2.93469,3.61325,3.61325,2.99869,3.61325,3.26669,3.10938,3.10944,2.99869,3.61325,3.61325,3.61325,3.61325,3.61325,3.61325,3.61325,3.61325,3.10144,2.99869,3.61325,3.61338,3.10938,2.93469,3.18663,2.99869,3.61325,3.61338,3.61325,3.61325,3.35738,3.10131],"ARTIX_MGTAVTT": [1.56525,1.22331,1.565,1.19181,1.56525,1.56525,1.25863,1.56525,1.56525,1.22131,1.56525,1.56525,1.14269,1.22131,1.56525,1.56525,1.565,1.19188,1.56525,1.565,1.56525,1.28263,1.56525,1.14269,1.28263,1.56525,1.25863,1.56525,1.56525,1.56525,1.56525,1.565,1.56525,1.22131,1.56525,1.25863,1.19131,1.56525,1.25863,1.56525,1.21331,1.56525,1.906,1.56525,1.25863,1.18931,1.565,1.56525,1.56525,1.19181],"+12_SCALED": [10.6685,10.6595,11.903,10.6595,11.9026,11.9026,10.4538,10.4538,10.1752,11.9026,10.6595,10.6595,11.9026,11.9026,9.79079,11.9026,11.903,10.6595,11.9026,11.903,10.6276,11.9026,10.7141,11.9026,11.9026,11.9026,10.4399,12.4901,11.9026,11.903,10.6595,10.6595,11.903,11.9026,11.9026,10.4538,10.6685,11.9026,11.9026,10.4399,11.9026,11.9026,10.6276,10.4538,11.9026,10.4538,11.9026,10.1752,9.7925,10.4399],"5V_SCALED": [5.07607,4.55813,4.55813,4.56384,4.56384,5.07625,5.07625,5.56375,4.58098,4.47241,4.35634,4.19946,4.47241,4.47241,5.07607,5.07607,4.46661,4.47241,5.07607,5.07607,4.56187,4.47241,5.07607,5.07607,4.56187,5.56384,4.58089,4.5583,4.55813,5.07607,5.56366,4.56384,4.35634,4.55813,4.58089,4.55813,5.07607,5.07607,4.55813,4.56384,4.47241,5.07625,5.07607,4.5583,5.07607,5.07625,5.16768,5.07607,5.07607,5.07607],"SERVICES+3.3V": [3.10938,3.26131,3.24144,3.61338,3.61325,2.93469,2.99869,3.61325,3.10938,3.61325,3.10944,3.61325,3.25069,3.25069,3.61325,3.10944,3.26663,3.61325,3.61338,3.61325,3.18663,2.93469,3.9545,3.61325,3.61325,3.61338,3.61338,3.61325,3.25069,3.61325,3.25069,3.61325,3.61325,3.61325,3.61325,3.61325,3.25069,3.25069,3.61325,3.35725,3.33738,3.61325,3.10944,3.61325,3.61325,3.10944,3.10938,2.93469,3.61325,2.99869],"SERVICES+1.8V": [1.90663,2.07725,2.07725,2.89806,2.16256,1.73344,1.73344,1.71781,1.73344,1.90669,1.90663,1.73344,2.07725,2.07725,2.07725,1.90669,2.89806,2.07725,2.16256,1.73344,1.71969,1.71781,1.70131,1.71988,2.07725,1.73344,2.07725,1.73344,1.73344,1.71781,2.07725,2.07725,1.71969,2.07725,1.73344,1.90669,1.71969,1.73344,2.896,2.89806,2.07725,1.73344,1.71969,1.73344,2.07725,1.65544,1.73344,2.07725,1.73344,1.73344],"ARTIX_MGTAVCC": [1.564,1.565,1.13863,1.08531,1.565,1.565,1.565,0.950688,1.564,1.565,1.13863,1.08531,1.565,1.565,1.565,1.564,1.565,1.565,1.565,1.565,1.565,1.564,1.565,1.13863,1.564,1.565,1.564,1.565,1.565,1.564,1.565,1.564,1.564,1.08531,1.13863,1.564,1.565,1.565,1.08731,1.565,1.564,1.08531,1.565,1.565,1.564,1.08531,1.13863,1.13863,1.564,1.564],"SERVICES+1.0V": [0.950688,1.565,1.08531,1.13863,1.08531,1.565,1.564,1.565,1.564,1.565,1.08531,1.565,1.565,1.565,1.565,1.565,1.564,1.565,1.08531,1.565,1.08531,1.13863,1.08531,1.08531,1.08531,1.564,1.564,1.13863,1.565,1.565,1.564,1.564,1.08531,1.564,1.565,1.08531,1.08531,1.08531,1.13863,1.565,1.13863,1.08531,1.13863,0.950688,1.565,1.565,1.08531,1.564,1.564,1.564],"SERVICES+1.5V": [1.56538,1.44269,1.56538,1.44663,1.44269,1.44369,1.56538,1.56531,1.56531,1.56531,1.56531,1.56531,2.76,1.56531,1.44769,1.56531,1.56538,1.56544,1.44769,1.44663,1.44369,1.56538,1.65338,1.9065,1.56538,1.44663,2.888,2.76,1.56531,1.56531,1.56531,1.44369,1.56538,1.44769,1.56538,1.44663,1.44263,1.56531,1.56531,1.44769,1.56531,2.76,1.56531,2.768,1.56531,1.56531,1.44769,2.76,1.56531,1.44263],}