{"SERVICES_POWER_STANDBY_+3.3V": [1.08781,1.56525,1.13863,1.56525,1.56525,1.565,1.19194,1.56525,2.256,1.34131],"ARTIX_MGTAVTT": [1.08531,1.09544,1.18131,1.34144,2.384,1.30931,2.384,1.56525,2.384,1.56525],"+12_SCALED": [0.210071,0.2,0.231929,0.2,0.273071,0.209,0.200429,0.268571,0.268571,0.250143],"5V_SCALED": [0.228571,0.20375,0.205625,0.228571,0.200714,0.2,0.203036,0.230446,0.20375,0.220893],"SERVICES+3.3V": [1.22131,1.56525,1.22331,1.41738,1.56525,1.9065,1.41794,1.56525,1.56525,1.41738],"SERVICES+1.8V": [1.09531,1.56525,1.56525,1.56525,1.56525,1.56525,1.41738,1.34138,1.56525,1.56525],"ARTIX_MGTAVCC": [1.565,1.56525,1.56525,1.18931,1.20669,1.56525,1.34144,1.56525,1.56525,1.56525],"SERVICES+1.0V": [1.565,1.13863,1.56525,1.22331,1.56525,1.56525,1.34125,1.41738,1.56525,1.565],"SERVICES+1.5V": [1.56525,1.19181,1.41738,2.256,1.9065,1.41944,1.56525,1.41794,1.565,1.56525],}