{"SERVICES_POWER_STANDBY_+3.3V": [3.33169,3.332,3.33331,3.32606,3.33219,3.33425,3.33144,3.33156,3.32806,3.33044],"ARTIX_MGTAVTT": [1.19875,1.19831,1.19844,1.19875,1.19869,1.19831,1.19919,1.19863,1.19856,1.19919],"+12_SCALED": [11.8114,11.808,11.808,11.8101,11.8091,11.8091,11.8091,11.808,11.8097,11.8104],"5V_SCALED": [4.97768,4.97571,4.97777,4.97571,4.97634,4.97545,4.97723,4.97786,4.97821,4.97509],"SERVICES+3.3V": [3.355,3.35019,3.35344,3.34894,3.35156,3.35188,3.34694,3.35456,3.351,3.34844],"SERVICES+1.8V": [1.80625,1.80906,1.81369,1.81088,1.8135,1.81031,1.813,1.82475,1.81125,1.81806],"ARTIX_MGTAVCC": [1.00094,1.001,0.998875,1.00106,0.998313,0.998,1.00119,0.999063,0.99725,1.00119],"SERVICES+1.0V": [1.00238,1.00094,1.00081,0.995938,0.998813,0.997125,1.00006,1.00456,1.00394,0.999063],"SERVICES+1.5V": [1.49694,1.49681,1.49681,1.4965,1.497,1.49669,1.49669,1.49694,1.49688,1.49669],}