{"SERVICES_POWER_STANDBY_+3.3V": [0.206625,0.24,0.2,0.203688,0.2,0.215687,0.215625,0.22,0.207938,0.206688],"ARTIX_MGTAVTT": [0.2,0.2,0.22,0.202625,0.221813,0.2,0.2,0.22,0.216,0.264],"+12_SCALED": [3.71086,1.98971,1.37021,1.37021,1.23757,1.22386,1.37021,1.00443,1.23757,1.22386],"5V_SCALED": [0.230446,0.260714,0.230446,0.257143,0.230446,0.2,0.23,0.222857,0.222857,0.222857],"SERVICES+3.3V": [0.456,0.456,0.317313,0.456,0.3705,0.456,0.242625,0.456,0.3705,0.3705],"SERVICES+1.8V": [0.297312,0.285313,0.368,0.2,0.368,0.285313,0.28525,0.242,0.285313,0.242625],"ARTIX_MGTAVCC": [0.24,0.206125,0.2,0.206125,0.223312,0.209312,0.2,0.2,0.264,0.2],"SERVICES+1.0V": [0.209312,0.2,0.24,0.20725,0.202937,0.200625,0.223312,0.216,0.221,0.264],"SERVICES+1.5V": [0.2,0.20725,0.206625,0.200625,0.22,0.24,0.24,0.264,0.2,0.226625],}