{"SERVICES_POWER_STANDBY_+3.3V": [0.200625,0.202625,0.202625,0.202625,0.216,0.209312,0.2,0.202625,0.200125,0.2],"ARTIX_MGTAVTT": [0.207813,0.229313,0.226,0.221,0.207813,0.2,0.24,0.24,0.2,0.229313],"+12_SCALED": [1.36914,1.36571,0.931357,0.862786,1.36571,1.36571,0.776,1.36571,1.36571,0.862786],"5V_SCALED": [0.416161,0.407768,0.367589,0.68,0.375179,0.416161,0.28375,0.375179,0.588571,0.68],"SERVICES+3.3V": [0.226625,0.24,0.2,0.202625,0.221313,0.24,0.202625,0.24,0.2,0.2],"SERVICES+1.8V": [0.24,0.22,0.2,0.200125,0.2,0.22,0.212,0.2,0.226,0.202625],"ARTIX_MGTAVCC": [0.2,0.2,0.2,0.2,0.2,0.24,0.22,0.2,0.2,0.2],"SERVICES+1.0V": [0.226625,0.221,0.207813,0.221313,0.221313,0.22,0.207813,0.215625,0.215687,0.223312],"SERVICES+1.5V": [0.2,0.223312,0.202625,0.226625,0.209438,0.223312,0.214875,0.221313,0.212,0.221313],}