{"SERVICES_POWER_STANDBY_+3.3V": [1.05331,1.08531,1.565,1.18131,1.30931,2.768,2.76,1.56525,1.56525,1.56525],"ARTIX_MGTAVTT": [1.496,1.564,1.564,1.09381,1.09331,1.13863,1.565,1.39263,1.565,1.18131],"+12_SCALED": [0.2,0.2,0.2,0.2,0.2,0.2,0.2,0.2,0.2,0.2],"5V_SCALED": [0.2,0.2,0.2,0.2,0.2,0.2,0.2,0.2,0.2,0.2],"SERVICES+3.3V": [0.2,0.2,0.2,0.2,0.2,0.2,0.2,0.2,0.2,0.2],"SERVICES+1.8V": [1.05331,1.13863,1.18131,1.13863,1.21331,1.56525,1.30931,1.56525,1.39463,1.56525],"ARTIX_MGTAVCC": [1.564,1.05331,1.564,1.906,1.16263,1.18131,1.565,1.56525,1.21331,1.56525],"SERVICES+1.0V": [1.05331,1.13863,1.564,1.564,0.950625,1.05331,1.565,1.906,1.565,1.565],"SERVICES+1.5V": [1.56,1.08531,0.886625,1.564,1.13863,1.18131,1.564,1.21331,1.13863,1.565],}