{"SERVICES_POWER_STANDBY_+3.3V": [1.13863,1.56525,1.56525,1.19181,1.56525,1.56525,1.41788,1.56525,1.30931,1.41788],"ARTIX_MGTAVTT": [1.18131,1.56525,1.18931,1.41788,1.22381,1.56525,1.41788,1.56525,1.56525,1.9065],"+12_SCALED": [0.254857,0.209,0.231929,0.273071,0.337143,0.223786,0.273071,0.2,0.2,0.209],"5V_SCALED": [0.2,0.2,0.211161,0.2,0.2,0.228571,0.20375,0.230446,0.2,0.228571],"SERVICES+3.3V": [1.41944,1.41788,1.56525,1.56531,1.56531,1.56525,1.41763,1.56525,2.76,1.41788],"SERVICES+1.8V": [3.61325,3.61325,3.61325,3.61325,3.61325,3.61325,3.61325,3.613,2.93469,2.93063],"ARTIX_MGTAVCC": [1.13863,1.13863,1.18931,1.56525,1.56525,1.22131,1.41788,1.41788,1.22394,1.56525],"SERVICES+1.0V": [1.18144,1.30931,1.56525,1.56525,1.41994,1.56531,1.41994,1.56538,1.41944,1.56525],"SERVICES+1.5V": [1.565,1.56525,1.14269,1.56525,1.56525,1.41738,1.56525,1.56525,1.56525,1.56525],}