{"SERVICES_POWER_STANDBY_+3.3V": [0.229313,0.24,0.24,0.24,0.206125,0.207813,0.216,0.206625,0.207813,0.202625],"ARTIX_MGTAVTT": [0.229313,0.264,0.264,0.209,0.207313,0.202625,0.2,0.209,0.2,0.229313],"+12_SCALED": [0.938214,1.37,1.37,0.785,1.37,1.37,1.37,1.37,0.960929,1.00443],"5V_SCALED": [0.228571,0.2,0.230446,0.201875,0.200179,0.23,0.233304,0.228571,0.2,0.200893],"SERVICES+3.3V": [0.2,0.229313,0.242625,0.221813,0.242625,0.221313,0.28,0.210625,0.223312,0.221313],"SERVICES+1.8V": [0.284,0.242625,0.229313,0.2,0.242625,0.223312,0.223312,0.284,0.223312,0.264],"ARTIX_MGTAVCC": [0.2,0.215687,0.2,0.221313,0.2,0.264,0.2,0.264,0.24,0.209],"SERVICES+1.0V": [0.2,0.206938,0.221313,0.264,0.215625,0.207438,0.212,0.264,0.207438,0.2],"SERVICES+1.5V": [0.202625,0.24,0.226,0.229313,0.229313,0.2,0.2,0.209,0.202625,0.215625],}