{"SERVICES_POWER_STANDBY_+3.3V": [1.09306,1.14756,1.22381,1.23044,1.2125,1.25438,1.18469,1.21244,1.27138,1.29506],"ARTIX_MGTAVTT": [1.07431,1.17519,1.23306,1.25356,1.24894,1.22169,1.24044,1.25338,1.20119,1.2475],"+12_SCALED": [0,0,0,0,0,0,0,0,0,0],"5V_SCALED": [0,0,0,0,0,0,0,0,0,0],"SERVICES+3.3V": [1.14806,1.24944,1.26363,1.30544,1.36306,1.39406,1.41581,1.38838,1.40025,1.43231],"SERVICES+1.8V": [1.54994,1.5505,1.54813,1.54738,1.54819,1.546,1.54656,1.54919,1.54731,1.54544],"ARTIX_MGTAVCC": [1.13213,1.18519,1.20138,1.17444,1.23744,1.1645,1.20713,1.26219,1.28231,1.227],"SERVICES+1.0V": [1.55125,1.54881,1.54531,1.54606,1.55031,1.54881,1.54556,1.55031,1.55563,1.54944],"SERVICES+1.5V": [1.123,1.17581,1.24525,1.21338,1.2305,1.25506,1.1995,1.23075,1.26263,1.19025],}