{"SERVICES_POWER_STANDBY_+3.3V": [1.105,1.16594,1.20475,1.233,1.2405,1.26363,1.26406,1.25956,1.25069,1.23106],"ARTIX_MGTAVTT": [1.06863,1.14288,1.17775,1.19125,1.17219,1.18931,1.17106,1.186,1.15731,1.192],"+12_SCALED": [0,0,0,0,0,0,0,0,0,0],"5V_SCALED": [0,0,0,0,0,0,0,0,0,0],"SERVICES+3.3V": [1.11306,1.18075,1.20694,1.21381,1.22819,1.19956,1.16944,1.16681,1.19613,1.19269],"SERVICES+1.8V": [1.106,1.16156,1.15794,1.15469,1.15069,1.19844,1.18538,1.159,1.16125,1.16731],"ARTIX_MGTAVCC": [1.11988,1.217,1.18475,1.17325,1.20181,1.21163,1.23844,1.24006,1.26619,1.27131],"SERVICES+1.0V": [1.09438,1.115,1.14113,1.14494,1.15438,1.12413,1.12306,1.12531,1.12925,1.13388],"SERVICES+1.5V": [1.03825,1.09425,1.08513,1.11494,1.12538,1.10263,1.11169,1.12831,1.11256,1.13494],}