{"SERVICES_POWER_STANDBY_+3.3V": [1.10431,1.17194,1.21725,1.20381,1.153,1.16306,1.19025,1.19881,1.2205,1.2145],"ARTIX_MGTAVTT": [1.07044,1.16494,1.21869,1.22869,1.25538,1.26081,1.2775,1.32969,1.33656,1.354],"+12_SCALED": [0,0,0,0,0,0,0,0,0,0],"5V_SCALED": [0,0,0,0,0,0,0,0,0,0],"SERVICES+3.3V": [1.12981,1.19094,1.24175,1.31788,1.32688,1.35263,1.35138,1.35288,1.35756,1.37219],"SERVICES+1.8V": [1.12544,1.18756,1.228,1.27181,1.34094,1.39725,1.38444,1.37631,1.35269,1.35925],"ARTIX_MGTAVCC": [1.1315,1.196,1.23113,1.25575,1.25325,1.24244,1.29181,1.28431,1.25769,1.25894],"SERVICES+1.0V": [1.11781,1.21881,1.212,1.2555,1.24144,1.27981,1.32306,1.2935,1.27969,1.32781],"SERVICES+1.5V": [1.11681,1.20688,1.25263,1.24419,1.29444,1.29194,1.28519,1.26663,1.28756,1.27194],}