{"SERVICES_POWER_STANDBY_+3.3V": [0.2,0.216,0.2,0.209312,0.221313,0.223312,0.2,0.24,0.24,0.2],"ARTIX_MGTAVTT": [0.205313,0.2,0.204313,0.214875,0.221313,0.24,0.24,0.215687,0.200625,0.24],"+12_SCALED": [0.273071,0.2,0.239857,0.227214,0.274786,0.2,0.231714,0.273071,0.223571,0.239857],"5V_SCALED": [0.215179,0.222857,0.222857,0.2,0.233304,0.212857,0.2,0.257143,0.220893,0.200714],"SERVICES+3.3V": [0.202625,0.214625,0.216,0.22,0.221313,0.24,0.223312,0.264,0.209312,0.2],"SERVICES+1.8V": [0.24,0.200625,0.2,0.264,0.221313,0.2,0.24,0.22,0.2,0.2],"ARTIX_MGTAVCC": [0.212,0.2,0.264,0.2,0.24,0.24,0.209312,0.2,0.2,0.214875],"SERVICES+1.0V": [0.221,0.2,0.226,0.209,0.200625,0.2,0.221313,0.205313,0.221313,0.24],"SERVICES+1.5V": [0.2,0.209312,0.207938,0.209,0.226,0.2,0.209312,0.223312,0.215625,0.24],}