{"SERVICES_POWER_STANDBY_+3.3V": [1.10356,1.16275,1.17219,1.19819,1.20344,1.21238,1.23175,1.22044,1.19606,1.19319],"ARTIX_MGTAVTT": [1.0685,1.13981,1.171,1.181,1.20325,1.19569,1.18613,1.16888,1.18681,1.17088],"+12_SCALED": [0,0,0,0,0,0,0,0,0,0],"5V_SCALED": [0,0,0,0,0,0,0,0,0,0],"SERVICES+3.3V": [1.11769,1.19775,1.19144,1.18681,1.176,1.20175,1.20481,1.21706,1.18631,1.17725],"SERVICES+1.8V": [1.10819,1.18075,1.22194,1.204,1.21975,1.19988,1.21769,1.19825,1.21419,1.25606],"ARTIX_MGTAVCC": [1.1205,1.15863,1.17675,1.21069,1.23388,1.22863,1.21575,1.24881,1.20131,1.21525],"SERVICES+1.0V": [1.09469,1.11494,1.15406,1.1285,1.13081,1.13369,1.15738,1.15056,1.16419,1.15519],"SERVICES+1.5V": [1.08344,1.11663,1.135,1.13288,1.12563,1.1145,1.14256,1.14619,1.15256,1.12013],}