{"SERVICES_POWER_STANDBY_+3.3V": [1.08531,1.13863,1.05325,0.950688,1.09544,1.565,1.56525,1.13863,1.08781,1.18588],"ARTIX_MGTAVTT": [1.24,1.496,1.565,1.56525,1.56525,1.56,1.565,1.56525,1.19163,1.13863],"+12_SCALED": [0.253786,0.250143,0.226786,0.2,0.289143,0.254857,0.2,0.253786,0.221,0.337143],"5V_SCALED": [0.2,0.228571,0.2,0.209464,0.220893,0.230446,0.233304,0.215179,0.220893,0.2],"SERVICES+3.3V": [1.565,1.56525,1.14269,1.56,1.56525,1.56525,1.56525,1.56525,1.564,1.13863],"SERVICES+1.8V": [2.75988,3.61325,3.61338,2.74394,2.93063,3.25056,3.61325,3.61325,2.74394,3.61325],"ARTIX_MGTAVCC": [1.05331,1.56525,1.22131,1.564,1.56525,1.56525,1.56525,1.05331,1.565,1.28931],"SERVICES+1.0V": [1.56,1.565,1.565,0.797312,1.05331,1.565,1.08731,1.565,1.496,0.950688],"SERVICES+1.5V": [0.829313,1.564,0.946688,0.701937,1.05331,1.564,1.08531,1.564,1.05325,1.08531],}