{"SERVICES_POWER_STANDBY_+3.3V": [1.564,1.09331,1.565,1.56525,1.18131,1.21331,1.22381,1.56525,1.56525,1.56525],"ARTIX_MGTAVTT": [1.56,0.882625,1.564,1.565,1.13863,1.05331,1.13863,1.09381,1.22381,1.22331],"+12_SCALED": [0.2,0.2,0.2,0.2,0.2,0.2,0.2,0.2,0.2,0.2],"5V_SCALED": [0.2,0.2,0.2,0.2,0.2,0.2,0.2,0.2,0.2,0.2],"SERVICES+3.3V": [0.2,0.2,0.2,0.2,0.2,0.2,0.2,0.2,0.2,0.2],"SERVICES+1.8V": [1.564,1.564,1.13863,1.18131,1.56525,1.39463,1.56525,2.76,1.18131,1.906],"ARTIX_MGTAVCC": [1.564,1.05331,1.565,1.56525,1.56525,1.22381,1.39731,1.56525,1.18131,1.56525],"SERVICES+1.0V": [1.05331,1.564,1.09581,1.56525,1.565,1.18931,1.18131,1.564,1.18131,1.09331],"SERVICES+1.5V": [0.882625,1.564,1.05331,1.565,0.950625,1.564,1.09331,1.13863,1.565,1.565],}