{"SERVICES_POWER_STANDBY_+3.3V": [1.18931,1.13863,1.565,1.34138,1.20669,1.906,1.56525,1.56525,1.34138,1.41738],"ARTIX_MGTAVTT": [1.18931,1.565,1.22381,1.34144,1.56525,1.56525,1.565,1.34138,1.34144,1.56525],"+12_SCALED": [0.272857,0.268571,0.2,0.2,0.2,0.202143,0.239857,0.291286,0.2,0.232357],"5V_SCALED": [0.257143,0.20375,0.233304,0.2,0.2,0.257143,0.233304,0.220893,0.234286,0.230446],"SERVICES+3.3V": [3.61325,2.93063,2.93063,3.613,2.63194,2.63194,2.63194,3.61325,2.75731,3.613],"SERVICES+1.8V": [3.61325,3.61325,3.61325,3.61325,2.75988,3.61325,2.74394,3.61325,2.93063,3.61325],"ARTIX_MGTAVCC": [1.56525,1.22331,1.56525,1.56525,1.34131,1.56525,1.56525,1.56525,1.56525,1.56525],"SERVICES+1.0V": [3.61325,2.74263,3.61325,3.613,3.613,3.61325,3.61325,2.93063,3.61325,2.63088],"SERVICES+1.5V": [3.613,2.48788,3.613,2.48794,3.613,2.93063,2.48788,3.613,3.613,2.55388],}