{"SERVICES_POWER_STANDBY_+3.3V": [1.565,1.09594,1.56525,1.56525,1.56525,1.56525,1.46263,1.56525,1.46081,1.56538],"ARTIX_MGTAVTT": [1.08531,1.56525,1.56525,1.56525,1.19194,1.56525,2.384,1.56531,1.9065,1.56525],"+12_SCALED": [0.254857,0.279929,0.253786,0.232357,0.202143,0.250143,0.2,0.268571,0.2,0.239857],"5V_SCALED": [0.220893,0.200179,0.200893,0.237143,0.220893,0.222857,0.200179,0.233304,0.230446,0.2],"SERVICES+3.3V": [0.848,0.649438,1.229,0.671313,1.24,0.671313,1.24,1.24,1.24,1.24],"SERVICES+1.8V": [0.229313,0.221313,0.221313,0.214875,0.2,0.22,0.209312,0.202625,0.2,0.2065],"ARTIX_MGTAVCC": [1.56525,1.18931,1.56525,1.22144,1.19188,1.56525,1.56525,1.56538,1.20669,1.45863],"SERVICES+1.0V": [1.14269,1.56525,1.19131,1.46263,1.46081,1.56525,1.45063,2.416,1.56531,1.56531],"SERVICES+1.5V": [1.08531,1.56525,1.56525,1.56525,1.19181,1.46263,1.56531,1.46081,1.56538,1.56531],}