{"X0_POWER_+1.8V_ANALOGUE": [1.05331,1.09331,1.21331,1.13863,1.21331,1.56525,1.56525,1.56525,1.22381,1.22381],"X0_POWER_VCCAUX": [1.05331,1.05331,1.05331,1.565,1.21331,1.56525,1.22131,1.56525,1.56525,1.56525],"X0_POWER_MGTVCCAUC_S": [1.05331,1.05331,1.56525,1.34131,2.768,1.56531,1.44263,1.56531,1.22381,2.768],"X0_POWER_VCCINT": [1.564,1.564,1.565,1.18131,1.565,1.18131,1.56525,1.56525,1.21331,1.18981],"X0_POWER_+3.3V": [1.564,1.08531,1.13863,1.18131,1.56525,1.13863,1.56525,1.21531,1.22131,1.56525],"X0_POWER_+1.8V": [1.564,1.564,1.22663,1.09331,1.565,1.56525,1.13863,1.08531,1.09531,1.39463],"X0_POWER_MGTAVTT_N": [1.05331,1.13863,1.565,1.56525,1.20263,1.21331,1.9065,1.21331,1.30931,1.56531],"X0_POWER_MGTAVTT_S": [1.564,1.13863,1.13863,1.08531,1.21331,1.56525,1.22363,2.768,2.896,1.56531],"X0_POWER_MGTVCCAUC_N": [1.56,1.564,1.13863,1.565,1.56525,1.18931,1.56525,1.21531,1.56525,1.34131],"X0_POWER_MGTAVCC_N": [1.08531,1.08531,1.05331,1.18131,1.22381,1.56531,1.41731,1.56525,1.21331,1.18131],"X0_POWER_MGTAVCC_S": [1.05331,1.564,1.13863,1.565,1.565,1.31731,1.18131,1.56525,1.22381,1.30931],}