{"X0_POWER_+1.8V_ANALOGUE": [1.05331,1.05331,1.05331,1.18131,1.08531,1.09531,1.18131,1.565,1.20263,1.565],"X0_POWER_VCCAUX": [0.886625,1.564,1.09331,1.565,1.18131,1.56525,1.56525,1.20263,1.13863,1.21331],"X0_POWER_MGTVCCAUC_S": [1.05331,1.08531,1.564,1.13863,1.08531,1.565,1.30931,1.18131,1.13863,1.565],"X0_POWER_VCCINT": [1.564,1.564,1.18131,1.08531,1.13863,1.09381,1.13863,1.565,1.565,1.565],"X0_POWER_+3.3V": [1.56,1.05331,1.564,1.13863,1.564,1.08531,1.09331,1.18131,1.565,1.565],"X0_POWER_+1.8V": [1.05331,1.564,1.18131,1.565,1.56525,1.20263,1.565,1.30931,1.565,1.20263],"X0_POWER_MGTAVTT_N": [1.564,1.565,1.05331,1.13863,1.56525,1.21531,1.565,1.18131,1.21531,1.56525],"X0_POWER_MGTAVTT_S": [1.56,1.08531,1.09331,1.21331,1.18131,1.21331,1.56525,1.56525,1.565,1.09331],"X0_POWER_MGTVCCAUC_N": [1.56,1.05331,1.565,1.09531,1.565,1.13863,1.565,1.13863,1.08531,1.08531],"X0_POWER_MGTAVCC_N": [1.05331,1.13863,1.13863,1.565,1.18131,1.18131,1.56525,1.18131,1.56525,1.18131],"X0_POWER_MGTAVCC_S": [1.05331,1.05331,1.09581,1.56525,1.56525,1.56525,1.18131,1.18131,1.18131,1.565],}