{"X0_POWER_+1.8V_ANALOGUE": [1.78719,1.78625,1.78606,1.78675,1.7865,1.786,1.78713,1.78619,1.78606,1.78631],"X0_POWER_VCCAUX": [0.131938,0.132188,0.132563,0.13225,0.132438,0.132125,0.132313,0.132438,0.13225,0.132188],"X0_POWER_MGTVCCAUC_S": [1.78681,1.78631,1.78619,1.78625,1.78663,1.786,1.78619,1.78656,1.786,1.78606],"X0_POWER_VCCINT": [0.956438,0.956375,0.956313,0.956875,0.956938,0.957438,0.956813,0.956563,0.957375,0.957063],"X0_POWER_+3.3V": [3.32075,3.31894,3.32325,3.31331,3.32025,3.32475,3.31606,3.31381,3.3235,3.32381],"X0_POWER_+1.8V": [0.312625,0.312875,0.312625,0.312625,0.3125,0.313,0.312813,0.312688,0.312625,0.312938],"X0_POWER_MGTAVTT_N": [1.07531,1.17119,1.22356,1.22013,1.22738,1.24281,1.29031,1.28038,1.24181,1.29719],"X0_POWER_MGTAVTT_S": [0.140313,0.14075,0.140563,0.140563,0.140375,0.140438,0.140563,0.140563,0.140625,0.140313],"X0_POWER_MGTVCCAUC_N": [1.78675,1.78681,1.78569,1.786,1.78613,1.78681,1.78663,1.78631,1.78619,1.786],"X0_POWER_MGTAVCC_N": [0.144688,0.144938,0.144938,0.145,0.145125,0.144938,0.145063,0.145063,0.144938,0.145188],"X0_POWER_MGTAVCC_S": [0.145938,0.14575,0.146063,0.146063,0.14625,0.146313,0.146063,0.146188,0.146313,0.14575],}