{"X0_POWER_+1.8V_ANALOGUE": [1.786,1.78688,1.78606,1.78675,1.78619,1.78581,1.78606,1.78656,1.78675,1.78606,1.78656,1.78606,1.78581,1.78644,1.78638,1.78588,1.78619,1.78619,1.78663,1.78656,1.78694,1.78619,1.78681,1.78613,1.78594,1.78625],"X0_POWER_VCCAUX": [0.132188,0.132688,0.132438,0.132812,0.1325,0.132875,0.132563,0.132313,0.132438,0.132313,0.132438,0.132438,0.132375,0.132313,0.1325,0.132438,0.132812,0.1325,0.132625,0.132438,0.132563,0.132375,0.1325,0.132563,0.132438,0.132438],"X0_POWER_MGTVCCAUC_S": [1.78688,1.78619,1.78656,1.78606,1.78669,1.786,1.78644,1.78725,1.78656,1.78694,1.78656,1.78594,1.7865,1.78644,1.7865,1.78631,1.78581,1.78644,1.7865,1.78594,1.78619,1.78631,1.78625,1.78606,1.78619,1.78694],"X0_POWER_VCCINT": [0.957625,0.956938,0.95725,0.957563,0.957688,0.956938,0.956563,0.956438,0.957313,0.9565,0.956875,0.956375,0.956,0.956875,0.957188,0.957125,0.957813,0.956813,0.957,0.957188,0.9575,0.956688,0.957375,0.957,0.957563,0.95675],"X0_POWER_+3.3V": [3.31425,3.32606,3.32244,3.31369,3.32088,3.31244,3.32488,3.31363,3.32394,3.32563,3.32344,3.31419,3.31613,3.32613,3.31944,3.32356,3.32606,3.31563,3.32163,3.32563,3.31294,3.31656,3.32419,3.31719,3.31738,3.32463],"X0_POWER_+1.8V": [0.312938,0.313,0.313,0.312688,0.313063,0.312938,0.313,0.312875,0.313125,0.313125,0.312938,0.312625,0.312938,0.313063,0.313063,0.313063,0.313,0.313063,0.312938,0.312813,0.312938,0.312938,0.312875,0.313,0.31325,0.312938],"X0_POWER_MGTAVTT_N": [1.07531,1.17125,1.22081,1.224,1.22681,1.23888,1.2755,1.31781,1.29506,1.29994,1.31919,1.30225,1.3205,1.29613,1.29825,1.307,1.33631,1.35244,1.32825,1.32538,1.31913,1.29713,1.30306,1.32688,1.32606,1.31838],"X0_POWER_MGTAVTT_S": [0.14075,0.140625,0.14075,0.141063,0.140938,0.140875,0.140688,0.140688,0.140938,0.140938,0.140688,0.140563,0.140625,0.140688,0.140938,0.14075,0.140688,0.140938,0.140813,0.140688,0.140625,0.1405,0.140813,0.140938,0.140875,0.140563],"X0_POWER_MGTVCCAUC_N": [1.78638,1.78638,1.78575,1.786,1.78663,1.78631,1.78588,1.78631,1.78644,1.7865,1.78663,1.78619,1.78738,1.78619,1.78644,1.78619,1.78625,1.78588,1.78625,1.787,1.78581,1.78619,1.78619,1.786,1.78644,1.7865],"X0_POWER_MGTAVCC_N": [0.145,0.145188,0.145313,0.145375,0.144938,0.145438,0.145438,0.145188,0.145,0.144813,0.144813,0.145063,0.145063,0.145438,0.144938,0.14525,0.14525,0.145188,0.144938,0.145063,0.145063,0.145438,0.145438,0.145438,0.145063,0.144938],"X0_POWER_MGTAVCC_S": [0.146313,0.146313,0.1465,0.146188,0.146188,0.14625,0.146,0.146438,0.146375,0.146188,0.146438,0.146188,0.146375,0.146563,0.146188,0.146375,0.146375,0.146188,0.146438,0.146688,0.146313,0.14625,0.146563,0.146313,0.146438,0.146375],}