{"X0_POWER_+1.8V_ANALOGUE": [1.78638,1.78644,1.78625,1.78619,1.78638,1.7865,1.78631,1.78638,1.78581,1.78644],"X0_POWER_VCCAUX": [0.132375,0.13225,0.132688,0.132313,0.13225,0.132063,0.132313,0.13225,0.1325,0.132563],"X0_POWER_MGTVCCAUC_S": [1.78644,1.78594,1.78675,1.78631,1.78644,1.78644,1.78656,1.78669,1.78606,1.78663],"X0_POWER_VCCINT": [0.957063,0.957063,0.957,0.95725,0.957563,0.95775,0.957938,0.957563,0.957625,0.956813],"X0_POWER_+3.3V": [3.31131,3.311,3.32431,3.31106,3.32275,3.31419,3.32231,3.312,3.32319,3.31025],"X0_POWER_+1.8V": [0.312938,0.313,0.312938,0.313125,0.312813,0.312813,0.313,0.313,0.312375,0.313188],"X0_POWER_MGTAVTT_N": [1.07563,1.17494,1.2405,1.26613,1.29788,1.30413,1.32394,1.32225,1.30281,1.32475],"X0_POWER_MGTAVTT_S": [0.140813,0.140563,0.140438,0.14075,0.14075,0.140813,0.140938,0.140438,0.140813,0.140688],"X0_POWER_MGTVCCAUC_N": [1.78594,1.78675,1.78644,1.78663,1.78625,1.78613,1.78594,1.78606,1.78606,1.78631],"X0_POWER_MGTAVCC_N": [0.145063,0.145063,0.145063,0.145313,0.145313,0.145,0.144938,0.145125,0.144875,0.144938],"X0_POWER_MGTAVCC_S": [0.146375,0.146438,0.146313,0.146563,0.146063,0.146063,0.146438,0.145938,0.146375,0.14625],}