{"X1_POWER_+1.8V_ANALOGUE": [1.7985,1.79788,1.79806,1.79781,1.79769,1.79856,1.79794,1.79806,1.79763,1.79825],"X1_POWER_MGTAVTT_S": [0.120688,0.120813,0.120938,0.120688,0.120813,0.12075,0.120688,0.120813,0.120875,0.12075],"X1_POWER_+3.3V": [3.31125,3.31356,3.31456,3.31019,3.304,3.30869,3.31744,3.31613,3.312,3.30856],"X1_POWER_+1.8V": [1.0815,1.19319,1.21344,1.27969,1.34444,1.30206,1.31819,1.29669,1.30956,1.35044],"X1_POWER_MGTVCCAUX_N": [1.79756,1.798,1.79831,1.79781,1.79825,1.79819,1.79775,1.79775,1.79825,1.79825],"X1_POWER_MGTAVCC_N": [0.159313,0.15925,0.159375,0.1595,0.159188,0.159313,0.15925,0.159375,0.15925,0.159438],"X1_POWER_VCCAUX": [0.131313,0.131438,0.131375,0.131438,0.131563,0.131438,0.1315,0.131375,0.131438,0.1315],"X1_POWER_MGTAVTT_N": [0.159438,0.159563,0.159438,0.159563,0.159625,0.159438,0.15925,0.159563,0.1595,0.159625],"X1_POWER_VCCINT": [0.959,0.957688,0.957875,0.958438,0.958313,0.95725,0.958313,0.958688,0.95875,0.958563],"X1_POWER_MGTAVCC_S": [0.122063,0.122063,0.122063,0.121938,0.121938,0.122188,0.122125,0.122,0.122,0.122063],"X1_POWER_MGTVCCAUC_S": [1.798,1.7985,1.79813,1.79825,1.79744,1.798,1.79775,1.79763,1.79713,1.79775],}