{"X1_POWER_+1.8V_ANALOGUE": [1.122,1.164,1.19713,1.221,1.222,1.22606,1.23519,1.25788,1.27294,1.31638],"X1_POWER_MGTAVTT_S": [1.17638,1.26025,1.28775,1.29563,1.27331,1.32838,1.35206,1.32894,1.30944,1.37381],"X1_POWER_+3.3V": [1.11413,1.21281,1.273,1.29531,1.29456,1.30419,1.33194,1.33506,1.34838,1.32088],"X1_POWER_+1.8V": [1.13206,1.19044,1.21031,1.26869,1.29744,1.30325,1.32331,1.31506,1.28281,1.25469],"X1_POWER_MGTVCCAUX_N": [1.19688,1.34931,1.44881,1.52313,1.60169,1.60575,1.61438,1.63838,1.63069,1.69369],"X1_POWER_MGTAVCC_N": [1.14825,1.25294,1.2635,1.28819,1.28875,1.29413,1.31075,1.36175,1.36869,1.40169],"X1_POWER_VCCAUX": [1.13031,1.19488,1.21994,1.21906,1.21606,1.21181,1.27063,1.29356,1.28756,1.27613],"X1_POWER_MGTAVTT_N": [1.12669,1.17669,1.22881,1.24306,1.28406,1.24669,1.29831,1.30506,1.32244,1.29288],"X1_POWER_VCCINT": [1.12456,1.17581,1.23506,1.26594,1.28781,1.24319,1.30113,1.31238,1.27706,1.30031],"X1_POWER_MGTAVCC_S": [1.16238,1.21719,1.23525,1.28975,1.30194,1.35131,1.34581,1.33219,1.36638,1.39356],"X1_POWER_MGTVCCAUC_S": [1.13,1.18088,1.24419,1.26488,1.28231,1.24019,1.29094,1.28713,1.273,1.30138],}